verified,id,group,start,end,name_fr,name_en,wiki_fr,wiki_en,description_fr,description_en,background,foreground,border
true,cultures:africa:lomekwi,cultures-africa,-3300000,-3200000,Lomekwi 3,Lomekwi,https://fr.wikipedia.org/wiki/Lomekwi_3,https://en.wikipedia.org/wiki/Lomekwi,site archéolohique préhistorique,Kenyan archaeological site dated to 3.3 million years ago,oklch(76.9% 0.188 70.08),,
true,cultures:africa:oldowan,cultures-africa,-2600000,-1400000,Oldowayen,Oldowan,https://fr.wikipedia.org/wiki/Oldowayen,https://en.wikipedia.org/wiki/Oldowan,,Archaeological culture,oklch(76.9% 0.188 70.08),,
true,cultures:africa:acheulean,cultures-africa,-1750000,-200000,Acheuléen,Acheulean,https://fr.wikipedia.org/wiki/Acheuléen,https://en.wikipedia.org/wiki/Acheulean,culture préhistorique,Archaeological culture associated with Homo erectus,oklch(76.9% 0.188 70.08),,
true,cultures:africa:lupemban_culture,cultures-africa,-400000,-40000,Lupembien,Lupemban culture,https://fr.wikipedia.org/wiki/Lupembien,https://en.wikipedia.org/wiki/Lupemban_culture,,Ancient Central African culture,oklch(76.9% 0.188 70.08),,
true,cultures:africa:aterian,cultures-africa,-145000,-30000,Atérien,Aterian,https://fr.wikipedia.org/wiki/Atérien,https://en.wikipedia.org/wiki/Aterian,,Archaeological culture,oklch(76.9% 0.188 70.08),,
true,cultures:africa:sangoan,cultures-africa,-300000,-200000,Sangoen,Sangoan,https://fr.wikipedia.org/wiki/Sangoen,https://en.wikipedia.org/wiki/Sangoan,,Prehistoric culture in sub-Saharan Africa,oklch(76.9% 0.188 70.08),,
true,cultures:africa:khormusan,cultures-africa,-42000,-18000,Khormousan,Khormusan,https://en.wikipedia.org/wiki/Khormusan,https://en.wikipedia.org/wiki/Khormusan,,Paleolithic archeological industry in Nubia,oklch(76.9% 0.188 70.08),,
true,cultures:africa:iberomaurusian,cultures-africa,-25000,-10000,Ibéromaurusien,Iberomaurusian,https://fr.wikipedia.org/wiki/Ibéromaurusien,https://en.wikipedia.org/wiki/Iberomaurusian,,Archaeological culture in North Africa,oklch(76.9% 0.188 70.08),,
true,cultures:africa:halfan_culture,cultures-africa,-22500,-15000,Halfan,Halfan culture,https://en.wikipedia.org/wiki/Halfan_culture,https://en.wikipedia.org/wiki/Halfan_culture,,Prehistoric people in the Upper Nile Valley,oklch(76.9% 0.188 70.08),,
true,cultures:africa:qadan_culture,cultures-africa,-15000,-10000,Qadan,Qadan culture,https://en.wikipedia.org/wiki/Qadan_culture,https://en.wikipedia.org/wiki/Qadan_culture,,"Culture in Upper Egypt approximately 15,000 years ago",oklch(76.9% 0.188 70.08),,
true,cultures:africa:mushabian_culture,cultures-africa,-14500,-12500,Mushabien,Mushabian culture,https://en.wikipedia.org/wiki/Mushabian_culture,https://en.wikipedia.org/wiki/Mushabian_culture,,Epipalaeolithic archaeological culture of the southern Levant,oklch(76.9% 0.188 70.08),,
true,cultures:africa:sebilian,cultures-africa,-15000,-12000,Sébilien,Sebilian,https://fr.wikipedia.org/wiki/Sébilien,https://en.wikipedia.org/wiki/Sebilian,,"A pre-historic archaeological culture in Egypt spanning the period c.13,000-10,000 BCE",oklch(76.9% 0.188 70.08),,
true,cultures:africa:eburran_industry,cultures-africa,-13000,1000,Éburrien,Eburran industry,https://fr.wikipedia.org/wiki/Éburrien,https://en.wikipedia.org/wiki/Eburran_industry,culture archéologique du Kenya,13000 BCE East African tool assemblage,oklch(76.9% 0.188 70.08),,
true,cultures:africa:magosian,cultures-africa,-10000,-6000,Magosien,Magosian,https://fr.wikipedia.org/wiki/Magosien,https://en.wikipedia.org/wiki/Magosian,,Archaeological culture in Africa.,oklch(76.9% 0.188 70.08),,
true,cultures:africa:capsian,cultures-africa,-7500,-4000,Capsien,Capsian,https://fr.wikipedia.org/wiki/Capsien,https://en.wikipedia.org/wiki/Capsian,,Culture centered in the Maghreb that lasted from about 9000 to 5400 cal BC,oklch(76.9% 0.188 70.08),,
true,cultures:africa:kiffian_culture,cultures-africa,-7700,-6200,Kiffiens,Kiffian culture,https://fr.wikipedia.org/wiki/Kiffiens,https://en.wikipedia.org/wiki/Kiffian_culture,peuple de chasseurs et éleveurs de l'Afrique néolithique,African Neolithic culture,oklch(76.9% 0.188 70.08),,
true,cultures:africa:prehistoric_egypt#faiyum_a_culture,cultures-africa,-6200,-3100,Prehistoric Egypt,Prehistoric Egypt,https://en.wikipedia.org/wiki/Prehistoric_Egypt#Faiyum_A_culture,https://en.wikipedia.org/wiki/Prehistoric_Egypt#Faiyum_A_culture,,Period before the First Dynasty of Egypt,oklch(76.9% 0.188 70.08),,
true,cultures:africa:tenerian_culture,cultures-africa,-5000,-2500,Culture ténéréenne,Tenerian culture,https://fr.wikipedia.org/wiki/Culture_ténéréenne,https://en.wikipedia.org/wiki/Tenerian_culture,culture préhistorique du Ténéré à l'époque du subpluvial néolithique,African Neolithic culture,oklch(76.9% 0.188 70.08),,
true,cultures:africa:savanna_pastoral_neolithic,cultures-africa,-3000,700,Néolithique pastoral de savane,Savanna Pastoral Neolithic,https://fr.wikipedia.org/wiki/Néolithique_pastoral_de_savane,https://en.wikipedia.org/wiki/Savanna_Pastoral_Neolithic,faciès culturel préhistorique d'Afrique orientale,Archaeological cultures of the Rift Valley of East Africa,oklch(76.9% 0.188 70.08),,
true,cultures:africa:merimde_culture,cultures-africa,-5400,-4500,Culture de Mérimdé,Merimde culture,https://fr.wikipedia.org/wiki/Culture_de_Mérimdé,https://en.wikipedia.org/wiki/Merimde_culture,"village en gouvernorat de Gizeh, Égypte",Archaeological culture,oklch(76.9% 0.188 70.08),,
true,cultures:africa:tasian_culture,cultures-africa,-4600,-4350,Culture tassienne,Tasian culture,https://fr.wikipedia.org/wiki/Der_Tasa,https://en.wikipedia.org/wiki/Tasian_culture,site archéologique,Egyptian Predynastic culture from c. 4500 BC,oklch(76.9% 0.188 70.08),,
true,cultures:africa:badarian_culture,cultures-africa,-5000,-4000,Badari,Badarian culture,https://fr.wikipedia.org/wiki/Badari,https://en.wikipedia.org/wiki/Badarian_culture,site archéologique égyptien.,Prehistoric culture in Upper Egypt,oklch(76.9% 0.188 70.08),,
true,cultures:africa:prehistoric_egypt#el_omari_culture,cultures-africa,-4000,-3100,Culture El Omari,El Omari culture,https://en.wikipedia.org/wiki/Prehistoric_Egypt#El_Omari_culture,https://en.wikipedia.org/wiki/Prehistoric_Egypt#El_Omari_culture,,Period before the First Dynasty of Egypt,oklch(76.9% 0.188 70.08),,
true,cultures:africa:naqada_i,cultures-africa,-3900,-3500,Nagada I,Nagada I,https://fr.wikipedia.org/wiki/Culture_de_Nagada,https://en.wikipedia.org/wiki/Naqada_I,,Archaeological culture of prehistoric Upper Egypt,oklch(76.9% 0.188 70.08),,
true,cultures:africa:maadi-buto_culture,cultures-africa,-3900,-3500,Culture de Maadi-Bouto,Maadi-Buto culture,https://fr.wikipedia.org/wiki/Culture_de_Maadi-Bouto,https://en.wikipedia.org/wiki/Maadi-Buto_culture,,undefined,oklch(76.9% 0.188 70.08),,
true,cultures:africa:a-group_culture,cultures-africa,-3800,-2900,Groupe A,A-Group culture,https://en.wikipedia.org/wiki/A-Group_culture,https://en.wikipedia.org/wiki/A-Group_culture,,Ancient Egyptian culture from the late 4th millennium BC,oklch(76.9% 0.188 70.08),,
true,cultures:africa:naqada_ii,cultures-africa,-3500,-3300,Nagada II,Naqada II,https://fr.wikipedia.org/wiki/Culture_de_Nagada,https://en.wikipedia.org/wiki/Naqada_II,,Archaeological stage in prehistoric Egypt,oklch(76.9% 0.188 70.08),,
true,cultures:africa:naqada_iii,cultures-africa,-3300,-3150,Nagada III,Naqada III,https://fr.wikipedia.org/wiki/Nagada_III,https://en.wikipedia.org/wiki/Naqada_III,dynastie,Last phase of the Naqada culture of ancient Egyptian prehistory,oklch(76.9% 0.188 70.08),,
true,cultures:africa:sheikh_muftah_culture,cultures-africa,-3200,-2000,Sheikh Muftah culture,Sheikh Muftah culture,https://en.wikipedia.org/wiki/Sheikh_Muftah_culture,https://en.wikipedia.org/wiki/Sheikh_Muftah_culture,,Egyptian neolithic culture,oklch(76.9% 0.188 70.08),,
true,cultures:africa:early_dynastic_period_(egypt),cultures-africa,-3150,-2686,Période thinite,Early Dynastic Period (Egypt),https://fr.wikipedia.org/wiki/Période_thinite,https://en.wikipedia.org/wiki/Early_Dynastic_Period_(Egypt),période de l’Égypte ancienne immédiatement après l'unification de la Basse et de la Haute Égypte,"Era after unification, c. 3150–2686 BC",oklch(76.9% 0.188 70.08),,
true,cultures:africa:ancient_egypt,cultures-africa,-3100,-30,Égypte antique,Ancient Egypt,https://fr.wikipedia.org/wiki/Égypte_antique,https://en.wikipedia.org/wiki/Ancient_Egypt,civilisation antique d'Afrique du Nord,Cradle of civilization in Northeast Africa,oklch(76.9% 0.188 70.08),,
true,cultures:africa:gash_group,cultures-africa,-3000,-1800,Gash Group,Gash Group,https://en.wikipedia.org/wiki/Gash_Group,https://en.wikipedia.org/wiki/Gash_Group,,"Neolithic, prehistoric culture",oklch(76.9% 0.188 70.08),,
true,cultures:africa:old_kingdom_of_egypt,cultures-africa,-2700,-2200,Ancien Empire,Old Kingdom of Egypt,https://fr.wikipedia.org/wiki/Ancien_Empire,https://en.wikipedia.org/wiki/Old_Kingdom_of_Egypt,période de 2700 à 2200 avant J.-C. en Égypte ancienne,Period in ancient Egyptian history (c. 2686–2181 BC),oklch(76.9% 0.188 70.08),,
true,cultures:africa:kerma_culture,cultures-africa,-2500,-1500,Culture Kerma,Kerma culture,https://en.wikipedia.org/wiki/Kerma_culture,https://en.wikipedia.org/wiki/Kerma_culture,,Ancient Sudanese kingdom,oklch(76.9% 0.188 70.08),,
true,cultures:africa:land_of_punt,cultures-africa,-2500,-1000,Pays de Pount,Land of Punt,https://fr.wikipedia.org/wiki/Pays_de_Pount,https://en.wikipedia.org/wiki/Land_of_Punt,pays disparu,Ancient trading confederation in the Horn of Africa (2500 BCE – 980 BCE),oklch(76.9% 0.188 70.08),,
true,cultures:africa:kintampo_complex,cultures-africa,-2500,-1400,Culture de Kintampo,Kintampo Complex,https://fr.wikipedia.org/wiki/Culture_de_Kintampo,https://en.wikipedia.org/wiki/Kintampo_Complex,culture néolithique au Ghana,Early West African complex,oklch(76.9% 0.188 70.08),,
true,cultures:africa:c-group_culture,cultures-africa,-2400,-1550,Groupe C,C-Group culture,https://en.wikipedia.org/wiki/C-Group_culture,https://en.wikipedia.org/wiki/C-Group_culture,,C. 2400–1550 BCE Lower Nubian archaeological culture,oklch(76.9% 0.188 70.08),,
true,cultures:africa:dhar_tichitt,cultures-africa,-4000,-300,Dhar Tichitt,Dhar Tichitt,https://en.wikipedia.org/wiki/Dhar_Tichitt,https://en.wikipedia.org/wiki/Dhar_Tichitt,,Neolithic site in Mauritania,oklch(76.9% 0.188 70.08),,
true,cultures:africa:tichitt_tradition,cultures-africa,-2200,-200,Culture Tichitt,Tichitt tradition,https://fr.wikipedia.org/wiki/Culture_Tichitt,https://en.wikipedia.org/wiki/Tichitt_tradition,La Plus ancienne des civilisations d’Afrique de l’Ouest,Earliest West African Civilization,oklch(76.9% 0.188 70.08),,
true,cultures:africa:first_intermediate_period_of_egypt,cultures-africa,-2200,-2030,Première Période intermédiaire,First Intermediate Period of Egypt,https://fr.wikipedia.org/wiki/Première_Période_intermédiaire,https://en.wikipedia.org/wiki/First_Intermediate_Period_of_Egypt,période après l'Ancien Empire,Era of Ancient Egyptian history,oklch(76.9% 0.188 70.08),,
true,cultures:africa:middle_kingdom_of_egypt,cultures-africa,-2055,-1650,Moyen Empire,Middle Kingdom of Egypt,https://fr.wikipedia.org/wiki/Moyen_Empire,https://en.wikipedia.org/wiki/Middle_Kingdom_of_Egypt,période de 2000 à 1700 avant J.-C. en Égypte ancienne,Reunified ancient Egypt (c. 2000-1700 BC),oklch(76.9% 0.188 70.08),,
true,cultures:africa:nilotic_peoples,cultures-africa,-6000,-4000,Peuples nilotiques,Nilotic peoples,https://fr.wikipedia.org/wiki/Peuples_nilotiques,https://en.wikipedia.org/wiki/Nilotic_peoples,peuples indigènes de la vallée du Nil qui parlent des langues nilotiques,Collection of ethnic groups indigenous to Nile Valley in East Africa,oklch(76.9% 0.188 70.08),,
true,cultures:africa:fourteenth_dynasty_of_egypt,cultures-africa,-1700,-1650,XIVe dynastie égyptienne,Fourteenth Dynasty of Egypt,https://fr.wikipedia.org/wiki/XIVe_dynastie_égyptienne,https://en.wikipedia.org/wiki/Fourteenth_Dynasty_of_Egypt,dynastie de l’Égypte antique,Ancient Egyptian dynasty during the Second Intermediate Period,oklch(76.9% 0.188 70.08),,
true,cultures:africa:jebel_mokram_group,cultures-africa,-1800,-1500,Groupe de Jebel Mokram,Jebel Mokram Group,https://en.wikipedia.org/wiki/Jebel_Mokram_Group,https://en.wikipedia.org/wiki/Jebel_Mokram_Group,,African Neolithic culture,oklch(76.9% 0.188 70.08),,
true,cultures:africa:pan-grave_culture,cultures-africa,-1850,-1600,Culture Pan-Grave,Pan-Grave culture,https://en.wikipedia.org/wiki/Pan-Grave_culture,https://en.wikipedia.org/wiki/Pan-Grave_culture,,Middle Nubian archaeological culture,oklch(76.9% 0.188 70.08),,
true,cultures:africa:second_intermediate_period_of_egypt,cultures-africa,-1780,-1550,Deuxième Période intermédiaire,Second Intermediate Period of Egypt,https://fr.wikipedia.org/wiki/Deuxième_Période_intermédiaire,https://en.wikipedia.org/wiki/Second_Intermediate_Period_of_Egypt,,Period of ancient Egyptian history (1700–1550 BC),oklch(76.9% 0.188 70.08),,
true,cultures:africa:fifteenth_dynasty_of_egypt,cultures-africa,-1650,-1550,XVe dynastie égyptienne,Fifteenth Dynasty of Egypt,https://fr.wikipedia.org/wiki/XVe_dynastie_égyptienne,https://en.wikipedia.org/wiki/Fifteenth_Dynasty_of_Egypt,dynastie de l’Égypte antique,Ancient Egyptian dynasty,oklch(76.9% 0.188 70.08),,
true,cultures:africa:abydos_dynasty,cultures-africa,-1650,-1600,Dynastie d'Abydos,Abydos Dynasty,https://fr.wikipedia.org/wiki/Dynastie_d'Abydos,https://en.wikipedia.org/wiki/Abydos_Dynasty,dynastie de l'Égypte antique,Hypothetical Ancient Egyptian dynasty,oklch(76.9% 0.188 70.08),,
true,cultures:africa:sixteenth_dynasty_of_egypt,cultures-africa,-1650,-1600,XVIe dynastie égyptienne,Sixteenth Dynasty of Egypt,https://fr.wikipedia.org/wiki/XVIe_dynastie_égyptienne,https://en.wikipedia.org/wiki/Sixteenth_Dynasty_of_Egypt,dynastie de l’Égypte antique,Ancient Egyptian dynasty,oklch(76.9% 0.188 70.08),,
true,cultures:africa:seventeenth_dynasty_of_egypt,cultures-africa,-1600,-1550,XVIIe dynastie égyptienne,Seventeenth Dynasty of Egypt,https://fr.wikipedia.org/wiki/XVIIe_dynastie_égyptienne,https://en.wikipedia.org/wiki/Seventeenth_Dynasty_of_Egypt,dynastie de la Deuxième Période intermédiaire,Third Dynasty of the Ancient Egyptian Second Intermediate Period,oklch(76.9% 0.188 70.08),,
true,cultures:africa:new_kingdom_of_egypt,cultures-africa,-1580,-1077,Nouvel Empire,New Kingdom of Egypt,https://fr.wikipedia.org/wiki/Nouvel_Empire,https://en.wikipedia.org/wiki/New_Kingdom_of_Egypt,période de 1550 à 1070 avant J.-C. en Égypte ancienne,Period in ancient Egyptian history (c. 1570–1069 BC),oklch(76.9% 0.188 70.08),,
true,cultures:africa:bantu_expansion,cultures-africa,-3000,1500,Expansion bantoue,Bantu expansion,https://fr.wikipedia.org/wiki/Expansion_bantoue,https://en.wikipedia.org/wiki/Bantu_expansion,série de migrations humaines,Postulated millennia-long series of migrations,oklch(76.9% 0.188 70.08),,
true,cultures:africa:nok_culture,cultures-africa,-1500,300,Nok (culture),Nok culture,https://fr.wikipedia.org/wiki/Nok_(culture),https://en.wikipedia.org/wiki/Nok_culture,culture apparue dans le centre du Nigeria vers 1500 av. J.-C.,Ancient civilization of Nigeria,oklch(76.9% 0.188 70.08),,
true,cultures:africa:midianite_pottery,cultures-africa,-1300,-1100,Poterie madianite,Midianite pottery,https://en.wikipedia.org/wiki/Midianite_pottery,https://en.wikipedia.org/wiki/Midianite_pottery,,Type of ancient Middle Eastern pottery,oklch(76.9% 0.188 70.08),,
true,cultures:africa:ancient_libya,cultures-africa,-1200,641,Libye antique,Ancient Libya,https://fr.wikipedia.org/wiki/Libye_antique,https://en.wikipedia.org/wiki/Ancient_Libya,,Region west of the Nile Valley,oklch(76.9% 0.188 70.08),,
true,cultures:africa:kingdom_of_kush,cultures-africa,-780,350,Royaume de Koush,Kingdom of Kush,https://fr.wikipedia.org/wiki/Royaume_de_Koush,https://en.wikipedia.org/wiki/Kingdom_of_Kush,ancien royaume africain,"Ancient kingdom in Nubia, Africa",oklch(76.9% 0.188 70.08),,
true,cultures:africa:third_intermediate_period_of_egypt,cultures-africa,-1069,-664,Troisième Période intermédiaire,Third Intermediate Period of Egypt,https://fr.wikipedia.org/wiki/Troisième_Période_intermédiaire,https://en.wikipedia.org/wiki/Third_Intermediate_Period_of_Egypt,période de l'Égypte Antique,Period of Ancient Egypt (1077–664 BCE),oklch(76.9% 0.188 70.08),,
true,cultures:africa:twenty-first_dynasty_of_egypt,cultures-africa,-1069,-945,XXIe dynastie égyptienne,Twenty-first Dynasty of Egypt,https://fr.wikipedia.org/wiki/XXIe_dynastie_égyptienne,https://en.wikipedia.org/wiki/Twenty-first_Dynasty_of_Egypt,dynastie de l’Égypte antique,Ancient Egyptian dynasty,oklch(76.9% 0.188 70.08),,
true,cultures:africa:ancient_somali_city-states,cultures-africa,-300,600,Ancient Somali city-states,Ancient Somali city-states,https://en.wikipedia.org/wiki/Ancient_Somali_city-states,https://en.wikipedia.org/wiki/Ancient_Somali_city-states,,Ancient city-states of Somalia,oklch(76.9% 0.188 70.08),,
true,cultures:africa:d%ca%bfmt,cultures-africa,-980,-400,D'mt,Dʿmt,https://fr.wikipedia.org/wiki/D'mt,https://en.wikipedia.org/wiki/D%CA%BFmt,ancien pays,c. 980–400 BCE kingdom in Eritrea and fringes of northern Ethiopia,oklch(76.9% 0.188 70.08),,
true,cultures:africa:twenty-second_dynasty_of_egypt,cultures-africa,-943,-716,XXIIe dynastie égyptienne,Twenty-second Dynasty of Egypt,https://fr.wikipedia.org/wiki/XXIIe_dynastie_égyptienne,https://en.wikipedia.org/wiki/Twenty-second_Dynasty_of_Egypt,dynastie de l’Égypte antique,Ancient Egyptian dynasty,oklch(76.9% 0.188 70.08),,
true,cultures:africa:twenty-third_dynasty_of_egypt,cultures-africa,-828,-712,XXIIIe dynastie égyptienne,Twenty-third Dynasty of Egypt,https://fr.wikipedia.org/wiki/XXIIIe_dynastie_égyptienne,https://en.wikipedia.org/wiki/Twenty-third_Dynasty_of_Egypt,dynastie de l’Égypte antique,Ancient Egyptian dynasty,oklch(76.9% 0.188 70.08),,
true,cultures:africa:ancient_carthage,cultures-africa,-814,-146,Civilisation carthaginoise,Ancient Carthage,https://fr.wikipedia.org/wiki/Civilisation_carthaginoise,https://en.wikipedia.org/wiki/Ancient_Carthage,civilisation antique,Phoenician city-state and empire,oklch(76.9% 0.188 70.08),,
true,cultures:africa:twenty-fourth_dynasty_of_egypt,cultures-africa,-740,-712,XXIVe dynastie égyptienne,Twenty-fourth Dynasty of Egypt,https://fr.wikipedia.org/wiki/XXIVe_dynastie_égyptienne,https://en.wikipedia.org/wiki/Twenty-fourth_Dynasty_of_Egypt,dynastie de l’Égypte antique,Ancient Egyptian dynasty,oklch(76.9% 0.188 70.08),,
true,cultures:africa:late_period_of_ancient_egypt,cultures-africa,-664,-332,Basse Époque,Late Period of ancient Egypt,https://fr.wikipedia.org/wiki/Basse_Époque,https://en.wikipedia.org/wiki/Late_Period_of_ancient_Egypt,période de l’Égypte ancienne,Period in ancient Egyptian history (c. 664 BCE–332 BCE),oklch(76.9% 0.188 70.08),,
true,cultures:africa:battiadae,cultures-africa,-632,-440,Battiades,Battiadae,https://fr.wikipedia.org/wiki/Battiades,https://en.wikipedia.org/wiki/Battiadae,dynastie royale de Cyrène,Dynasty of ancient rulers of Cyrene,oklch(76.9% 0.188 70.08),,
true,cultures:africa:sao_civilisation,cultures-africa,-600,1600,Sao (civilisation),Sao civilisation,https://fr.wikipedia.org/wiki/Sao_(civilisation),https://en.wikipedia.org/wiki/Sao_civilisation,ancienne population d'Afrique centrale,Central African civilization,oklch(76.9% 0.188 70.08),,
true,cultures:africa:blemmyes,cultures-africa,-600,700,Blemmyes,Blemmyes,https://fr.wikipedia.org/wiki/Blemmyes,https://en.wikipedia.org/wiki/Blemmyes,peuple nubien,Northeast African people documented in late antiquity,oklch(76.9% 0.188 70.08),,
true,cultures:africa:garamantes,cultures-africa,-500,700,Garamantes,Garamantes,https://fr.wikipedia.org/wiki/Garamantes,https://en.wikipedia.org/wiki/Garamantes,ancien peuple berbère ayant vécu entre la Cyrénaïque et l’Atlas,Ancient North African population,oklch(76.9% 0.188 70.08),,
true,cultures:africa:macrobians,cultures-africa,-500,-400,Macrobies,Macrobians,https://fr.wikipedia.org/wiki/Macrobies,https://en.wikipedia.org/wiki/Macrobians,peuple légendaire,Legendary people,oklch(76.9% 0.188 70.08),,
true,cultures:africa:nasamones,cultures-africa,-500,500,Nasamons,Nasamones,https://fr.wikipedia.org/wiki/Nasamons,https://en.wikipedia.org/wiki/Nasamones,,Nomadic Berber tribe,oklch(76.9% 0.188 70.08),,
true,cultures:africa:massylii,cultures-africa,-400,-200,Massyles,Massylii,https://fr.wikipedia.org/wiki/Massyles,https://en.wikipedia.org/wiki/Massylii,,Berber federation in eastern Numidia,oklch(76.9% 0.188 70.08),,
true,cultures:africa:ptolemaic_kingdom,cultures-africa,-305,-30,Royaume lagide,Ptolemaic Kingdom,https://fr.wikipedia.org/wiki/Royaume_lagide,https://en.wikipedia.org/wiki/Ptolemaic_Kingdom,royaume hellénistique en actuelle Égypte,Hellenistic-era Greek state in Egypt (305–30 BC),oklch(76.9% 0.188 70.08),,
true,cultures:africa:senegambian_stone_circles,cultures-africa,600,1400,Cercles mégalithiques de Sénégambie,Senegambian stone circles,https://fr.wikipedia.org/wiki/Cercles_mégalithiques_de_Sénégambie,https://en.wikipedia.org/wiki/Senegambian_stone_circles,concentration de cercles mégalithiques au Sénégal et en Gambie,Archaeological site in Senegal and the Gambia,oklch(76.9% 0.188 70.08),,
true,cultures:africa:djenn%c3%a9-djenno,cultures-africa,-300,1300,Djenné-Djeno,Djenné-Djenno,https://fr.wikipedia.org/wiki/Djenné-Djeno,https://en.wikipedia.org/wiki/Djenn%C3%A9-Djenno,,"Historic site in Djenné Cercle, Mali",oklch(76.9% 0.188 70.08),,
true,cultures:africa:mauretania,cultures-africa,-200,44,Royaume de Maurétanie,Mauretania,https://fr.wikipedia.org/wiki/Royaume_de_Maurétanie,https://en.wikipedia.org/wiki/Mauretania,ancien royaume berbère d'Afrique du Nord,Region in the ancient Maghreb,oklch(76.9% 0.188 70.08),,
true,cultures:africa:numidia,cultures-africa,-202,-40,Royaume de Numidie,Numidia,https://fr.wikipedia.org/wiki/Royaume_de_Numidie,https://en.wikipedia.org/wiki/Numidia,ancien royaume berbère d'Afrique du Nord,Berber kingdom in North Africa from 202 BC to 46 AD,oklch(76.9% 0.188 70.08),,
true,cultures:africa:pre-colonial_history_of_the_canary_islands#society,cultures-africa,-1000,1400,Pre-colonial history of the Canary Islands,Pre-colonial history of the Canary Islands,https://en.wikipedia.org/wiki/Pre-colonial_history_of_the_Canary_Islands#Society,https://en.wikipedia.org/wiki/Pre-colonial_history_of_the_Canary_Islands#Society,,,oklch(76.9% 0.188 70.08),,
true,cultures:africa:kingdom_of_aksum,cultures-africa,-80,960,Royaume d'Aksoum,Kingdom of Aksum,https://fr.wikipedia.org/wiki/Royaume_d'Aksoum,https://en.wikipedia.org/wiki/Kingdom_of_Aksum,ancienne nation commerçante dans la région de l'Érythrée et du nord de l'Éthiopie (IVe siècle av. J.-C-Xe siècle),Polity in Africa and Arabia before 960,oklch(76.9% 0.188 70.08),,
true,cultures:africa:igodomigodo,cultures-africa,900,1180,Igodomigodo,Igodomigodo,https://en.wikipedia.org/wiki/Igodomigodo,https://en.wikipedia.org/wiki/Igodomigodo,,Name of the Ancient Benin Empire,oklch(76.9% 0.188 70.08),,
true,cultures:africa:bura_culture,cultures-africa,-1200,300,Culture de Bura,Bura culture,https://en.wikipedia.org/wiki/Bura_culture,https://en.wikipedia.org/wiki/Bura_culture,,undefined,oklch(76.9% 0.188 70.08),,
true,cultures:africa:laguatan,cultures-africa,240,700,Laguatan,Laguatan,https://fr.wikipedia.org/wiki/Laguatan,https://en.wikipedia.org/wiki/Laguatan,confédération tribale berbère,undefined,oklch(76.9% 0.188 70.08),,
true,cultures:africa:ghana_empire,cultures-africa,300,1100,Empire du Ghana,Ghana Empire,https://fr.wikipedia.org/wiki/Empire_du_Ghana,https://en.wikipedia.org/wiki/Ghana_Empire,ancien pays,Empire in West Africa from c. 200s to c. 1200s,oklch(76.9% 0.188 70.08),,
true,cultures:africa:m%c3%a9ma,cultures-africa,700,1450,Méma,Méma,https://fr.wikipedia.org/wiki/Méma,https://en.wikipedia.org/wiki/M%C3%A9ma,région du Mali,Region and former country in present-day Mali,oklch(76.9% 0.188 70.08),,
true,cultures:africa:elmenteitan,cultures-africa,-1300,800,Elmenteitien,Elmenteitan,https://fr.wikipedia.org/wiki/Elmenteitien,https://en.wikipedia.org/wiki/Elmenteitan,culture archéologique du Kenya,African Pastoral Neolithic culture,oklch(76.9% 0.188 70.08),,
true,cultures:africa:makuria,cultures-africa,400,1400,Makurie,Makuria,https://fr.wikipedia.org/wiki/Makurie,https://en.wikipedia.org/wiki/Makuria,ancien État,Medieval kingdom in Lower Nubia,oklch(76.9% 0.188 70.08),,
true,cultures:africa:nobatia,cultures-africa,400,650,Nobatie,Nobatia,https://fr.wikipedia.org/wiki/Nobatie,https://en.wikipedia.org/wiki/Nobatia,,Medieval kingdom in Lower Nubia,oklch(76.9% 0.188 70.08),,
true,cultures:africa:kingdom_of_capsus,cultures-africa,440,535,Royaume de Capsus,Kingdom of Capsus,https://fr.wikipedia.org/wiki/Royaume_de_Capsus,https://en.wikipedia.org/wiki/Kingdom_of_Capsus,,Romano-Berber kingdom in North Africa,oklch(76.9% 0.188 70.08),,
true,cultures:africa:kingdom_of_ouarsenis,cultures-africa,430,535,Royaume du Ouarsenis,Kingdom of Ouarsenis,https://fr.wikipedia.org/wiki/Royaume_du_Ouarsenis,https://en.wikipedia.org/wiki/Kingdom_of_Ouarsenis,,Romano-Berber kingdom,oklch(76.9% 0.188 70.08),,
true,cultures:africa:vandal_kingdom,cultures-africa,435,534,Royaume vandale,Vandal Kingdom,https://fr.wikipedia.org/wiki/Royaume_vandale,https://en.wikipedia.org/wiki/Vandal_Kingdom,royaume ayant existé en Afrique du Nord de 435 à 534,Germanic Kingdom in North Africa,oklch(76.9% 0.188 70.08),,
true,cultures:africa:kingdom_of_the_aur%c3%a8s,cultures-africa,477,703,Royaume de l'Aurès,Kingdom of the Aurès,https://fr.wikipedia.org/wiki/Royaume_de_l'Aurès,https://en.wikipedia.org/wiki/Kingdom_of_the_Aur%C3%A8s,royaume berbère,Government in North Africa,oklch(76.9% 0.188 70.08),,
true,cultures:africa:mauro-roman_kingdom,cultures-africa,429,578,Royaume des Maures et des Romains,Mauro-Roman Kingdom,https://fr.wikipedia.org/wiki/Royaume_des_Maures_et_des_Romains,https://en.wikipedia.org/wiki/Mauro-Roman_Kingdom,royaume d'Afrique du Nord durant l'Antiquité tardive,Early medieval Christian Romano-Berber state,oklch(76.9% 0.188 70.08),,
true,cultures:africa:harla_kingdom,cultures-africa,500,1500,Harla kingdom,Harla kingdom,https://en.wikipedia.org/wiki/Harla_kingdom,https://en.wikipedia.org/wiki/Harla_kingdom,,Middle-Age state in modern eastern Ethiopia,oklch(76.9% 0.188 70.08),,
true,cultures:africa:vazimba,cultures-africa,-350,1500,Vazimbas,Vazimba,https://fr.wikipedia.org/wiki/Vazimbas,https://en.wikipedia.org/wiki/Vazimba,Premiers habitants de Madagascar,First inhabitants of Madagascar,oklch(76.9% 0.188 70.08),,
true,cultures:africa:kingdom_of_altava,cultures-africa,578,708,Royaume d'Altava,Kingdom of Altava,https://fr.wikipedia.org/wiki/Royaume_d'Altava,https://en.wikipedia.org/wiki/Kingdom_of_Altava,,Kingdom in present-day Algeria,oklch(76.9% 0.188 70.08),,
true,cultures:africa:beja_kingdoms,cultures-africa,600,1200,Royaumes beja,Beja kingdoms,https://en.wikipedia.org/wiki/Beja_kingdoms,https://en.wikipedia.org/wiki/Beja_kingdoms,,Medieval Kingdoms,oklch(76.9% 0.188 70.08),,
true,cultures:africa:kanem%e2%80%93bornu_empire,cultures-africa,700,1900,Royaume du Kanem-Bornou,Kanem–Bornu Empire,https://fr.wikipedia.org/wiki/Royaume_du_Kanem-Bornou,https://en.wikipedia.org/wiki/Kanem%E2%80%93Bornu_Empire,ancien pays du 16ème siècle à 1900,"Empire around Lake Chad, Africa, c. 700–1902",oklch(76.9% 0.188 70.08),,
true,cultures:africa:alodia,cultures-africa,500,1504,Royaume d'Alodie,Alodia,https://fr.wikipedia.org/wiki/Royaume_d'Alodie,https://en.wikipedia.org/wiki/Alodia,ancien État,Medieval kingdom in Upper Nubia,oklch(76.9% 0.188 70.08),,
true,cultures:africa:kingdom_of_diarra,cultures-africa,700,1860,Royaume de Diarra,Kingdom of Diarra,https://fr.wikipedia.org/wiki/Royaume_de_Diarra,https://en.wikipedia.org/wiki/Kingdom_of_Diarra,,"Kingdom in Mali, 1054 to 1860",oklch(76.9% 0.188 70.08),,
true,cultures:africa:emirate_of_nekor,cultures-africa,710,1019,Émirat de Nekor,Emirate of Nekor,https://fr.wikipedia.org/wiki/Émirat_de_Nekor,https://en.wikipedia.org/wiki/Emirate_of_Nekor,,Historical Arab state,oklch(76.9% 0.188 70.08),,
true,cultures:africa:barghawata,cultures-africa,744,1058,Berghouata,Barghawata,https://fr.wikipedia.org/wiki/Berghouata,https://en.wikipedia.org/wiki/Barghawata,confédération tribale berbère,Berber tribal confederation in Morocco,oklch(76.9% 0.188 70.08),,
true,cultures:africa:emirate_of_tlemcen,cultures-africa,757,790,Royaume sufrite de Tlemcen,Emirate of Tlemcen,https://fr.wikipedia.org/wiki/Royaume_sufrite_de_Tlemcen,https://en.wikipedia.org/wiki/Emirate_of_Tlemcen,,Eighth century state in modern Algeria,oklch(76.9% 0.188 70.08),,
true,cultures:africa:rustamid_dynasty,cultures-africa,777,909,Rostémides,Rustamid dynasty,https://fr.wikipedia.org/wiki/Rostémides,https://en.wikipedia.org/wiki/Rustamid_dynasty,dynastie ibadite ayant régné au Maghreb du VIIIe au Xe siècle,Ibadi ruling house in Algeria (777–909),oklch(76.9% 0.188 70.08),,
true,cultures:africa:idrisid_dynasty,cultures-africa,788,974,Idrissides,Idrisid dynasty,https://fr.wikipedia.org/wiki/Idrissides,https://en.wikipedia.org/wiki/Idrisid_dynasty,dynastie arabo-musulmane qui a régné sur une partie du Maroc actuel et certaines parties de l'ouest de l'Algérie,788–974 Arab dynasty ruling in the western Maghreb,oklch(76.9% 0.188 70.08),,
true,cultures:africa:aghlabid_dynasty,cultures-africa,800,909,Aghlabides,Aghlabid dynasty,https://fr.wikipedia.org/wiki/Aghlabides,https://en.wikipedia.org/wiki/Aghlabid_dynasty,dynastie,800–909 Arab dynasty of North Africa and South Italy,oklch(76.9% 0.188 70.08),,
true,cultures:africa:swahili_city-states,cultures-africa,800,1500,Swahili city-states,Swahili city-states,https://en.wikipedia.org/wiki/Swahili_city-states,https://en.wikipedia.org/wiki/Swahili_city-states,,African coast self-governing urban centres,oklch(76.9% 0.188 70.08),,
true,cultures:africa:gao_empire,cultures-africa,600,1464,Empire de Gao,Gao Empire,https://fr.wikipedia.org/wiki/Empire_de_Gao,https://en.wikipedia.org/wiki/Gao_Empire,ancien pays,"Country in west Africa, 8th–13th centuries",oklch(76.9% 0.188 70.08),,
true,cultures:africa:sulaymanid_dynasty,cultures-africa,786,953,Dynastie sulaymanide (Afrique du nord),Sulaymanid dynasty,https://fr.wikipedia.org/wiki/Dynastie_sulaymanide_(Afrique_du_nord),https://en.wikipedia.org/wiki/Sulaymanid_dynasty,dynastie musulmane de souche arabe chérifienne qui gouverne dans l'Algérie occidentale,Arab Muslim dynasty of Algeria,oklch(76.9% 0.188 70.08),,
true,cultures:africa:emirate_of_banu_talis,cultures-africa,1228,1551,Emirate of Banu Talis,Emirate of Banu Talis,https://en.wikipedia.org/wiki/Emirate_of_Banu_Talis,https://en.wikipedia.org/wiki/Emirate_of_Banu_Talis,,Hawwara dynasty,oklch(76.9% 0.188 70.08),,
true,cultures:africa:tulunids,cultures-africa,868,905,Toulounides,Tulunids,https://fr.wikipedia.org/wiki/Toulounides,https://en.wikipedia.org/wiki/Tulunids,,Mamluk dynasty in Egypt and Syria (868–905),oklch(76.9% 0.188 70.08),,
true,cultures:africa:sultanate_of_shewa,cultures-africa,896,1285,Sultanat du Choa,Sultanate of Shewa,https://fr.wikipedia.org/wiki/Sultanat_du_Choa,https://en.wikipedia.org/wiki/Sultanate_of_Shewa,royaume musulman (896-1285),896–1286 Muslim kingdom in modern Ethiopia,oklch(76.9% 0.188 70.08),,
true,cultures:africa:tunni_sultanate,cultures-africa,800,1200,Sultanat Tunni,Tunni Sultanate,https://en.wikipedia.org/wiki/Tunni_Sultanate,https://en.wikipedia.org/wiki/Tunni_Sultanate,,undefined,oklch(76.9% 0.188 70.08),,
true,cultures:africa:sultanate_of_mogadishu,cultures-africa,900,1500,Sultanat de Mogadiscio,Sultanate of Mogadishu,https://fr.wikipedia.org/wiki/Sultanat_de_Mogadiscio,https://en.wikipedia.org/wiki/Sultanate_of_Mogadishu,,Medieval Somali sultanate,oklch(76.9% 0.188 70.08),,
true,cultures:africa:kingdom_of_nri,cultures-africa,800,1912,Royaume de Nri,Kingdom of Nri,https://fr.wikipedia.org/wiki/Royaume_de_Nri,https://en.wikipedia.org/wiki/Kingdom_of_Nri,,Ancient African kingdom,oklch(76.9% 0.188 70.08),,
true,cultures:africa:fatimid_caliphate,cultures-africa,909,1171,Califat fatimide,Fatimid Caliphate,https://fr.wikipedia.org/wiki/Califat_fatimide,https://en.wikipedia.org/wiki/Fatimid_Caliphate,Califat islamique chiite (909–1171),Fourth Islamic caliphate (909–1171),oklch(76.9% 0.188 70.08),,
true,cultures:africa:banu_khattab,cultures-africa,918,1177,Banu Khattab,Banu Khattab,https://en.wikipedia.org/wiki/Banu_Khattab,https://en.wikipedia.org/wiki/Banu_Khattab,,undefined,oklch(76.9% 0.188 70.08),,
true,cultures:africa:ikhshidid_dynasty,cultures-africa,935,969,Ikhchidides,Ikhshidid dynasty,https://fr.wikipedia.org/wiki/Ikhchidides,https://en.wikipedia.org/wiki/Ikhshidid_dynasty,,Turkic mamluk dynasty (935–969),oklch(76.9% 0.188 70.08),,
true,cultures:africa:kilwa_sultanate,cultures-africa,957,1513,Sultanat de Kilwa,Kilwa Sultanate,https://fr.wikipedia.org/wiki/Sultanat_de_Kilwa,https://en.wikipedia.org/wiki/Kilwa_Sultanate,ancien sultanat de l'Afrique de l'Est,Swahili sultanate (957–1513),oklch(76.9% 0.188 70.08),,
true,cultures:africa:maghrawa,cultures-africa,700,1050,Maghraouas,Maghrawa,https://fr.wikipedia.org/wiki/Maghraouas,https://en.wikipedia.org/wiki/Maghrawa,conféderation tribale berbère zénète,Berber confederation in 10th–11th centuries,oklch(76.9% 0.188 70.08),,
true,cultures:africa:zirid_dynasty,cultures-africa,973,1148,Zirides,Zirid dynasty,https://fr.wikipedia.org/wiki/Zirides,https://en.wikipedia.org/wiki/Zirid_dynasty,dynastie berbère sanhadjienne,Sanhaja Berber dynasty,oklch(76.9% 0.188 70.08),,
true,cultures:africa:empire_of_kitara-1,cultures-africa,1200,1500,Empire du Kitara,Empire of Kitara,https://fr.wikipedia.org/wiki/Empire_du_Kitara,https://en.wikipedia.org/wiki/Empire_of_Kitara,empire africain fréquemment évoqué dans les traditions orales de la région des Grands Lacs,Legendary empire in the African Great Lakes region,oklch(76.9% 0.188 70.08),,
true,cultures:africa:hausa_kingdoms,cultures-africa,1000,1804,Royaumes haoussa,Hausa Kingdoms,https://fr.wikipedia.org/wiki/Royaumes_haoussa,https://en.wikipedia.org/wiki/Hausa_Kingdoms,ancien pays,Collection of states started by the Hausa people,oklch(76.9% 0.188 70.08),,
true,cultures:africa:gobir,cultures-africa,1000,1808,Gobir,Gobir,https://fr.wikipedia.org/wiki/Gobir,https://en.wikipedia.org/wiki/Gobir,ancienne Cité-Etat d'Afrique de l'Ouest,Hausa kingdom,oklch(76.9% 0.188 70.08),,
true,cultures:africa:banu_kanz,cultures-africa,943,1365,Banu Kanz,Banu Kanz,https://fr.wikipedia.org/wiki/Banu_Kanz,https://en.wikipedia.org/wiki/Banu_Kanz,,Arabic Muslim dynasty (943–1365),oklch(76.9% 0.188 70.08),,
true,cultures:africa:banu_khazrun,cultures-africa,1001,1146,Banou Khazar,Banu Khazrun,https://fr.wikipedia.org/wiki/Banou_Khazar,https://en.wikipedia.org/wiki/Banu_Khazrun,famille princière des Maghraouas,"Former ruling dynasty in Tripoli, Libya",oklch(76.9% 0.188 70.08),,
true,cultures:africa:hammadid_dynasty,cultures-africa,1007,1152,Hammadides,Hammadid dynasty,https://fr.wikipedia.org/wiki/Hammadides,https://en.wikipedia.org/wiki/Hammadid_dynasty,dynastie berbère sanhadjienne,Berber dynasty in north Africa,oklch(76.9% 0.188 70.08),,
true,cultures:africa:almoravid_dynasty,cultures-africa,1040,1147,Almoravides,Almoravid dynasty,https://fr.wikipedia.org/wiki/Almoravides,https://en.wikipedia.org/wiki/Almoravid_dynasty,Dynastie berbère qui régnait autrefois sur Al-Andalus et le Maghreb,1040–1147 Berber dynasty in west Africa and Iberia,oklch(76.9% 0.188 70.08),,
true,cultures:africa:banu_khurasan,cultures-africa,1058,1159,Khourassanides,Banu Khurasan,https://fr.wikipedia.org/wiki/Khourassanides,https://en.wikipedia.org/wiki/Banu_Khurasan,dynastie,undefined,oklch(76.9% 0.188 70.08),,
true,cultures:africa:kingdom_of_mapungubwe,cultures-africa,1220,1300,Royaume de Mapungubwe,Kingdom of Mapungubwe,https://fr.wikipedia.org/wiki/Royaume_de_Mapungubwe,https://en.wikipedia.org/wiki/Kingdom_of_Mapungubwe,,"Ancient kingdom in the Limpopo-Shashe Basin, northern South Africa",oklch(76.9% 0.188 70.08),,
true,cultures:africa:sultanate_of_dahlak,cultures-africa,960,1557,Sultanat de Dahlak,Sultanate of Dahlak,https://fr.wikipedia.org/wiki/Sultanat_de_Dahlak,https://en.wikipedia.org/wiki/Sultanate_of_Dahlak,,Small medieval kingdom covering the Dahlak Archipelago in East Africa,oklch(76.9% 0.188 70.08),,
true,cultures:africa:daju_kingdom,cultures-africa,1100,1400,Royaume Dadjo,Daju kingdom,https://fr.wikipedia.org/wiki/Royaume_Dadjo,https://en.wikipedia.org/wiki/Daju_kingdom,,Medieval monarchy that existed in Darfur (Sudan),oklch(76.9% 0.188 70.08),,
true,cultures:africa:malindi_kingdom,cultures-africa,1200,1400,Royaume de Malindi,Malindi Kingdom,https://en.wikipedia.org/wiki/Malindi_Kingdom,https://en.wikipedia.org/wiki/Malindi_Kingdom,,Bantu civilization in eastern Africa,oklch(76.9% 0.188 70.08),,
true,cultures:africa:kingdom_of_damot,cultures-africa,1000,1500,Royaume de Damot,Kingdom of Damot,https://fr.wikipedia.org/wiki/Royaume_de_Damot,https://en.wikipedia.org/wiki/Kingdom_of_Damot,,Medieval kingdom in southern Ethiopia from 900 to 1317,oklch(76.9% 0.188 70.08),,
true,cultures:africa:almohad_caliphate,cultures-africa,1121,1269,Empire almohade,Almohad Caliphate,https://fr.wikipedia.org/wiki/Empire_almohade,https://en.wikipedia.org/wiki/Almohad_Caliphate,Empire berbère régnant sur le Maghreb et Al-Andalus (1121 – 1269),1121–1269 Berber empire in North Africa and Iberia,oklch(76.9% 0.188 70.08),,
true,cultures:africa:zagwe_dynasty,cultures-africa,1137,1270,Zagwés,Zagwe dynasty,https://fr.wikipedia.org/wiki/Zagwés,https://en.wikipedia.org/wiki/Zagwe_dynasty,,Kingdom in northern Ethiopia and Eritrea (1137–1270),oklch(76.9% 0.188 70.08),,
true,cultures:africa:banu_ghaniya,cultures-africa,1126,1202,Beni Ghania,Banu Ghaniya,https://fr.wikipedia.org/wiki/Beni_Ghania,https://en.wikipedia.org/wiki/Banu_Ghaniya,,Sanhaja Berber dynasty,oklch(76.9% 0.188 70.08),,
true,cultures:africa:ayyubid_dynasty,cultures-africa,1171,1260,Ayyoubides,Ayyubid dynasty,https://fr.wikipedia.org/wiki/Ayyoubides,https://en.wikipedia.org/wiki/Ayyubid_dynasty,dynastie musulmane kurde de Saladin qui a fondé le sultanat médiéval ayyubid (1171-1341),Sultanate in Egypt and Levant from 1174 to 1341,oklch(76.9% 0.188 70.08),,
true,cultures:africa:sosso_empire,cultures-africa,1200,1235,Royaume de Sosso,Sosso Empire,https://fr.wikipedia.org/wiki/Royaume_de_Sosso,https://en.wikipedia.org/wiki/Sosso_Empire,royaume d'Afrique de l'Ouest au XIIe siècle,12th century kingdom in West Africa,oklch(76.9% 0.188 70.08),,
true,cultures:africa:kingdom_of_benin,cultures-africa,1180,1897,Royaume du Bénin,Kingdom of Benin,https://fr.wikipedia.org/wiki/Royaume_du_Bénin,https://en.wikipedia.org/wiki/Kingdom_of_Benin,ancien royaume africain situé dans l'actuel Nigeria,West African kingdom (1180–1897),oklch(76.9% 0.188 70.08),,
true,cultures:africa:sultanate_of_arababni,cultures-africa,1100,1500,Sultanat d'Arababni,Sultanate of Arababni,https://en.wikipedia.org/wiki/Sultanate_of_Arababni,https://en.wikipedia.org/wiki/Sultanate_of_Arababni,,Medieval Gurage based Muslim sultanate in the Horn of Africa,oklch(76.9% 0.188 70.08),,
true,cultures:africa:dawaro,cultures-africa,1200,1500,Daouaro,Dawaro,https://fr.wikipedia.org/wiki/Daouaro,https://en.wikipedia.org/wiki/Dawaro,,Medieval province in the Horn of Africa,oklch(76.9% 0.188 70.08),,
true,cultures:africa:ajuran_sultanate,cultures-africa,1200,1600,Sultanat Ajuran,Ajuran Sultanate,https://fr.wikipedia.org/wiki/Sultanat_Ajuran,https://en.wikipedia.org/wiki/Ajuran_Sultanate,ancien état musulman somali,Muslim sultanate in the Horn of Africa,oklch(76.9% 0.188 70.08),,
true,cultures:africa:kingdom_of_zazzau,cultures-africa,1010,1902,Zazzau,Kingdom of Zazzau,https://fr.wikipedia.org/wiki/Zazzau,https://en.wikipedia.org/wiki/Kingdom_of_Zazzau,"émirat traditionnel nigérian dont le siège est à Zaria, dans l'État de Kaduna",Pre-colonial Hausa kingdom in Nigeria,oklch(76.9% 0.188 70.08),,
true,cultures:africa:mossi_kingdoms,cultures-africa,1100,1896,Royaumes Mossi,Mossi Kingdoms,https://fr.wikipedia.org/wiki/Royaumes_Mossi,https://en.wikipedia.org/wiki/Mossi_Kingdoms,évolution des royaumes mossi,Historical kingdoms in modern-day Burkina Faso,oklch(76.9% 0.188 70.08),,
true,cultures:africa:kingdom_of_wuli,cultures-africa,1200,1894,Royaume du Wuli,Kingdom of Wuli,https://fr.wikipedia.org/wiki/Royaume_du_Wuli,https://en.wikipedia.org/wiki/Kingdom_of_Wuli,,Former country in present-day Gambia,oklch(76.9% 0.188 70.08),,
true,cultures:africa:kombo,cultures-africa,1271,1875,Royaume de Kombo,Kombo,https://fr.wikipedia.org/wiki/Royaume_de_Kombo,https://en.wikipedia.org/wiki/Kombo,ancien pays,Traditional kingdom of Gambia,oklch(76.9% 0.188 70.08),,
true,cultures:africa:kingdom_of_great_zimbabwe,cultures-africa,1200,1500,Grand Zimbabwe,Kingdom of Great Zimbabwe,https://fr.wikipedia.org/wiki/Grand_Zimbabwe,https://en.wikipedia.org/wiki/Kingdom_of_Great_Zimbabwe,,Ancient/medieval kingdom in Southern Africa,oklch(76.9% 0.188 70.08),,
true,cultures:africa:hafsid_dynasty,cultures-africa,1229,1574,Sultanat hafside de Tunis,Hafsid dynasty,https://fr.wikipedia.org/wiki/Sultanat_hafside_de_Tunis,https://en.wikipedia.org/wiki/Hafsid_dynasty,dynastie musulmane sunnite en Afrique du Nord,1229–1574 Sunni Berber dynasty in North Africa,oklch(76.9% 0.188 70.08),,
true,cultures:africa:d%c3%b4,cultures-africa,1000,1700,Do (coalition),Dô,https://fr.wikipedia.org/wiki/Do_(coalition),https://en.wikipedia.org/wiki/D%C3%B4,,undefined,oklch(76.9% 0.188 70.08),,
true,cultures:africa:kingdom_of_tlemcen,cultures-africa,1235,1556,Sultanat zianide,Kingdom of Tlemcen,https://fr.wikipedia.org/wiki/Sultanat_zianide,https://en.wikipedia.org/wiki/Kingdom_of_Tlemcen,royaume berbère établi en Algérie entre le XIIIe et le XVIe siècle,Berber kingdom in Algeria (1235–1554),oklch(76.9% 0.188 70.08),,
true,cultures:africa:mali_empire,cultures-africa,1250,1610,Empire du Mali,Mali Empire,https://fr.wikipedia.org/wiki/Empire_du_Mali,https://en.wikipedia.org/wiki/Mali_Empire,État africain médiéval en Afrique de l'Ouest (1235-1670),Empire in West Africa from c. 1226 to 1610,oklch(76.9% 0.188 70.08),,
true,cultures:africa:kingdom_of_niani,cultures-africa,1300,1888,Royaume de Niani,Kingdom of Niani,https://fr.wikipedia.org/wiki/Royaume_de_Niani,https://en.wikipedia.org/wiki/Kingdom_of_Niani,royaume mandingue situé sur la rive nord du fleuve Gambie,Former country in present-day Gambia and Senegal,oklch(76.9% 0.188 70.08),,
true,cultures:africa:hadiya_(historical_region),cultures-africa,1240,1893,Hadiya (royaume),Hadiya (historical region),https://fr.wikipedia.org/wiki/Hadiya_(royaume),https://en.wikipedia.org/wiki/Hadiya_(historical_region),,Medieval kingdom in southwestern Ethiopia,oklch(76.9% 0.188 70.08),,
true,cultures:africa:marinid_dynasty,cultures-africa,1244,1465,Sultanat mérinide,Marinid dynasty,https://fr.wikipedia.org/wiki/Sultanat_mérinide,https://en.wikipedia.org/wiki/Marinid_dynasty,dynastie musulmane d’origine berbère (1244-1465),"Berber / Amazigh Muslim dynasty, 1244–1465",oklch(76.9% 0.188 70.08),,
true,cultures:africa:mamluk_sultanate,cultures-africa,1250,1517,Sultanat mamelouk d'Égypte,Mamluk Sultanate,https://fr.wikipedia.org/wiki/Sultanat_mamelouk_d'Égypte,https://en.wikipedia.org/wiki/Mamluk_Sultanate,"royaume médiéval qui s'étendait sur l'Égypte, le Levant et le Hedjaz","State in Egypt, Hejaz and the Levant (1250–1517)",oklch(76.9% 0.188 70.08),,
true,cultures:africa:bahri_mamluks,cultures-africa,1250,1382,Baharites,Bahri Mamluks,https://fr.wikipedia.org/wiki/Baharites,https://en.wikipedia.org/wiki/Bahri_Mamluks,,Egyptian dynasty (1250–1382),oklch(76.9% 0.188 70.08),,
true,cultures:africa:kingdom_of_wolaita,cultures-africa,1251,1894,Royaume de Wolaita,Kingdom of Wolaita,https://en.wikipedia.org/wiki/Kingdom_of_Wolaita,https://en.wikipedia.org/wiki/Kingdom_of_Wolaita,,1251–1894 kingdom in southern Ethiopia,oklch(76.9% 0.188 70.08),,
true,cultures:africa:ethiopian_empire,cultures-africa,990,1975,Empire éthiopien,Ethiopian Empire,https://fr.wikipedia.org/wiki/Empire_éthiopien,https://en.wikipedia.org/wiki/Ethiopian_Empire,ancien État (1270–1974),1270–1974 state in the Horn of Africa,oklch(76.9% 0.188 70.08),,
true,cultures:africa:kingdom_of_al-abwab,cultures-africa,1200,1500,Royaume d'al-Abwab,Kingdom of al-Abwab,https://fr.wikipedia.org/wiki/Royaume_d'al-Abwab,https://en.wikipedia.org/wiki/Kingdom_of_al-Abwab,ancien pays,Medieval Nubian kingdom,oklch(76.9% 0.188 70.08),,
true,cultures:africa:banu_makki,cultures-africa,1200,1394,Banu Makki,Banu Makki,https://en.wikipedia.org/wiki/Banu_Makki,https://en.wikipedia.org/wiki/Banu_Makki,,undefined,oklch(76.9% 0.188 70.08),,
true,cultures:africa:banu_thabit,cultures-africa,1324,1401,Aït Thabit,Banu Thabit,https://fr.wikipedia.org/wiki/Aït_Thabit,https://en.wikipedia.org/wiki/Banu_Thabit,,"Dynasty in 14th-century Tripoli, Libya",oklch(76.9% 0.188 70.08),,
true,cultures:africa:hafsids_of_b%c3%a9ja%c3%afa,cultures-africa,1285,1510,Sultanat de Béjaïa,Hafsids of Béjaïa,https://fr.wikipedia.org/wiki/Sultanat_de_Béjaïa,https://en.wikipedia.org/wiki/Hafsids_of_B%C3%A9ja%C3%AFa,,1285–1510 Sunni Berber dynasty of North Africa,oklch(76.9% 0.188 70.08),,
true,cultures:africa:hubat,cultures-africa,1285,1500,Hubat,Hubat,https://en.wikipedia.org/wiki/Hubat,https://en.wikipedia.org/wiki/Hubat,,Historic state in modern Ethiopia,oklch(76.9% 0.188 70.08),,
true,cultures:africa:sultanate_of_ifat,cultures-africa,1285,1415,Sultanat d'Ifat,Sultanate of Ifat,https://fr.wikipedia.org/wiki/Sultanat_d'Ifat,https://en.wikipedia.org/wiki/Sultanate_of_Ifat,ancien pays,1275–1415 Muslim state in the Horn of Africa,oklch(76.9% 0.188 70.08),,
true,cultures:africa:waalo,cultures-africa,1287,1855,Waalo,Waalo,https://fr.wikipedia.org/wiki/Waalo,https://en.wikipedia.org/wiki/Waalo,"ancien royaume issu de l'éclatement de l'empire wolof du Djolof au XVIe siècle, nord du Sénégal",Former kingdom in West Africa,oklch(76.9% 0.188 70.08),,
true,cultures:africa:empire_of_kitara,cultures-africa,1000,1600,Empire du Kitara,Empire of Kitara,https://fr.wikipedia.org/wiki/Empire_du_Kitara,https://en.wikipedia.org/wiki/Empire_of_Kitara,empire africain fréquemment évoqué dans les traditions orales de la région des Grands Lacs,Legendary empire in the African Great Lakes region,oklch(76.9% 0.188 70.08),,
true,cultures:africa:sultanate_of_bale,cultures-africa,1000,1332,Sultanate of Bale,Sultanate of Bale,https://en.wikipedia.org/wiki/Sultanate_of_Bale,https://en.wikipedia.org/wiki/Sultanate_of_Bale,,Former sultanate in southeastern Ethiopia,oklch(76.9% 0.188 70.08),,
true,cultures:africa:jolof_empire,cultures-africa,1350,1549,Empire du Djolof,Jolof Empire,https://fr.wikipedia.org/wiki/Empire_du_Djolof,https://en.wikipedia.org/wiki/Jolof_Empire,empire d'Afrique de l'Ouest entre les fleuves Sénégal et Gambie (XIVe- XVIe siècle),West African state (1350–1549),oklch(76.9% 0.188 70.08),,
true,cultures:africa:kingdom_of_sine,cultures-africa,1350,1969,Royaume du Sine,Kingdom of Sine,https://fr.wikipedia.org/wiki/Royaume_du_Sine,https://en.wikipedia.org/wiki/Kingdom_of_Sine,ancien pays,Post-classical Serer kingdom in Senegal,oklch(76.9% 0.188 70.08),,
true,cultures:africa:burji_mamluks,cultures-africa,1382,1517,Burjites,Burji Mamluks,https://fr.wikipedia.org/wiki/Burjites,https://en.wikipedia.org/wiki/Burji_Mamluks,,Dynasty of Egyptian monarchs (1382–1517 CE),oklch(76.9% 0.188 70.08),,
true,cultures:africa:kingdom_of_kongo,cultures-africa,1390,1914,Royaume du Kongo,Kingdom of Kongo,https://fr.wikipedia.org/wiki/Royaume_du_Kongo,https://en.wikipedia.org/wiki/Kingdom_of_Kongo,"État pré-colonial de l’Ouest de l’Afrique centrale, du XIVe au début du XXe siècle",1390–1914 state in Central Africa; Portuguese vassal from 1857,oklch(76.9% 0.188 70.08),,
true,cultures:africa:kingdom_of_kaffa,cultures-africa,1390,1897,Royaume de Kaffa,Kingdom of Kaffa,https://fr.wikipedia.org/wiki/Royaume_de_Kaffa,https://en.wikipedia.org/wiki/Kingdom_of_Kaffa,ancien État,1390–1897 kingdom in southern Ethiopia,oklch(76.9% 0.188 70.08),,
true,cultures:africa:ennarea,cultures-africa,1390,1710,Ennarea,Ennarea,https://en.wikipedia.org/wiki/Ennarea,https://en.wikipedia.org/wiki/Ennarea,,Medieval kingdom in western Ethiopia that lasted between 14th century to 18th century,oklch(76.9% 0.188 70.08),,
true,cultures:africa:kingdom_of_simien,cultures-africa,350,1329,Royaume du Simien,Kingdom of Simien,https://fr.wikipedia.org/wiki/Royaume_du_Simien,https://en.wikipedia.org/wiki/Kingdom_of_Simien,,Kingdom of Beta Israel in the Ethiopian Empire,oklch(76.9% 0.188 70.08),,
true,cultures:africa:sultanate_of_tuggurt,cultures-africa,1414,1854,Émirat de Touggourt,Sultanate of Tuggurt,https://fr.wikipedia.org/wiki/Émirat_de_Touggourt,https://en.wikipedia.org/wiki/Sultanate_of_Tuggurt,,Former North African sultanate,oklch(76.9% 0.188 70.08),,
true,cultures:africa:adal_sultanate,cultures-africa,1415,1577,Sultanat d'Adal,Adal Sultanate,https://fr.wikipedia.org/wiki/Sultanat_d'Adal,https://en.wikipedia.org/wiki/Adal_Sultanate,ancien pays,1415–1577 Muslim sultanate in the Horn of Africa,oklch(76.9% 0.188 70.08),,
true,cultures:africa:tunjur_kingdom,cultures-africa,1400,1650,Royaume Toundjour,Tunjur kingdom,https://fr.wikipedia.org/wiki/Royaume_Toundjour,https://en.wikipedia.org/wiki/Tunjur_kingdom,,Historical state of Darfur,oklch(76.9% 0.188 70.08),,
true,cultures:africa:sultanate_of_agadez,cultures-africa,1405,1906,Sultanat de l'Aïr,Sultanate of Agadez,https://fr.wikipedia.org/wiki/Sultanat_de_l'Aïr,https://en.wikipedia.org/wiki/Sultanate_of_Agadez,ancien pays,Historical country and sultanate in Niger,oklch(76.9% 0.188 70.08),,
true,cultures:africa:akpakip_oro,cultures-africa,1200,1909,Akpakip Oro,Akpakip Oro,https://en.wikipedia.org/wiki/Akpakip_Oro,https://en.wikipedia.org/wiki/Akpakip_Oro,,Early modern state in Nigeria,oklch(76.9% 0.188 70.08),,
true,cultures:asia:acheulean,cultures-asia,-1750000,-200000,Acheuléen,Acheulean,https://fr.wikipedia.org/wiki/Acheuléen,https://en.wikipedia.org/wiki/Acheulean,culture préhistorique,Archaeological culture associated with Homo erectus,oklch(65.6% 0.241 354.308),,
true,cultures:asia:soanian,cultures-asia,-774000,-114000,Soanian,Soanian,https://en.wikipedia.org/wiki/Soanian,https://en.wikipedia.org/wiki/Soanian,,Archaeological culture,oklch(65.6% 0.241 354.308),,
true,cultures:asia:madrasian_culture,cultures-asia,-1500000,-1400000,Madrasian culture,Madrasian culture,https://en.wikipedia.org/wiki/Madrasian_culture,https://en.wikipedia.org/wiki/Madrasian_culture,,Prehistoric archaeological culture of the Indian subcontinent,oklch(65.6% 0.241 354.308),,
true,cultures:asia:mal%27ta%e2%80%93buret%27_culture,cultures-asia,-24000,-15000,Culture de Malta-Buret,Mal'ta–Buret' culture,https://fr.wikipedia.org/wiki/Culture_de_Malta-Buret,https://en.wikipedia.org/wiki/Mal%27ta%E2%80%93Buret%27_culture,,Paleolithic archeological culture,oklch(65.6% 0.241 354.308),,
true,cultures:asia:s%c6%a1n_vi_culture,cultures-asia,-20000,-12000,Sơn Vi culture,Sơn Vi culture,https://en.wikipedia.org/wiki/S%C6%A1n_Vi_culture,https://en.wikipedia.org/wiki/S%C6%A1n_Vi_culture,,,oklch(65.6% 0.241 354.308),,
true,cultures:asia:afontova_gora,cultures-asia,-20000,-14000,Afontova Gora,Afontova Gora,https://en.wikipedia.org/wiki/Afontova_Gora,https://en.wikipedia.org/wiki/Afontova_Gora,,Paleolithic archeological culture,oklch(65.6% 0.241 354.308),,
true,cultures:asia:hoabinhian,cultures-asia,-10000,-2000,Hoabinhien,Hoabinhian,https://fr.wikipedia.org/wiki/Hoabinhien,https://en.wikipedia.org/wiki/Hoabinhian,,,oklch(65.6% 0.241 354.308),,
true,cultures:asia:j%c5%8dmon_period,cultures-asia,-14000,-300,Période Jōmon,Jōmon period,https://fr.wikipedia.org/wiki/Période_Jōmon,https://en.wikipedia.org/wiki/J%C5%8Dmon_period,"subdivision traditionnelle de l'histoire du Japon, de 13 000 à 400 av. J.-C. environ",Japanese prehistorical period,oklch(65.6% 0.241 354.308),,
true,cultures:asia:k%c3%b6rtik_tepe,cultures-asia,-10700,-9250,Körtik Tepe,Körtik Tepe,https://en.wikipedia.org/wiki/K%C3%B6rtik_Tepe,https://en.wikipedia.org/wiki/K%C3%B6rtik_Tepe,,,oklch(65.6% 0.241 354.308),,
true,cultures:asia:khiamian_culture,cultures-asia,-10000,-9500,Khiamien,Khiamian culture,https://fr.wikipedia.org/wiki/Khiamien,https://en.wikipedia.org/wiki/Khiamian_culture,culture mésolithique du Proche-Orient,Neolithic archaeological culture of Southwest Asia,oklch(65.6% 0.241 354.308),,
true,cultures:asia:b%e1%ba%afc_s%c6%a1n_culture,cultures-asia,-10000,-8000,Bắc Sơn culture,Bắc Sơn culture,https://en.wikipedia.org/wiki/B%E1%BA%AFc_S%C6%A1n_culture,https://en.wikipedia.org/wiki/B%E1%BA%AFc_S%C6%A1n_culture,,,oklch(65.6% 0.241 354.308),,
true,cultures:asia:sultanian,cultures-asia,-12000,-8800,Néolithique précéramique A,Pre-Pottery Neolithic A,https://en.wikipedia.org/wiki/Sultanian,https://en.wikipedia.org/wiki/Sultanian,,Middle Eastern Neolithic culture,oklch(65.6% 0.241 354.308),,
true,cultures:asia:spirit_cave_\(thailand\),cultures-asia,-12000,-7000,Grotte de l'Esprit (Thaïlande),Spirit Cave (Thailand),https://en.wikipedia.org/wiki/Spirit_Cave_(Thailand),https://en.wikipedia.org/wiki/Spirit_Cave_(Thailand),,undefined,oklch(65.6% 0.241 354.308),,
true,cultures:asia:jeulmun_pottery_period,cultures-asia,-8000,-1500,Période de la céramique Jeulmun,Jeulmun pottery period,https://fr.wikipedia.org/wiki/Période_de_la_céramique_Jeulmun,https://en.wikipedia.org/wiki/Jeulmun_pottery_period,,Korean historical period,oklch(65.6% 0.241 354.308),,
true,cultures:asia:pengtoushan_culture,cultures-asia,-7500,-4850,Culture de Pengtoushan,Pengtoushan culture,https://fr.wikipedia.org/wiki/Culture_de_Pengtoushan,https://en.wikipedia.org/wiki/Pengtoushan_culture,,undefined,oklch(65.6% 0.241 354.308),,
true,cultures:asia:bhirrana,cultures-asia,-7560,-2500,Bhirrana,Bhirrana,https://en.wikipedia.org/wiki/Bhirrana,https://en.wikipedia.org/wiki/Bhirrana,,"Archaeological site and village in Haryana, India",oklch(65.6% 0.241 354.308),,
true,cultures:asia:peiligang_culture,cultures-asia,-7000,-5000,Culture de Peiligang,Peiligang culture,https://fr.wikipedia.org/wiki/Culture_de_Peiligang,https://en.wikipedia.org/wiki/Peiligang_culture,culture archéologique de la néolithisation en Chine,7000–5000 BC Chinese archaeological culture,oklch(65.6% 0.241 354.308),,
true,cultures:asia:mehrgarh,cultures-asia,-8000,-2600,Mehrgarh,Mehrgarh,https://fr.wikipedia.org/wiki/Mehrgarh,https://en.wikipedia.org/wiki/Mehrgarh,site néolithique du Pakistan,"Neolithic archaeological site in Balochistan, Pakistan",oklch(65.6% 0.241 354.308),,
true,cultures:asia:lahuradewa,cultures-asia,-7000,-1800,Lahuradewa,Lahuradewa,https://en.wikipedia.org/wiki/Lahuradewa,https://en.wikipedia.org/wiki/Lahuradewa,,undefined,oklch(65.6% 0.241 354.308),,
true,cultures:asia:bolshemys_culture,cultures-asia,-4000,-3000,Bolshemys culture,Bolshemys culture,https://en.wikipedia.org/wiki/Bolshemys_culture,https://en.wikipedia.org/wiki/Bolshemys_culture,,,oklch(65.6% 0.241 354.308),,
true,cultures:asia:houli_culture,cultures-asia,-6500,-5500,Culture de Houli,Houli culture,https://fr.wikipedia.org/wiki/Culture_de_Houli,https://en.wikipedia.org/wiki/Houli_culture,culture archéologique,Prehistoric culture in China,oklch(65.6% 0.241 354.308),,
true,cultures:asia:cishan_culture,cultures-asia,-6500,-5000,Culture de Cishan,Cishan culture,https://fr.wikipedia.org/wiki/Culture_de_Cishan,https://en.wikipedia.org/wiki/Cishan_culture,,6500–5000 BC north Chinese archaeological culture,oklch(65.6% 0.241 354.308),,
true,cultures:asia:eridu_period,cultures-asia,-6500,-3700,Période d'Obeïd,Ubaid period,https://fr.wikipedia.org/wiki/P%C3%A9riode_d%27Obe%C3%AFd,https://en.wikipedia.org/wiki/Eridu_period,,Prehistoric period of Mesopotamia,oklch(65.6% 0.241 354.308),,
true,cultures:asia:xinglongwa_culture,cultures-asia,-6200,-5200,Culture de Xinglongwa,Xinglongwa culture,https://fr.wikipedia.org/wiki/Culture_de_Xinglongwa,https://en.wikipedia.org/wiki/Xinglongwa_culture,culture néolithique du Nord-est de la Chine,Neolithic culture in Northern China,oklch(65.6% 0.241 354.308),,
true,cultures:asia:%c4%90a_b%c3%bat_culture,cultures-asia,-5000,-1000,Đa Bút culture,Đa Bút culture,https://en.wikipedia.org/wiki/%C4%90a_B%C3%BAt_culture,https://en.wikipedia.org/wiki/%C4%90a_B%C3%BAt_culture,,,oklch(65.6% 0.241 354.308),,
true,cultures:asia:hassuna_culture,cultures-asia,-6500,-5700,Période de Hassuna,Hassuna culture,https://fr.wikipedia.org/wiki/Période_de_Hassuna,https://en.wikipedia.org/wiki/Hassuna_culture,culture archéologique,,oklch(65.6% 0.241 354.308),,
true,cultures:asia:dadiwan_culture,cultures-asia,-5800,-5400,Culture de Dadiwan,Dadiwan culture,https://fr.wikipedia.org/wiki/Culture_de_Dadiwan,https://en.wikipedia.org/wiki/Dadiwan_culture,,5800–5400 BC Chinese archaeological culture,oklch(65.6% 0.241 354.308),,
true,cultures:asia:hemudu_culture,cultures-asia,-5500,-3300,Culture de Hemudu,Hemudu culture,https://fr.wikipedia.org/wiki/Culture_de_Hemudu,https://en.wikipedia.org/wiki/Hemudu_culture,,"Neolithic culture just south of Hangzhou Bay, China",oklch(65.6% 0.241 354.308),,
true,cultures:asia:xinle_culture,cultures-asia,-5500,-4800,Culture de Xinle,Xinle culture,https://fr.wikipedia.org/wiki/Culture_de_Xinle,https://en.wikipedia.org/wiki/Xinle_culture,,Neolithic culture in northeast China,oklch(65.6% 0.241 354.308),,
true,cultures:asia:kelteminar_culture,cultures-asia,-5500,-3500,Kelteminar culture,Kelteminar culture,https://en.wikipedia.org/wiki/Kelteminar_culture,https://en.wikipedia.org/wiki/Kelteminar_culture,,,oklch(65.6% 0.241 354.308),,
true,cultures:asia:zhaobaogou_culture,cultures-asia,-5400,-4500,Culture de Zhaobaogou,Zhaobaogou culture,https://en.wikipedia.org/wiki/Zhaobaogou_culture,https://en.wikipedia.org/wiki/Zhaobaogou_culture,,Archaeological culture in China,oklch(65.6% 0.241 354.308),,
true,cultures:asia:beixin_culture,cultures-asia,-5300,-4100,Culture de Beixin,Beixin culture,https://en.wikipedia.org/wiki/Beixin_culture,https://en.wikipedia.org/wiki/Beixin_culture,,Archaeological culture in China,oklch(65.6% 0.241 354.308),,
true,cultures:asia:yangshao_culture,cultures-asia,-5000,-3000,Culture de Yangshao,Yangshao culture,https://fr.wikipedia.org/wiki/Culture_de_Yangshao,https://en.wikipedia.org/wiki/Yangshao_culture,,5000–3000 BC Chinese archaeological culture,oklch(65.6% 0.241 354.308),,
true,cultures:asia:majiabang_culture,cultures-asia,-5000,-3350,Culture de Majiabang,Majiabang culture,https://en.wikipedia.org/wiki/Majiabang_culture,https://en.wikipedia.org/wiki/Majiabang_culture,,Chinese Neolithic culture,oklch(65.6% 0.241 354.308),,
true,cultures:asia:daxi_culture,cultures-asia,-5000,-3300,Culture de Daxi,Daxi culture,https://fr.wikipedia.org/wiki/Culture_de_Daxi,https://en.wikipedia.org/wiki/Daxi_culture,culture du néolithique moyen chinois,undefined,oklch(65.6% 0.241 354.308),,
true,cultures:asia:qu%e1%bb%b3nh_v%c4%83n_culture,cultures-asia,-8000,-6000,Quỳnh Văn culture,Quỳnh Văn culture,https://en.wikipedia.org/wiki/Qu%E1%BB%B3nh_V%C4%83n_culture,https://en.wikipedia.org/wiki/Qu%E1%BB%B3nh_V%C4%83n_culture,,,oklch(65.6% 0.241 354.308),,
true,cultures:asia:tahu_culture,cultures-asia,-5000,-3500,Tahu culture,Tahu culture,https://en.wikipedia.org/wiki/Tahu_culture,https://en.wikipedia.org/wiki/Tahu_culture,,,oklch(65.6% 0.241 354.308),,
true,cultures:asia:bukit_kerang,cultures-asia,-5000,-3000,Bukit Kerang,Bukit Kerang,https://en.wikipedia.org/wiki/Bukit_Kerang,https://en.wikipedia.org/wiki/Bukit_Kerang,,,oklch(65.6% 0.241 354.308),,
true,cultures:asia:darkveti-meshoko,cultures-asia,-4500,-3000,Darkveti-Meshoko,Darkveti-Meshoko,https://en.wikipedia.org/wiki/Darkveti-Meshoko,https://en.wikipedia.org/wiki/Darkveti-Meshoko,,Chalcolithic culture,oklch(65.6% 0.241 354.308),,
true,cultures:asia:hongshan_culture,cultures-asia,-4700,-2900,Culture de Hongshan,Hongshan culture,https://fr.wikipedia.org/wiki/Culture_de_Hongshan,https://en.wikipedia.org/wiki/Hongshan_culture,,Neolithic culture in northeast China,oklch(65.6% 0.241 354.308),,
true,cultures:asia:ghassulian,cultures-asia,-4400,-3500,Ghassoulien,Ghassulian,https://en.wikipedia.org/wiki/Ghassulian,https://en.wikipedia.org/wiki/Ghassulian,,Chalcolithic culture and archaeological stage,oklch(65.6% 0.241 354.308),,
true,cultures:asia:proto-indo-europeans,cultures-asia,-6400,-4500,Proto-Indo-Européens,Proto-Indo-Europeans,https://fr.wikipedia.org/wiki/Proto-Indo-Européens,https://en.wikipedia.org/wiki/Proto-Indo-Europeans,Locuteurs de l'indo-européen commun,Postulated prehistoric ethnolinguistic group,oklch(65.6% 0.241 354.308),,
true,cultures:asia:anau_culture,cultures-asia,-4500,-1000,Culture de Namazga,Anau culture,https://fr.wikipedia.org/wiki/Culture_de_Namazga,https://en.wikipedia.org/wiki/Anau_culture,Culture archéologique,,oklch(65.6% 0.241 354.308),,
true,cultures:asia:levant_chalcolithic,cultures-asia,-4500,-3500,Levant Chalcolithic,Levant Chalcolithic,https://en.wikipedia.org/wiki/Levant_Chalcolithic,https://en.wikipedia.org/wiki/Levant_Chalcolithic,,undefined,oklch(65.6% 0.241 354.308),,
true,cultures:asia:dawenkou_culture,cultures-asia,-4300,-2600,Culture de Beixin-Dawenkou,Dawenkou culture,https://fr.wikipedia.org/wiki/Culture_de_Beixin-Dawenkou,https://en.wikipedia.org/wiki/Dawenkou_culture,,Chinese Neolithic culture,oklch(65.6% 0.241 354.308),,
true,cultures:asia:beersheba_culture,cultures-asia,-4200,-3500,Beersheba culture,Beersheba culture,https://en.wikipedia.org/wiki/Beersheba_culture,https://en.wikipedia.org/wiki/Beersheba_culture,,undefined,oklch(65.6% 0.241 354.308),,
true,cultures:asia:uruk_period,cultures-asia,-3900,-3100,Période d'Uruk,Uruk period,https://fr.wikipedia.org/wiki/P%C3%A9riode_d%27Uruk,https://en.wikipedia.org/wiki/Uruk_period,culture archéologique,Archaeological culture,oklch(65.6% 0.241 354.308),,
true,cultures:asia:anarta_tradition,cultures-asia,-3950,-1900,Tradition d'Anarta,Anarta tradition,https://en.wikipedia.org/wiki/Anarta_tradition,https://en.wikipedia.org/wiki/Anarta_tradition,,undefined,oklch(65.6% 0.241 354.308),,
true,cultures:asia:songze_culture,cultures-asia,-3800,-3300,Culture de Songze,Songze culture,https://en.wikipedia.org/wiki/Songze_culture,https://en.wikipedia.org/wiki/Songze_culture,,Neolithic culture in China,oklch(65.6% 0.241 354.308),,
true,cultures:asia:hakra_ware_culture,cultures-asia,-3300,-2800,Culture de Hakra Ware,Hakra Ware culture,https://en.wikipedia.org/wiki/Hakra_Ware_culture,https://en.wikipedia.org/wiki/Hakra_Ware_culture,,Indus Valley material culture,oklch(65.6% 0.241 354.308),,
true,cultures:asia:botai_culture,cultures-asia,-3700,-3100,Culture de Botaï,Botai culture,https://fr.wikipedia.org/wiki/Culture_de_Bota%C3%AF,https://en.wikipedia.org/wiki/Botai_culture,,Archaeological culture of northern Central Asia,oklch(65.6% 0.241 354.308),,
true,cultures:asia:qujialing_culture,cultures-asia,3400,-2500,Qujialing culture,Qujialing culture,https://en.wikipedia.org/wiki/Qujialing_culture,https://en.wikipedia.org/wiki/Qujialing_culture,,Chinese Neolithic civilization,oklch(65.6% 0.241 354.308),,
true,cultures:asia:majiayao_culture,cultures-asia,-3300,-2000,Culture de Majiayao,Majiayao culture,https://fr.wikipedia.org/wiki/Culture_de_Majiayao,https://en.wikipedia.org/wiki/Majiayao_culture,,3300–2000 BC Chinese archaeological culture,oklch(65.6% 0.241 354.308),,
true,cultures:asia:liangzhu_culture,cultures-asia,-3300,-2300,Culture de Liangzhu,Liangzhu culture,https://fr.wikipedia.org/wiki/Culture_de_Liangzhu,https://en.wikipedia.org/wiki/Liangzhu_culture,,Neolithic jade culture in the Yangtze River Delta,oklch(65.6% 0.241 354.308),,
true,cultures:asia:afanasievo_culture,cultures-asia,-3300,-2500,Culture d'Afanasievo,Afanasievo culture,https://fr.wikipedia.org/wiki/Culture_d'Afanasievo,https://en.wikipedia.org/wiki/Afanasievo_culture,,Chalcolithic archaeological culture of Siberia,oklch(65.6% 0.241 354.308),,
true,cultures:asia:bronze_age_india,cultures-asia,-3300,-1000,Âge du bronze en Inde,Bronze Age India,https://en.wikipedia.org/wiki/Bronze_Age_India,https://en.wikipedia.org/wiki/Bronze_Age_India,,Overview of the Indian subcontinent during the Bronze Age,oklch(65.6% 0.241 354.308),,
true,cultures:asia:indus_valley_civilisation,cultures-asia,-3200,-1900,Civilisation de la vallée de l'Indus,Indus Valley Civilisation,https://fr.wikipedia.org/wiki/Civilisation_de_la_vallée_de_l'Indus,https://en.wikipedia.org/wiki/Indus_Valley_Civilisation,Civilisation antique,Bronze Age civilisation in South Asia,oklch(65.6% 0.241 354.308),,
true,cultures:asia:lingjiatan_culture,cultures-asia,-3800,-3300,Lingjiatan culture,Lingjiatan culture,https://en.wikipedia.org/wiki/Lingjiatan_culture,https://en.wikipedia.org/wiki/Lingjiatan_culture,,Neolithic culture of China,oklch(65.6% 0.241 354.308),,
true,cultures:asia:longshan_culture,cultures-asia,-3000,-1900,Culture de Longshan,Longshan culture,https://fr.wikipedia.org/wiki/Culture_de_Longshan,https://en.wikipedia.org/wiki/Longshan_culture,cultures archéologiques,Late Neolithic culture in northern China,oklch(65.6% 0.241 354.308),,
true,cultures:asia:burzahom_archaeological_site,cultures-asia,-3000,-1000,Burzahom,Burzahom archaeological site,https://en.wikipedia.org/wiki/Burzahom_archaeological_site,https://en.wikipedia.org/wiki/Burzahom_archaeological_site,,"3000–1000 BCE site in Kashmir, India",oklch(65.6% 0.241 354.308),,
true,cultures:asia:ahar%e2%80%93banas_culture,cultures-asia,-3000,-1500,Culture Ahar–Banas,Ahar–Banas culture,https://en.wikipedia.org/wiki/Ahar%E2%80%93Banas_culture,https://en.wikipedia.org/wiki/Ahar%E2%80%93Banas_culture,,Chalcolithic archaeological culture,oklch(65.6% 0.241 354.308),,
true,cultures:asia:fergana_valley#history,cultures-asia,-500,-327,Empire Achaemenid,Achaemenid Empire,https://en.wikipedia.org/wiki/Fergana_Valley#History,https://en.wikipedia.org/wiki/Fergana_Valley#History,,Valley in Central Asia,oklch(65.6% 0.241 354.308),,
true,cultures:asia:yingpu_culture,cultures-asia,-3500,-2000,Yingpu culture,Yingpu culture,https://en.wikipedia.org/wiki/Yingpu_culture,https://en.wikipedia.org/wiki/Yingpu_culture,,,oklch(65.6% 0.241 354.308),,
true,cultures:asia:h%e1%bb%93ng_b%c3%a0ng_dynasty,cultures-asia,-2879,258,Dynastie Hong Bang,Hồng Bàng dynasty,https://fr.wikipedia.org/wiki/Dynastie_Hồng_Bàng,https://en.wikipedia.org/wiki/H%E1%BB%93ng_B%C3%A0ng_dynasty,dynastie légendaire du Viêt Nam,,oklch(65.6% 0.241 354.308),,
true,cultures:asia:baodun_culture,cultures-asia,-2700,-1700,Culture de Baodun,Baodun culture,https://fr.wikipedia.org/wiki/Culture_de_Baodun,https://en.wikipedia.org/wiki/Baodun_culture,,Archaeological culture in China,oklch(65.6% 0.241 354.308),,
true,cultures:asia:poltavka_culture,cultures-asia,-2700,-2100,Culture de Poltavka,Poltavka culture,https://fr.wikipedia.org/wiki/Culture_de_Poltavka,https://en.wikipedia.org/wiki/Poltavka_culture,,Early to middle Bronze Age archaeological culture of the middle Volga,oklch(65.6% 0.241 354.308),,
true,cultures:asia:umm_al_nar_culture,cultures-asia,-2600,-2000,Culture d'Umm al-Nar,Umm Al Nar culture,https://en.wikipedia.org/wiki/Umm_Al_Nar_culture,https://en.wikipedia.org/wiki/Umm_Al_Nar_culture,,,oklch(65.6% 0.241 354.308),,
true,cultures:asia:shijiahe_culture,cultures-asia,-2500,-2000,Shijiahe culture,Shijiahe culture,https://en.wikipedia.org/wiki/Shijiahe_culture,https://en.wikipedia.org/wiki/Shijiahe_culture,,Neolithic culture in China,oklch(65.6% 0.241 354.308),,
true,cultures:asia:chirand,cultures-asia,-2500,30,Chirand,Chirand,https://en.wikipedia.org/wiki/Chirand,https://en.wikipedia.org/wiki/Chirand,,Archaeological site in India,oklch(65.6% 0.241 354.308),,
true,cultures:asia:abashevo_culture,cultures-asia,-2300,-1850,Culture d'Abachevo,Abashevo culture,https://fr.wikipedia.org/wiki/Culture_d'Abachevo,https://en.wikipedia.org/wiki/Abashevo_culture,,Bronze Age culture of the Urals,oklch(65.6% 0.241 354.308),,
true,cultures:asia:philia_culture,cultures-asia,-2450,-2200,Culture de Philia,Philia culture,https://en.wikipedia.org/wiki/Philia_culture,https://en.wikipedia.org/wiki/Philia_culture,,,oklch(65.6% 0.241 354.308),,
true,cultures:asia:kulli_culture,cultures-asia,-2500,-2000,Kulli culture,Kulli culture,https://en.wikipedia.org/wiki/Kulli_culture,https://en.wikipedia.org/wiki/Kulli_culture,,,oklch(65.6% 0.241 354.308),,
true,cultures:asia:old_chos%c5%8fn,cultures-asia,-2333,-108,Période Gojoseon,Old Chosŏn,https://fr.wikipedia.org/wiki/P%C3%A9riode_Gojoseon,https://en.wikipedia.org/wiki/Old_Chos%C5%8Fn,Corée antique,? – 108 BCE state in East Asia,oklch(65.6% 0.241 354.308),,
true,cultures:asia:bactria%e2%80%93margiana_archaeological_complex,cultures-asia,-2300,-1700,Civilisation de l'Oxus,Bactria–Margiana Archaeological Complex,https://fr.wikipedia.org/wiki/Civilisation_de_l%27Oxus,https://en.wikipedia.org/wiki/Bactria%E2%80%93Margiana_Archaeological_Complex,civilisation interculturelle entre la Bactriane et la Margiane,c. 2250–1700 BC Central Asian archaeological culture,oklch(65.6% 0.241 354.308),,
true,cultures:asia:margiana,cultures-asia,-281,651,Margiane,Margiana,https://fr.wikipedia.org/wiki/Margiane,https://en.wikipedia.org/wiki/Margiana,,Historical region in modern Turkmenistan,oklch(65.6% 0.241 354.308),,
true,cultures:asia:elunin_culture,cultures-asia,-2300,-1700,Culture d'Elunino,Elunin culture,https://en.wikipedia.org/wiki/Elunin_culture,https://en.wikipedia.org/wiki/Elunin_culture,,,oklch(65.6% 0.241 354.308),,
true,cultures:asia:daimabad,cultures-asia,-1800,-1600,Daimabad,Daimabad,https://fr.wikipedia.org/wiki/Daimabad,https://en.wikipedia.org/wiki/Daimabad,site archéologique de l'Inde,Village in Maharashtra,oklch(65.6% 0.241 354.308),,
true,cultures:asia:qijia_culture,cultures-asia,-2200,-1600,Culture de Qijia,Qijia culture,https://fr.wikipedia.org/wiki/Culture_de_Qijia,https://en.wikipedia.org/wiki/Qijia_culture,,Bronze Age culture around the upper Yellow River region,oklch(65.6% 0.241 354.308),,
true,cultures:asia:glazkov_culture,cultures-asia,-2200,-1200,Culture de Glazkovo,Glazkov culture,https://en.wikipedia.org/wiki/Glazkov_culture,https://en.wikipedia.org/wiki/Glazkov_culture,,,oklch(65.6% 0.241 354.308),,
true,cultures:asia:suyarganovo_culture,cultures-asia,-2000,-1000,Suyarganovo culture,Suyarganovo culture,https://en.wikipedia.org/wiki/Suyarganovo_culture,https://en.wikipedia.org/wiki/Suyarganovo_culture,,,oklch(65.6% 0.241 354.308),,
true,cultures:asia:vakhsh_culture,cultures-asia,-1700,-1500,Vakhsh culture,Vakhsh culture,https://en.wikipedia.org/wiki/Vakhsh_culture,https://en.wikipedia.org/wiki/Vakhsh_culture,,,oklch(65.6% 0.241 354.308),,
true,cultures:asia:sintashta_culture,cultures-asia,-2100,-1800,Culture de Sintachta,Sintashta culture,https://fr.wikipedia.org/wiki/Culture_de_Sintachta,https://en.wikipedia.org/wiki/Sintashta_culture,culture archéologique,Bronze Age archaeological culture of the Southern Urals,oklch(65.6% 0.241 354.308),,
true,cultures:asia:seima-turbino_culture,cultures-asia,-2300,-1700,Cultures de Seima-Turbino,Seima-Turbino culture,https://fr.wikipedia.org/wiki/Cultures_de_Seima-Turbino,https://en.wikipedia.org/wiki/Seima-Turbino_culture,Culture de l'Âge du bronze en Eurasie du Nord,Bronze Age archaeological culture of Eurasia,oklch(65.6% 0.241 354.308),,
true,cultures:asia:xia_dynasty,cultures-asia,-2070,-1600,Dynastie Xia,Xia dynasty,https://fr.wikipedia.org/wiki/Dynastie_Xia,https://en.wikipedia.org/wiki/Xia_dynasty,dynastie en Chine,Traditional first dynasty in Chinese history,oklch(65.6% 0.241 354.308),,
true,cultures:asia:kaytha,cultures-asia,-2400,-2000,Kaytha,Kaytha,https://en.wikipedia.org/wiki/Kaytha,https://en.wikipedia.org/wiki/Kaytha,,"Village in Madhya Pradesh, India",oklch(65.6% 0.241 354.308),,
true,cultures:asia:andronovo_culture,cultures-asia,-2000,-1150,Culture d'Andronovo,Andronovo culture,https://fr.wikipedia.org/wiki/Culture_d'Andronovo,https://en.wikipedia.org/wiki/Andronovo_culture,,"Group of Bronze Age cultures, 2000–900 BC",oklch(65.6% 0.241 354.308),,
true,cultures:asia:ochre_coloured_pottery_culture,cultures-asia,-2000,-1500,Culture de la poterie ocre,Ochre Coloured Pottery culture,https://en.wikipedia.org/wiki/Ochre_Coloured_Pottery_culture,https://en.wikipedia.org/wiki/Ochre_Coloured_Pottery_culture,,Bronze Age culture of the Indo-Gangetic Plain,oklch(65.6% 0.241 354.308),,
true,cultures:asia:qiang_(historical_people),cultures-asia,-2000,1000,Qiang (peuple historique),Qiang (historical people),https://fr.wikipedia.org/wiki/Qiang_(peuple_historique),https://en.wikipedia.org/wiki/Qiang_(historical_people),peuple historique,Ethnic group mentioned in ancient Chinese history,oklch(65.6% 0.241 354.308),,
true,cultures:asia:tocharians,cultures-asia,-2000,800,Tokhariens,Tocharians,https://fr.wikipedia.org/wiki/Tokhariens,https://en.wikipedia.org/wiki/Tocharians,Peuple indo-européen,Historical Indo-European ethnic group in present-day China,oklch(65.6% 0.241 354.308),,
true,cultures:asia:indo-iranians,cultures-asia,-2000,-1000,Indo-Iraniens,Indo-Iranians,https://fr.wikipedia.org/wiki/Indo-Iraniens,https://en.wikipedia.org/wiki/Indo-Iranians,groupe ethno-linguistique indo-européen qui a amené les langues indo-iraniennes,Historical group of Indo-European peoples,oklch(65.6% 0.241 354.308),,
true,cultures:asia:bara_culture,cultures-asia,-2000,-1700,Culture Bara,Bara culture,https://en.wikipedia.org/wiki/Bara_culture,https://en.wikipedia.org/wiki/Bara_culture,,,oklch(65.6% 0.241 354.308),,
true,cultures:asia:copper_hoard_culture,cultures-asia,-2000,-1000,Culture des dépôts de cuivre,Copper Hoard culture,https://en.wikipedia.org/wiki/Copper_Hoard_culture,https://en.wikipedia.org/wiki/Copper_Hoard_culture,,,oklch(65.6% 0.241 354.308),,
true,cultures:asia:ph%c3%b9ng_nguy%c3%aan_culture,cultures-asia,-2000,-1500,Culture de Phung Nguyen,Phùng Nguyên culture,https://en.wikipedia.org/wiki/Ph%C3%B9ng_Nguy%C3%AAn_culture,https://en.wikipedia.org/wiki/Ph%C3%B9ng_Nguy%C3%AAn_culture,,,oklch(65.6% 0.241 354.308),,
true,cultures:asia:q%c3%a4wrighul_culture,cultures-asia,-2100,-1500,Qäwrighul culture,Qäwrighul culture,https://en.wikipedia.org/wiki/Q%C3%A4wrighul_culture,https://en.wikipedia.org/wiki/Q%C3%A4wrighul_culture,,,oklch(65.6% 0.241 354.308),,
true,cultures:asia:yueshi_culture,cultures-asia,-1900,-1500,Yueshi culture,Yueshi culture,https://en.wikipedia.org/wiki/Yueshi_culture,https://en.wikipedia.org/wiki/Yueshi_culture,,Archaeological culture in China,oklch(65.6% 0.241 354.308),,
true,cultures:asia:jhukar_phase,cultures-asia,-1900,-1500,Phase Jhukar,Jhukar phase,https://en.wikipedia.org/wiki/Jhukar_phase,https://en.wikipedia.org/wiki/Jhukar_phase,,undefined,oklch(65.6% 0.241 354.308),,
true,cultures:asia:erlitou_culture,cultures-asia,-1900,-1500,Culture d'Erlitou,Erlitou culture,https://fr.wikipedia.org/wiki/Culture_d'Erlitou,https://en.wikipedia.org/wiki/Erlitou_culture,culture de l’Âge du bronze,Bronze Age culture in China,oklch(65.6% 0.241 354.308),,
true,cultures:asia:cemetery_h_culture,cultures-asia,-1900,-1300,Culture du cimetière H,Cemetery H culture,https://en.wikipedia.org/wiki/Cemetery_H_culture,https://en.wikipedia.org/wiki/Cemetery_H_culture,,Bronze Age culture in northern Indian subcontinent,oklch(65.6% 0.241 354.308),,
true,cultures:asia:cherkaskul_culture,cultures-asia,-3200,-1200,Cherkaskul culture,Cherkaskul culture,https://en.wikipedia.org/wiki/Cherkaskul_culture,https://en.wikipedia.org/wiki/Cherkaskul_culture,,undefined,oklch(65.6% 0.241 354.308),,
true,cultures:asia:malwa_culture,cultures-asia,-1600,-1300,Culture de Malwa,Malwa culture,https://en.wikipedia.org/wiki/Malwa_culture,https://en.wikipedia.org/wiki/Malwa_culture,,Archaeological culture in India,oklch(65.6% 0.241 354.308),,
true,cultures:asia:sanxingdui,cultures-asia,-1700,-1150,Sanxingdui,Sanxingdui,https://fr.wikipedia.org/wiki/Sanxingdui,https://en.wikipedia.org/wiki/Sanxingdui,"site archéologique de l'Âge du bronze, situé dans l’actuel Guanghan, dans la province du Sichuan, en Chine","Bronze Age culture in Sichuan, China",oklch(65.6% 0.241 354.308),,
true,cultures:asia:shang_dynasty,cultures-asia,-1570,-1045,Dynastie Shang,Shang dynasty,https://fr.wikipedia.org/wiki/Dynastie_Shang,https://en.wikipedia.org/wiki/Shang_dynasty,ancienne dynastie de Chine,Chinese dynasty (c. 1600 – c. 1046 BC),oklch(65.6% 0.241 354.308),,
true,cultures:asia:wucheng_culture,cultures-asia,-1600,-1400,Wucheng culture,Wucheng culture,https://en.wikipedia.org/wiki/Wucheng_culture,https://en.wikipedia.org/wiki/Wucheng_culture,,undefined,oklch(65.6% 0.241 354.308),,
true,cultures:asia:erligang_culture,cultures-asia,-1600,-1300,Culture d'Erligang,Erligang culture,https://fr.wikipedia.org/wiki/Culture_d'Erligang,https://en.wikipedia.org/wiki/Erligang_culture,"culture de l'Âge du bronze en Chine, datée de 1580 à 1400/1300 avant l'ère commune",Bronze Age culture in China,oklch(65.6% 0.241 354.308),,
true,cultures:asia:mumun_pottery_period,cultures-asia,-1500,-300,Période de la céramique Mumun,Mumun pottery period,https://fr.wikipedia.org/wiki/P%C3%A9riode_de_la_c%C3%A9ramique_Mumun,https://en.wikipedia.org/wiki/Mumun_pottery_period,période de l'histoire de la Corée,Korean historical period,oklch(65.6% 0.241 354.308),,
true,cultures:asia:vedic_period,cultures-asia,-1500,-500,Période védique,Vedic period,https://fr.wikipedia.org/wiki/Période_védique,https://en.wikipedia.org/wiki/Vedic_period,"ancienne période de l’histoire du nord du sous-continent indien où les textes canoniques du védisme ont été révélés et repris dans le brahmanisme, le jaïnisme, l'hindouisme et le bouddhisme",Ancient South Asian historical period,oklch(65.6% 0.241 354.308),,
true,cultures:asia:chust_culture,cultures-asia,-1500,-900,Culture de Chust,Chust culture,https://en.wikipedia.org/wiki/Chust_culture,https://en.wikipedia.org/wiki/Chust_culture,,,oklch(65.6% 0.241 354.308),,
true,cultures:asia:%c4%90%e1%bb%93ng_%c4%90%e1%ba%adu_culture,cultures-asia,-1500,-1000,Culture Dong Dau,Đồng Đậu culture,https://en.wikipedia.org/wiki/%C4%90%E1%BB%93ng_%C4%90%E1%BA%ADu_culture,https://en.wikipedia.org/wiki/%C4%90%E1%BB%93ng_%C4%90%E1%BA%ADu_culture,,,oklch(65.6% 0.241 354.308),,
true,cultures:asia:karasuk_culture,cultures-asia,-1500,-700,Culture du Karassouk,Karasuk culture,https://fr.wikipedia.org/wiki/Culture_du_Karassouk,https://en.wikipedia.org/wiki/Karasuk_culture,culture archéologique,,oklch(65.6% 0.241 354.308),,
true,cultures:asia:talish%e2%80%93mughan_culture,cultures-asia,-1400,-700,Talish–Mughan culture,Talish–Mughan culture,https://en.wikipedia.org/wiki/Talish%E2%80%93Mughan_culture,https://en.wikipedia.org/wiki/Talish%E2%80%93Mughan_culture,,,oklch(65.6% 0.241 354.308),,
true,cultures:asia:tazabagyab_culture,cultures-asia,-1850,-1500,Tazabagyab culture,Tazabagyab culture,https://en.wikipedia.org/wiki/Tazabagyab_culture,https://en.wikipedia.org/wiki/Tazabagyab_culture,,,oklch(65.6% 0.241 354.308),,
true,cultures:asia:yaz_culture,cultures-asia,-1500,-500,Yaz culture,Yaz culture,https://en.wikipedia.org/wiki/Yaz_culture,https://en.wikipedia.org/wiki/Yaz_culture,,,oklch(65.6% 0.241 354.308),,
true,cultures:asia:jorwe_culture,cultures-asia,-1400,-700,Culture de Jorwe,Jorwe culture,https://en.wikipedia.org/wiki/Jorwe_culture,https://en.wikipedia.org/wiki/Jorwe_culture,,Chalcolithic culture in India,oklch(65.6% 0.241 354.308),,
true,cultures:asia:siwa_culture,cultures-asia,-1300,-600,Siwa culture,Siwa culture,https://en.wikipedia.org/wiki/Siwa_culture,https://en.wikipedia.org/wiki/Siwa_culture,,Bronze Age culture in China,oklch(65.6% 0.241 354.308),,
true,cultures:asia:gandhara_grave_culture,cultures-asia,-1600,-800,Culture du Gandhara,Gandhara grave culture,https://fr.wikipedia.org/wiki/Culture_du_Gandhara,https://en.wikipedia.org/wiki/Gandhara_grave_culture,,,oklch(65.6% 0.241 354.308),,
true,cultures:asia:irmen_culture,cultures-asia,-1000,-900,Culture d'Irmen,Irmen culture,https://en.wikipedia.org/wiki/Irmen_culture,https://en.wikipedia.org/wiki/Irmen_culture,,,oklch(65.6% 0.241 354.308),,
true,cultures:asia:xindian_culture,cultures-asia,-1500,-1000,Xindian culture,Xindian culture,https://en.wikipedia.org/wiki/Xindian_culture,https://en.wikipedia.org/wiki/Xindian_culture,,Bronze Age culture in China,oklch(65.6% 0.241 354.308),,
true,cultures:asia:mezhovskaya_culture,cultures-asia,-1300,-800,Culture de Mezhovskaya,Mezhovskaya culture,https://en.wikipedia.org/wiki/Mezhovskaya_culture,https://en.wikipedia.org/wiki/Mezhovskaya_culture,,Bronze Age archaeological culture in the Southern Urals,oklch(65.6% 0.241 354.308),,
true,cultures:asia:begazy%e2%80%93dandybai_culture,cultures-asia,-1500,-1100,Culture Begazy–Dandybai,Begazy–Dandybai culture,https://en.wikipedia.org/wiki/Begazy%E2%80%93Dandybai_culture,https://en.wikipedia.org/wiki/Begazy%E2%80%93Dandybai_culture,,,oklch(65.6% 0.241 354.308),,
true,cultures:asia:liaoning_bronze_dagger_culture,cultures-asia,-800,200,Culture du poignard de bronze,Liaoning bronze dagger culture,https://fr.wikipedia.org/wiki/Culture_du_poignard_de_bronze,https://en.wikipedia.org/wiki/Liaoning_bronze_dagger_culture,période de l'histoire de la Corée et du Liaoning,,oklch(65.6% 0.241 354.308),,
true,cultures:asia:ordos_culture,cultures-asia,-800,-150,Culture de l'Ordos,Ordos culture,https://fr.wikipedia.org/wiki/Culture_de_l'Ordos,https://en.wikipedia.org/wiki/Ordos_culture,"Culture des âges du bronze et du fer à Ordos, en Mongolie-Intérieure, Chine",,oklch(65.6% 0.241 354.308),,
true,cultures:asia:slab-grave_culture,cultures-asia,-1300,-300,Slab-grave culture,Slab-grave culture,https://en.wikipedia.org/wiki/Slab-grave_culture,https://en.wikipedia.org/wiki/Slab-grave_culture,,,oklch(65.6% 0.241 354.308),,
true,cultures:asia:ulaanzuukh_culture,cultures-asia,-1450,-1000,Ulaanzuukh culture,Ulaanzuukh culture,https://en.wikipedia.org/wiki/Ulaanzuukh_culture,https://en.wikipedia.org/wiki/Ulaanzuukh_culture,,,oklch(65.6% 0.241 354.308),,
true,cultures:asia:painted_grey_ware_culture,cultures-asia,-1200,-600,Culture de la céramique grise peinte,Painted Grey Ware culture,https://fr.wikipedia.org/wiki/Culture_de_la_céramique_grise_peinte,https://en.wikipedia.org/wiki/Painted_Grey_Ware_culture,"culture archéologique du nord de la plaine du Gange, qui a duré d'environ 1200 à 600 AEC",,oklch(65.6% 0.241 354.308),,
true,cultures:asia:panchala,cultures-asia,-1100,400,Panchala,Panchala,https://fr.wikipedia.org/wiki/Panchala,https://en.wikipedia.org/wiki/Panchala,,,oklch(65.6% 0.241 354.308),,
true,cultures:asia:korgantas_culture,cultures-asia,-400,-113,Korgantas culture,Korgantas culture,https://en.wikipedia.org/wiki/Korgantas_culture,https://en.wikipedia.org/wiki/Korgantas_culture,,Iron Age culture in South Siberia,oklch(65.6% 0.241 354.308),,
true,cultures:asia:pandu_culture,cultures-asia,-1600,-750,Pandu culture,Pandu culture,https://en.wikipedia.org/wiki/Pandu_culture,https://en.wikipedia.org/wiki/Pandu_culture,,Archaeological culture in India,oklch(65.6% 0.241 354.308),,
true,cultures:asia:g%c3%b2_mun_culture,cultures-asia,-1000,-800,Culture Go Mun,Gò Mun culture,https://en.wikipedia.org/wiki/G%C3%B2_Mun_culture,https://en.wikipedia.org/wiki/G%C3%B2_Mun_culture,,,oklch(65.6% 0.241 354.308),,
true,cultures:asia:sa_hu%e1%bb%b3nh_culture,cultures-asia,-1000,200,Culture de Sa Huỳnh,Sa Huỳnh culture,https://fr.wikipedia.org/wiki/Culture_de_Sa_Huỳnh,https://en.wikipedia.org/wiki/Sa_Hu%E1%BB%B3nh_culture,civilisation d'Asie du Sud-Est,,oklch(65.6% 0.241 354.308),,
true,cultures:asia:zhou_dynasty,cultures-asia,-1045,-256,Dynastie Zhou,Zhou dynasty,https://fr.wikipedia.org/wiki/Dynastie_Zhou,https://en.wikipedia.org/wiki/Zhou_dynasty,dynastie chinois ayant existé de 1046 à 256 avant notre ère,Chinese dynasty from c. 1046 to 256 BC,oklch(65.6% 0.241 354.308),,
true,cultures:asia:eurasian_nomads,cultures-asia,-1000,1700,Nomades eurasiens,Eurasian nomads,https://en.wikipedia.org/wiki/Eurasian_nomads,https://en.wikipedia.org/wiki/Eurasian_nomads,,Nomadic peoples,oklch(65.6% 0.241 354.308),,
true,cultures:asia:yuezhi,cultures-asia,-1100,500,Yuezhi,Yuezhi,https://fr.wikipedia.org/wiki/Yuezhi,https://en.wikipedia.org/wiki/Yuezhi,,Ancient people mentioned in Chinese histories,oklch(65.6% 0.241 354.308),,
true,cultures:asia:tungusic_peoples,cultures-asia,-3500,0,Toungouses,Tungusic peoples,https://fr.wikipedia.org/wiki/Toungouses,https://en.wikipedia.org/wiki/Tungusic_peoples,groupe de peuples de Sibérie et du Nord-Est de la Chine,Ethnolinguistic group,oklch(65.6% 0.241 354.308),,
true,cultures:asia:bishkent_culture,cultures-asia,-2800,-2400,Culture de Bishkent,Bishkent culture,https://en.wikipedia.org/wiki/Bishkent_culture,https://en.wikipedia.org/wiki/Bishkent_culture,,,oklch(65.6% 0.241 354.308),,
true,cultures:asia:upper_xiajiadian_culture,cultures-asia,-1000,-600,Culture de Xiajiadian supérieur,Upper Xiajiadian culture,https://fr.wikipedia.org/wiki/Culture_de_Xiajiadian_supérieur,https://en.wikipedia.org/wiki/Upper_Xiajiadian_culture,,,oklch(65.6% 0.241 354.308),,
true,cultures:asia:scytho-siberian_world,cultures-asia,-900,200,Scytho-Siberian world,Scytho-Siberian world,https://en.wikipedia.org/wiki/Scytho-Siberian_world,https://en.wikipedia.org/wiki/Scytho-Siberian_world,,Iron Age Eurasian steppe cultures,oklch(65.6% 0.241 354.308),,
true,cultures:asia:tagaung_kingdom,cultures-asia,-850,1050,Tagaung Kingdom,Tagaung Kingdom,https://en.wikipedia.org/wiki/Tagaung_Kingdom,https://en.wikipedia.org/wiki/Tagaung_Kingdom,,,oklch(65.6% 0.241 354.308),,
true,cultures:asia:aldy-bel_culture,cultures-asia,-600,-500,Aldy-Bel culture,Aldy-Bel culture,https://en.wikipedia.org/wiki/Aldy-Bel_culture,https://en.wikipedia.org/wiki/Aldy-Bel_culture,,,oklch(65.6% 0.241 354.308),,
true,cultures:asia:tasmola_culture,cultures-asia,-800,-300,Tasmola culture,Tasmola culture,https://en.wikipedia.org/wiki/Tasmola_culture,https://en.wikipedia.org/wiki/Tasmola_culture,,Iron Age culture in central Kazakhstan,oklch(65.6% 0.241 354.308),,
true,cultures:asia:sungai_batu,cultures-asia,-788,900,Sungai Batu,Sungai Batu,https://en.wikipedia.org/wiki/Sungai_Batu,https://en.wikipedia.org/wiki/Sungai_Batu,,,oklch(65.6% 0.241 354.308),,
true,cultures:asia:donghu_people,cultures-asia,-700,-150,Donghu (peuple),Donghu people,https://fr.wikipedia.org/wiki/Donghu_(peuple),https://en.wikipedia.org/wiki/Donghu_people,"Peuple du massif du Grand Khingan, dans la province du Heilongjiang, en Chine",697–150 BCE nomadic confederacy in northern China,oklch(65.6% 0.241 354.308),,
true,cultures:asia:khwarazm,cultures-asia,-1292,1324,Khwarezm,Khwarazm,https://fr.wikipedia.org/wiki/Khwarezm,https://en.wikipedia.org/wiki/Khwarazm,région historique située au sud de la mer d'Aral,Oasis region in Central Asia,oklch(65.6% 0.241 354.308),,
true,cultures:asia:dolmens_on_the_upper_reaches_of_the_huifa_river,cultures-asia,-700,-300,Dolmens de la haute vallée de la rivière Huifa,Dolmens on the Upper Reaches of the Huifa River,https://en.wikipedia.org/wiki/Dolmens_on_the_Upper_Reaches_of_the_Huifa_River,https://en.wikipedia.org/wiki/Dolmens_on_the_Upper_Reaches_of_the_Huifa_River,,,oklch(65.6% 0.241 354.308),,
true,cultures:asia:%c4%90%c3%b4ng_s%c6%a1n_culture,cultures-asia,-1000,100,Culture Dong Son,Đông Sơn culture,https://fr.wikipedia.org/wiki/Culture_Dong_Son,https://en.wikipedia.org/wiki/%C4%90%C3%B4ng_S%C6%A1n_culture,culture proto-historique de la péninsule indochinoise,,oklch(65.6% 0.241 354.308),,
true,cultures:asia:kulay_culture,cultures-asia,-1000,-100,Kulay culture,Kulay culture,https://en.wikipedia.org/wiki/Kulay_culture,https://en.wikipedia.org/wiki/Kulay_culture,,,oklch(65.6% 0.241 354.308),,
true,cultures:asia:northern_black_polished_ware,cultures-asia,-700,-200,Céramique noire polie du Nord,Northern Black Polished Ware,https://en.wikipedia.org/wiki/Northern_Black_Polished_Ware,https://en.wikipedia.org/wiki/Northern_Black_Polished_Ware,,,oklch(65.6% 0.241 354.308),,
true,cultures:asia:sogdia,cultures-asia,-600,1000,Sogdiane,Sogdia,https://fr.wikipedia.org/wiki/Sogdiane,https://en.wikipedia.org/wiki/Sogdia,région historique,Ancient Iranian civilization (6th century BCE – 11th century CE),oklch(65.6% 0.241 354.308),,
true,cultures:asia:bactria,cultures-asia,-2500,1000,Bactriane,Bactria,https://fr.wikipedia.org/wiki/Bactriane,https://en.wikipedia.org/wiki/Bactria,"région à cheval sur les États actuels d’Afghanistan, du Tadjikistan et de l’Ouzbékistan",Historical region in Central Asia,oklch(65.6% 0.241 354.308),,
true,cultures:asia:mahajanapadas,cultures-asia,-600,-345,Mahajanapadas,Mahajanapadas,https://fr.wikipedia.org/wiki/Mahajanapadas,https://en.wikipedia.org/wiki/Mahajanapadas,anciens royaumes en Inde,Kingdoms in the Indian subcontinent (c. 600 BCE–c. 345 BCE),oklch(65.6% 0.241 354.308),,
true,cultures:asia:badakhshan,cultures-asia,-300,1895,Badakhshan (région historique),Badakhshan,https://fr.wikipedia.org/wiki/Badakhshan_(région_historique),https://en.wikipedia.org/wiki/Badakhshan,région historique comprenant une partie du nord-est de l'Afghanistan et du sud-ouest du Tajikistan actuel,Historical region of Central Asia,oklch(65.6% 0.241 354.308),,
true,cultures:asia:pazyryk_culture,cultures-asia,-500,-200,Pazyryk,Pazyryk culture,https://fr.wikipedia.org/wiki/Pazyryk,https://en.wikipedia.org/wiki/Pazyryk_culture,culture de l'âge de fer,Saka nomadic Iron Age archaeological culture,oklch(65.6% 0.241 354.308),,
true,cultures:asia:gorokhovo_culture,cultures-asia,-500,200,Gorokhovo culture,Gorokhovo culture,https://en.wikipedia.org/wiki/Gorokhovo_culture,https://en.wikipedia.org/wiki/Gorokhovo_culture,,undefined,oklch(65.6% 0.241 354.308),,
true,cultures:asia:zhangzhung,cultures-asia,-500,645,Zhang Zhung,Zhangzhung,https://fr.wikipedia.org/wiki/Zhang_Zhung,https://en.wikipedia.org/wiki/Zhangzhung,ancien État,Ancient kingdom in western Tibet,oklch(65.6% 0.241 354.308),,
true,cultures:asia:nanda_empire,cultures-asia,-345,-321,Empire Nanda,Nanda Empire,https://fr.wikipedia.org/wiki/Empire_Nanda,https://en.wikipedia.org/wiki/Nanda_Empire,Empire indien,Ruling dynasty of Magadha,oklch(65.6% 0.241 354.308),,
true,cultures:asia:transoxiana,cultures-asia,-300,1220,Transoxiane,Transoxiana,https://fr.wikipedia.org/wiki/Transoxiane,https://en.wikipedia.org/wiki/Transoxiana,ancien nom d'une partie de l'Asie centrale,Central Asian historical region between the Amu Darya and Syr Darya rivers,oklch(65.6% 0.241 354.308),,
true,cultures:asia:maurya_empire,cultures-asia,-322,-185,Empire maurya,Maurya Empire,https://fr.wikipedia.org/wiki/Empire_maurya,https://en.wikipedia.org/wiki/Maurya_Empire,ancien État,Ancient Indian empire (ca.321–185 BCE),oklch(65.6% 0.241 354.308),,
true,cultures:asia:nomadic_empire,cultures-asia,-1300,1600,Empire nomade,Nomadic empire,https://fr.wikipedia.org/wiki/Empire_nomade,https://en.wikipedia.org/wiki/Nomadic_empire,,Empires of the Eurasian steppes from classical antiquity to the early modern era,oklch(65.6% 0.241 354.308),,
true,cultures:asia:proto-mongols,cultures-asia,-4000,-500,Proto-Mongols,Proto-Mongols,https://fr.wikipedia.org/wiki/Proto-Mongols,https://en.wikipedia.org/wiki/Proto-Mongols,Mongols précédent Gengis Khan,People and tribes in and around the Mongol Plateau before the 11th or 12th century,oklch(65.6% 0.241 354.308),,
true,cultures:asia:yayoi_period,cultures-asia,-300,300,Période Yayoi,Yayoi period,https://fr.wikipedia.org/wiki/Période_Yayoi,https://en.wikipedia.org/wiki/Yayoi_period,période de l'histoire du Japon,Japanese historical period from 200 BCE to 300 CE,oklch(65.6% 0.241 354.308),,
true,cultures:asia:%c3%82u_l%e1%ba%a1c,cultures-asia,-257,-179,Âu Lạc,Âu Lạc,https://fr.wikipedia.org/wiki/Âu_Lạc,https://en.wikipedia.org/wiki/%C3%82u_L%E1%BA%A1c,,,oklch(65.6% 0.241 354.308),,
true,cultures:asia:greco-bactrian_kingdom,cultures-asia,-256,-120,Royaume gréco-bactrien,Greco-Bactrian Kingdom,https://fr.wikipedia.org/wiki/Royaume_gréco-bactrien,https://en.wikipedia.org/wiki/Greco-Bactrian_Kingdom,Etat hellénistique fondé par des souverains grecs implantés en Asie centrale (IIIe-IIe siécles avt. J-C),Hellenistic-era Greek kingdom (256–100 BCE),oklch(65.6% 0.241 354.308),,
true,cultures:asia:parthia,cultures-asia,-247,224,Parthie,Parthia,https://fr.wikipedia.org/wiki/Parthie,https://en.wikipedia.org/wiki/Parthia,région située au nord-est du plateau iranien,Historical region located in northeastern Iran,oklch(65.6% 0.241 354.308),,
true,cultures:asia:wuhuan,cultures-asia,-209,207,Wuhuan,Wuhuan,https://fr.wikipedia.org/wiki/Wuhuan,https://en.wikipedia.org/wiki/Wuhuan,"Peuple proto-mongol, descendant avec les xianbei de l'Empire Donhu",Proto-Mongolic nomadic people of northern China,oklch(65.6% 0.241 354.308),,
true,cultures:asia:xiongnu,cultures-asia,-200,100,Xiongnu,Xiongnu,https://fr.wikipedia.org/wiki/Xiongnu,https://en.wikipedia.org/wiki/Xiongnu,peuple et empire d'Asie centrale dans l'Antiquité,Eurasian steppe confederation (3rd c. BC – 1st c. AD),oklch(65.6% 0.241 354.308),,
true,cultures:asia:nanyue,cultures-asia,-204,-111,Nanyue,Nanyue,https://fr.wikipedia.org/wiki/Nanyue,https://en.wikipedia.org/wiki/Nanyue,pays du sud de la Chine et Nord du Vietnam entre -206 et -111,,oklch(65.6% 0.241 354.308),,
true,cultures:asia:kangju,cultures-asia,-100,400,Kangju,Kangju,https://fr.wikipedia.org/wiki/Kangju,https://en.wikipedia.org/wiki/Kangju,,Ethnic group mentioned in Chinese history; probably the Sogdians,oklch(65.6% 0.241 354.308),,
true,cultures:asia:pyu_city-states,cultures-asia,-200,1050,Pyu,Pyu city-states,https://fr.wikipedia.org/wiki/Pyu,https://en.wikipedia.org/wiki/Pyu_city-states,ancien pays fait de cités-États,,oklch(65.6% 0.241 354.308),,
true,cultures:asia:dzhetyasar_culture,cultures-asia,-1000,700,Dzhetyasar culture,Dzhetyasar culture,https://en.wikipedia.org/wiki/Dzhetyasar_culture,https://en.wikipedia.org/wiki/Dzhetyasar_culture,,,oklch(65.6% 0.241 354.308),,
true,cultures:asia:wusun,cultures-asia,-100,400,Wusun,Wusun,https://fr.wikipedia.org/wiki/Wusun,https://en.wikipedia.org/wiki/Wusun,groupe ethnique de Chine,Ancient semi-nomadic people in Central Asia,oklch(65.6% 0.241 354.308),,
true,cultures:asia:indo-greek_kingdom,cultures-asia,-200,10,Royaumes indo-grecs,Indo-Greek Kingdom,https://fr.wikipedia.org/wiki/Royaumes_indo-grecs,https://en.wikipedia.org/wiki/Indo-Greek_Kingdom,États hellénistiques d'Asie centrale et méridionale,Greek kingdom in northwestern South Asia (200 BC–10 AD),oklch(65.6% 0.241 354.308),,
true,cultures:asia:xianbei,cultures-asia,-200,200,Xianbei,Xianbei,https://fr.wikipedia.org/wiki/Xianbei,https://en.wikipedia.org/wiki/Xianbei,ancien peuple nomade de Mandchourie et Mongolie,Para-Mongolic ancient people,oklch(65.6% 0.241 354.308),,
true,cultures:asia:satavahana_dynasty,cultures-asia,-100,224,Satavahana,Satavahana dynasty,https://fr.wikipedia.org/wiki/Satavahana,https://en.wikipedia.org/wiki/Satavahana_dynasty,dirigée par une dynastie royale indienne,Indian dynasty (2nd century BCE – 3rd century CE),oklch(65.6% 0.241 354.308),,
true,cultures:asia:proto%e2%80%93three_kingdoms_period,cultures-asia,-100,300,Période Proto-Trois Royaumes,Proto–Three Kingdoms period,https://en.wikipedia.org/wiki/Proto%E2%80%93Three_Kingdoms_period,https://en.wikipedia.org/wiki/Proto%E2%80%93Three_Kingdoms_period,,,oklch(65.6% 0.241 354.308),,
true,cultures:asia:old_pahang_kingdom,cultures-asia,449,1454,Ancien royaume de Pahang,Old Pahang kingdom,https://en.wikipedia.org/wiki/Old_Pahang_kingdom,https://en.wikipedia.org/wiki/Old_Pahang_kingdom,,"Former kingdom in Pahang, Malaysia",oklch(65.6% 0.241 354.308),,
true,cultures:asia:kushan_empire,cultures-asia,30,375,Empire kouchan,Kushan Empire,https://fr.wikipedia.org/wiki/Empire_kouch,https://en.wikipedia.org/wiki/Kushan_Empire,ancien empire en Asie centrale et Asie du sud (Ier-IVe siècles de notre ère),30–375 CE empire in Central and South Asia,oklch(65.6% 0.241 354.308),,
true,cultures:asia:funan,cultures-asia,50,627,Fou-nan,Funan,https://fr.wikipedia.org/wiki/Fou-nan,https://en.wikipedia.org/wiki/Funan,royaume du sud de la péninsule indochinoise (ier siècle – viie siècle),,oklch(65.6% 0.241 354.308),,
true,cultures:asia:chi_tu,cultures-asia,100,600,Chi Tu,Chi Tu,https://en.wikipedia.org/wiki/Chi_Tu,https://en.wikipedia.org/wiki/Chi_Tu,,,oklch(65.6% 0.241 354.308),,
true,cultures:asia:%c3%93c_eo,cultures-asia,100,1100,Óc Eo,Óc Eo,https://fr.wikipedia.org/wiki/Óc_Eo,https://en.wikipedia.org/wiki/%C3%93c_Eo,,,oklch(65.6% 0.241 354.308),,
true,cultures:asia:l%c3%a2m_%e1%ba%a4p,cultures-asia,192,629,Lâm Ấp,Lâm Ấp,https://en.wikipedia.org/wiki/L%C3%A2m_%E1%BA%A4p,https://en.wikipedia.org/wiki/L%C3%A2m_%E1%BA%A4p,,,oklch(65.6% 0.241 354.308),,
true,cultures:asia:champa,cultures-asia,192,1832,Royaume de Champa,Champa,https://fr.wikipedia.org/wiki/Royaume_de_Champa,https://en.wikipedia.org/wiki/Champa,État situé dans la zone centrale du Viêt Nam moderne entre les IIe et XIXe siècles,,oklch(65.6% 0.241 354.308),,
true,cultures:asia:shiwei_people,cultures-asia,200,1200,Shiwei,Shiwei people,https://en.wikipedia.org/wiki/Shiwei_people,https://en.wikipedia.org/wiki/Shiwei_people,,Pre-Genghis Khan term for Mongolic peoples,oklch(65.6% 0.241 354.308),,
true,cultures:asia:xitu,cultures-asia,400,500,Xitu,Xitu,https://en.wikipedia.org/wiki/Xitu,https://en.wikipedia.org/wiki/Xitu,,,oklch(65.6% 0.241 354.308),,
true,cultures:asia:pan_pan_(kingdom),cultures-asia,200,600,Pan Pan (kingdom),Pan Pan (kingdom),https://en.wikipedia.org/wiki/Pan_Pan_(kingdom),https://en.wikipedia.org/wiki/Pan_Pan_(kingdom),,,oklch(65.6% 0.241 354.308),,
true,cultures:asia:langkasuka,cultures-asia,100,1400,Langkasuka,Langkasuka,https://en.wikipedia.org/wiki/Langkasuka,https://en.wikipedia.org/wiki/Langkasuka,,,oklch(65.6% 0.241 354.308),,
true,cultures:asia:tun_sun,cultures-asia,52,500,Tun Sun,Tun Sun,https://en.wikipedia.org/wiki/Tun_Sun,https://en.wikipedia.org/wiki/Tun_Sun,,,oklch(65.6% 0.241 354.308),,
true,cultures:asia:kofun_period,cultures-asia,250,538,Période Kofun,Kofun period,https://fr.wikipedia.org/wiki/Période_Kofun,https://en.wikipedia.org/wiki/Kofun_period,période de l'histoire japonaise,Period of Japanese history from 258/300 to 538/710 AD,oklch(65.6% 0.241 354.308),,
true,cultures:asia:tuyuhun,cultures-asia,329,663,Tuyuhun,Tuyuhun,https://fr.wikipedia.org/wiki/Tuyuhun,https://en.wikipedia.org/wiki/Tuyuhun,,"Kingdom in modern Qinghai, China (284–670)",oklch(65.6% 0.241 354.308),,
true,cultures:asia:kumo_xi,cultures-asia,207,907,Tatabi,Kumo Xi,https://fr.wikipedia.org/wiki/Tatabi,https://en.wikipedia.org/wiki/Kumo_Xi,peuple proto-mongol,207–907 AD Mongolic steppe people of Northeast China,oklch(65.6% 0.241 354.308),,
true,cultures:asia:rouran_khaganate,cultures-asia,330,555,Khaganat Rouran,Rouran Khaganate,https://fr.wikipedia.org/wiki/Khaganat_Rouran,https://en.wikipedia.org/wiki/Rouran_Khaganate,confédération de tribus nomades chinoises,330–550 AD Proto-Mongolic state,oklch(65.6% 0.241 354.308),,
true,cultures:asia:iranian_huns,cultures-asia,350,560,Iranian Huns,Iranian Huns,https://en.wikipedia.org/wiki/Iranian_Huns,https://en.wikipedia.org/wiki/Iranian_Huns,,Term roughly equivalent to Huna people,oklch(65.6% 0.241 354.308),,
true,cultures:asia:xionites,cultures-asia,350,500,Xionites,Xionites,https://en.wikipedia.org/wiki/Xionites,https://en.wikipedia.org/wiki/Xionites,,4th–6th-century Bactrian-speaking nomadic people of Central Asia,oklch(65.6% 0.241 354.308),,
true,cultures:asia:kutai,cultures-asia,350,1600,Royaume de Kutai,Kutai,https://fr.wikipedia.org/wiki/Royaume_de_Kutai,https://en.wikipedia.org/wiki/Kutai,ancien royaume d'Indonésie,,oklch(65.6% 0.241 354.308),,
true,cultures:asia:tarumanagara,cultures-asia,358,669,Royaume de Tarumanagara,Tarumanagara,https://fr.wikipedia.org/wiki/Royaume_de_Tarumanagara,https://en.wikipedia.org/wiki/Tarumanagara,,Former kingdom in Indonesia,oklch(65.6% 0.241 354.308),,
true,cultures:asia:huns-1,cultures-asia,370,469,Huns,Huns,https://fr.wikipedia.org/wiki/Huns,https://en.wikipedia.org/wiki/Huns,ancien peuple nomade originaire de l’Asie centrale,Extinct nomadic people in Eurasia (4th–6th centuries),oklch(65.6% 0.241 354.308),,
true,cultures:asia:khitan_people,cultures-asia,400,1125,Khitans,Khitan people,https://fr.wikipedia.org/wiki/Khitans,https://en.wikipedia.org/wiki/Khitan_people,peuple,Nomadic people who founded the Liao dynasty in China,oklch(65.6% 0.241 354.308),,
true,cultures:asia:huna_people,cultures-asia,400,400,Huna people,Huna people,https://en.wikipedia.org/wiki/Huna_people,https://en.wikipedia.org/wiki/Huna_people,,5th–6th-century Central Asian tribes that invaded India,oklch(65.6% 0.241 354.308),,
true,cultures:asia:thaton_kingdom,cultures-asia,400,1057,Royaume de Thaton,Thaton kingdom,https://fr.wikipedia.org/wiki/Royaume_de_Thaton,https://en.wikipedia.org/wiki/Thaton_kingdom,,,oklch(65.6% 0.241 354.308),,
true,cultures:asia:hephthalites,cultures-asia,440,670,Shvetahûna,Hephthalites,https://fr.wikipedia.org/wiki/Shvetahûna,https://en.wikipedia.org/wiki/Hephthalites,huns blancs (peuple de l'Asie antique),5th–8th-century nomadic confederation in Central Asia,oklch(65.6% 0.241 354.308),,
true,cultures:asia:lavo_kingdom,cultures-asia,648,1388,Royaume de Lavo,Lavo Kingdom,https://fr.wikipedia.org/wiki/Royaume_de_Lavo,https://en.wikipedia.org/wiki/Lavo_Kingdom,État historique,Historical country,oklch(65.6% 0.241 354.308),,
true,cultures:asia:mohe_people,cultures-asia,500,900,Mohe,Mohe people,https://fr.wikipedia.org/wiki/Mohe,https://en.wikipedia.org/wiki/Mohe_people,,Ancient ethnic group who lived in Northeast Asia,oklch(65.6% 0.241 354.308),,
true,cultures:asia:sri_ksetra_kingdom,cultures-asia,200,1050,Sri Ksetra,Sri Ksetra kingdom,https://fr.wikipedia.org/wiki/Sri_Ksetra,https://en.wikipedia.org/wiki/Sri_Ksetra_kingdom,,,oklch(65.6% 0.241 354.308),,
true,cultures:asia:mon_kingdoms,cultures-asia,825,1057,Royaumes môns,Mon kingdoms,https://fr.wikipedia.org/wiki/Royaumes_môns,https://en.wikipedia.org/wiki/Mon_kingdoms,,,oklch(65.6% 0.241 354.308),,
true,cultures:asia:okhotsk_culture,cultures-asia,500,1000,Okhotsk culture,Okhotsk culture,https://en.wikipedia.org/wiki/Okhotsk_culture,https://en.wikipedia.org/wiki/Okhotsk_culture,,5th–10th-century archaeological culture around the Sea of Okhotsk,oklch(65.6% 0.241 354.308),,
true,cultures:asia:chenla,cultures-asia,550,802,Chenla,Chenla,https://fr.wikipedia.org/wiki/Chenla,https://en.wikipedia.org/wiki/Chenla,royaume shivaïte khmer à l'emplacement approximatif du Cambodge,Ancient kingdom located in Indochina,oklch(65.6% 0.241 354.308),,
true,cultures:asia:dvaravati,cultures-asia,550,1000,Dvâravatî,Dvaravati,https://fr.wikipedia.org/wiki/Dvâravatî,https://en.wikipedia.org/wiki/Dvaravati,,7th to 11th-century Mon kingdom,oklch(65.6% 0.241 354.308),,
true,cultures:asia:turkic_migration,cultures-asia,200,1000,Migrations turciques,Turkic migration,https://en.wikipedia.org/wiki/Turkic_migration,https://en.wikipedia.org/wiki/Turkic_migration,,Historical expansion of Turkic tribes and languages,oklch(65.6% 0.241 354.308),,
true,cultures:asia:pannonian_avars,cultures-asia,560,805,Avars,Pannonian Avars,https://fr.wikipedia.org/wiki/Avars,https://en.wikipedia.org/wiki/Pannonian_Avars,"alliance de plusieurs groupes de nomades eurasiens, du VIe au début du IXe siècle",Alliance of various Eurasian nomads – 6th to 9th centuries,oklch(65.6% 0.241 354.308),,
true,cultures:asia:kalingga_kingdom,cultures-asia,500,600,Royaume de Kalingga,Kalingga kingdom,https://fr.wikipedia.org/wiki/Royaume_de_Kalingga,https://en.wikipedia.org/wiki/Kalingga_kingdom,,6th–7th century Javanese kingdom,oklch(65.6% 0.241 354.308),,
true,cultures:asia:tambralinga,cultures-asia,100,1300,Tambralinga,Tambralinga,https://fr.wikipedia.org/wiki/Tambralinga,https://en.wikipedia.org/wiki/Tambralinga,,,oklch(65.6% 0.241 354.308),,
true,cultures:asia:shailendra_dynasty,cultures-asia,674,1025,Sailendra,Shailendra dynasty,https://fr.wikipedia.org/wiki/Sailendra,https://en.wikipedia.org/wiki/Shailendra_dynasty,,Dynasty in Java from about 750 to 850 CE,oklch(65.6% 0.241 354.308),,
true,cultures:asia:srivijaya,cultures-asia,650,1377,Sriwijaya,Srivijaya,https://fr.wikipedia.org/wiki/Sriwijaya,https://en.wikipedia.org/wiki/Srivijaya,ancien pays,Empire based on Sumatra (c. 671–1025 AD),oklch(65.6% 0.241 354.308),,
true,cultures:asia:melayu_kingdom,cultures-asia,671,1347,Malayu,Melayu Kingdom,https://fr.wikipedia.org/wiki/Malayu,https://en.wikipedia.org/wiki/Melayu_Kingdom,,Kingdom based in Sumatra (671–692; 1028–1347),oklch(65.6% 0.241 354.308),,
true,cultures:asia:yonok_nakhon,cultures-asia,-691,638,Yonok Nakhon,Yonok Nakhon,https://en.wikipedia.org/wiki/Yonok_Nakhon,https://en.wikipedia.org/wiki/Yonok_Nakhon,,,oklch(65.6% 0.241 354.308),,
true,cultures:asia:gangga_negara,cultures-asia,100,1025,Gangga Negara,Gangga Negara,https://en.wikipedia.org/wiki/Gangga_Negara,https://en.wikipedia.org/wiki/Gangga_Negara,,,oklch(65.6% 0.241 354.308),,
true,cultures:asia:yuan_dynasty,cultures-asia,1271,1368,Dynastie Yuan,Yuan dynasty,https://fr.wikipedia.org/wiki/Dynastie_Yuan,https://en.wikipedia.org/wiki/Yuan_dynasty,dynastie d'origine mongole ayant régné sur la Chine,Mongol-led dynasty of China (1271–1368),oklch(65.6% 0.241 354.308),,
true,cultures:asia:niaosung_culture,cultures-asia,0,1500,Niaosung culture,Niaosung culture,https://en.wikipedia.org/wiki/Niaosung_culture,https://en.wikipedia.org/wiki/Niaosung_culture,,,oklch(65.6% 0.241 354.308),,
true,cultures:asia:sargat_culture,cultures-asia,-700,500,Culture de Sargat,Sargat culture,https://en.wikipedia.org/wiki/Sargat_culture,https://en.wikipedia.org/wiki/Sargat_culture,,undefined,oklch(65.6% 0.241 354.308),,
true,cultures:asia:huns,cultures-asia,370,469,Huns,Huns,https://fr.wikipedia.org/wiki/Huns,https://en.wikipedia.org/wiki/Huns,ancien peuple nomade originaire de l’Asie centrale,Extinct nomadic people in Eurasia (4th–6th centuries),oklch(65.6% 0.241 354.308),,
true,cultures:europe:picts,cultures-europe,250,1100,Pictes,Picts,https://fr.wikipedia.org/wiki/Pictes,https://en.wikipedia.org/wiki/Picts,,,oklch(62.3% 0.214 259.815),,
true,cultures:europe:abbevillian,cultures-europe,-600000,-400000,Chelléen,Abbevillian,https://fr.wikipedia.org/wiki/Chelléen,https://en.wikipedia.org/wiki/Abbevillian,,Early stone age tool culture,oklch(62.3% 0.214 259.815),,
true,cultures:europe:clactonian,cultures-europe,-424000,-400000,Clactonien,Clactonian,https://fr.wikipedia.org/wiki/Clactonien,https://en.wikipedia.org/wiki/Clactonian,,Classification of European archaeology,oklch(62.3% 0.214 259.815),,
true,cultures:europe:mousterian,cultures-europe,-350000,-35000,Moustérien,Mousterian,https://fr.wikipedia.org/wiki/Moustérien,https://en.wikipedia.org/wiki/Mousterian,"culture du paléolithique moyen en Europe, Asie et Afrique",European Middle Paleolithic culture,oklch(62.3% 0.214 259.815),,
true,cultures:europe:micoquien,cultures-europe,-130000,-50000,Micoquien,Micoquien,https://fr.wikipedia.org/wiki/Micoquien,https://en.wikipedia.org/wiki/Micoquien,industrie d'outillage du début du paléolithique moyen,Early Middle Paleolithic tool industry,oklch(62.3% 0.214 259.815),,
true,cultures:europe:bohunician,cultures-europe,-50000,-38000,Bohunicien,Bohunician,https://fr.wikipedia.org/wiki/Bohunicien,https://en.wikipedia.org/wiki/Bohunician,culture archéologique vers 45000 AP en Moravie,Paleolithic archeological industry in South-Central and Eastern Europe,oklch(62.3% 0.214 259.815),,
true,cultures:europe:ch%c3%a2telperronian,cultures-europe,-45000,-38000,Châtelperronien,Châtelperronian,https://fr.wikipedia.org/wiki/Châtelperronien,https://en.wikipedia.org/wiki/Ch%C3%A2telperronian,,Proposed Upper Paleolithic European industry,oklch(62.3% 0.214 259.815),,
true,cultures:europe:lincombian-ranisian-jerzmanowician,cultures-europe,-45000,-39000,Jerzmanowicien,Lincombian-Ranisian-Jerzmanowician,https://fr.wikipedia.org/wiki/Jerzmanowicien,https://en.wikipedia.org/wiki/Lincombian-Ranisian-Jerzmanowician,Cuture archéologique européenne entre le paléolithique moyen et supérieur,Upper Paleolithic blade-making culture,oklch(62.3% 0.214 259.815),,
true,cultures:europe:aurignacian,cultures-europe,-43000,-31000,Aurignacien,Aurignacian,https://fr.wikipedia.org/wiki/Aurignacien,https://en.wikipedia.org/wiki/Aurignacian,principale culture qui ouvre le Paléolithique supérieur en Europe.,Upper Paleolithic culture of Europe,oklch(62.3% 0.214 259.815),,
true,cultures:europe:szeletian,cultures-europe,-50000,-40000,Szélétien,Szeletian,https://fr.wikipedia.org/wiki/Szélétien,https://en.wikipedia.org/wiki/Szeletian,Culture archéologique européenne entre le paléolithique moyen et supérieur.,Transitional archaeological culture,oklch(62.3% 0.214 259.815),,
true,cultures:europe:p%c3%a9rigordian,cultures-europe,-35000,-20000,Périgordien,Périgordian,https://fr.wikipedia.org/wiki/Périgordien,https://en.wikipedia.org/wiki/P%C3%A9rigordian,,Several related cultures of the Upper Paleolithic,oklch(62.3% 0.214 259.815),,
true,cultures:europe:gravettian,cultures-europe,-33000,-22000,Gravettien,Gravettian,https://fr.wikipedia.org/wiki/Gravettien,https://en.wikipedia.org/wiki/Gravettian,culture préhistorique du Paléolithique supérieur européen,Archaeological industry of the European Upper Paleolithic,oklch(62.3% 0.214 259.815),,
true,cultures:europe:pavlovian_culture,cultures-europe,-29000,-25000,Pavlovien,Pavlovian culture,https://en.wikipedia.org/wiki/Pavlovian_culture,https://en.wikipedia.org/wiki/Pavlovian_culture,,Upper Paleolithic culture,oklch(62.3% 0.214 259.815),,
true,cultures:europe:solutrean,cultures-europe,-22000,-17000,Solutréen,Solutrean,https://fr.wikipedia.org/wiki/Solutréen,https://en.wikipedia.org/wiki/Solutrean,culture archéologique du paléolithique supérieur,Archaeological industry of the European Upper Paleolithic,oklch(62.3% 0.214 259.815),,
true,cultures:europe:epigravettian,cultures-europe,-21000,-10000,Épigravettien,Epigravettian,https://fr.wikipedia.org/wiki/Épigravettien,https://en.wikipedia.org/wiki/Epigravettian,culture archéologique du paléolithique supérieur,European Upper Paleolithic culture,oklch(62.3% 0.214 259.815),,
true,cultures:europe:magdalenian,cultures-europe,-17000,-12000,Magdalénien,Magdalenian,https://fr.wikipedia.org/wiki/Magdalénien,https://en.wikipedia.org/wiki/Magdalenian,période préhistorique du paléolithique,Upper Paleolithic and Mesolithic cultures,oklch(62.3% 0.214 259.815),,
true,cultures:europe:hamburg_culture,cultures-europe,-13500,-11000,Culture de Hambourg,Hamburg culture,https://fr.wikipedia.org/wiki/Culture_de_Hambourg,https://en.wikipedia.org/wiki/Hamburg_culture,culture archéologique,Late Upper Paleolithic culture,oklch(62.3% 0.214 259.815),,
true,cultures:europe:federmesser_culture,cultures-europe,-12800,-10800,Culture Federmesser,Federmesser culture,https://fr.wikipedia.org/wiki/Culture_Federmesser,https://en.wikipedia.org/wiki/Federmesser_culture,,European cultures 14ka to 12.8ka ago,oklch(62.3% 0.214 259.815),,
true,cultures:europe:azilian,cultures-europe,-12000,-9000,Azilien,Azilian,https://fr.wikipedia.org/wiki/Azilien,https://en.wikipedia.org/wiki/Azilian,Culture préhistorique,Mesolithic industry of the Franco-Cantabrian region,oklch(62.3% 0.214 259.815),,
true,cultures:europe:bromme_culture,cultures-europe,-11600,-9800,Culture de Bromme,Bromme culture,https://fr.wikipedia.org/wiki/Culture_de_Bromme,https://en.wikipedia.org/wiki/Bromme_culture,,Prehistoric culture in northern Europe,oklch(62.3% 0.214 259.815),,
true,cultures:europe:ahrensburg_culture,cultures-europe,-11000,-9500,Ahrensbourgien,Ahrensburg culture,https://fr.wikipedia.org/wiki/Ahrensbourgien,https://en.wikipedia.org/wiki/Ahrensburg_culture,,Late Upper Paleolithic nomadic hunter culture,oklch(62.3% 0.214 259.815),,
true,cultures:europe:swiderian_culture,cultures-europe,-11000,-9000,Swidérien,Swiderian culture,https://fr.wikipedia.org/wiki/Swidérien,https://en.wikipedia.org/wiki/Swiderian_culture,,Mesolithic culture in what is now Poland,oklch(62.3% 0.214 259.815),,
true,cultures:europe:iron_gates_mesolithic,cultures-europe,-11000,-6000,Mésolithique des Portes de Fer,Iron Gates Mesolithic,https://en.wikipedia.org/wiki/Iron_Gates_Mesolithic,https://en.wikipedia.org/wiki/Iron_Gates_Mesolithic,,Mesolithic archaeological culture,oklch(62.3% 0.214 259.815),,
true,cultures:europe:nordic_stone_age,cultures-europe,-12000,-1700,Âge de pierre nordique,Nordic Stone Age,https://en.wikipedia.org/wiki/Nordic_Stone_Age,https://en.wikipedia.org/wiki/Nordic_Stone_Age,,Time period in Scandinavia,oklch(62.3% 0.214 259.815),,
true,cultures:europe:eastern_hunter-gatherer,cultures-europe,-10000,-6100,Chasseurs-cueilleurs orientaux,Eastern hunter-gatherer,https://en.wikipedia.org/wiki/Eastern_hunter-gatherer,https://en.wikipedia.org/wiki/Eastern_hunter-gatherer,,Archaeogenetic name for an ancestral genetic component,oklch(62.3% 0.214 259.815),,
true,cultures:europe:tardenoisian,cultures-europe,-10000,-5000,Tardenoisien,Tardenoisian,https://fr.wikipedia.org/wiki/Tardenoisien,https://en.wikipedia.org/wiki/Tardenoisian,culture du mésolithique,Archaeological culture in Europe from the Late Mesolithic,oklch(62.3% 0.214 259.815),,
true,cultures:europe:maglemosian_culture,cultures-europe,-9000,-6500,Maglemosien,Maglemosian culture,https://fr.wikipedia.org/wiki/Maglemosien,https://en.wikipedia.org/wiki/Maglemosian_culture,,Culture of the early Mesolithic period in Northern Europe,oklch(62.3% 0.214 259.815),,
true,cultures:europe:sauveterrian,cultures-europe,-8800,-6500,Sauveterrien,Sauveterrian,https://fr.wikipedia.org/wiki/Sauveterrien,https://en.wikipedia.org/wiki/Sauveterrian,une culture archéologique du Mésolithique européen qui a prospéré vers 8500 à 6500 ans BP,undefined,oklch(62.3% 0.214 259.815),,
true,cultures:europe:fosna%e2%80%93hensbacka_culture,cultures-europe,-8300,-7300,Culture Fosna-Hensbacka,Fosna–Hensbacka culture,https://fr.wikipedia.org/wiki/Culture_Fosna-Hensbacka,https://en.wikipedia.org/wiki/Fosna%E2%80%93Hensbacka_culture,,Late Palaeolithic/early Mesolithic cultures in Scandinavia,oklch(62.3% 0.214 259.815),,
true,cultures:europe:asturian_culture,cultures-europe,-7500,-4000,Asturien (Préhistoire),Asturian culture,https://fr.wikipedia.org/wiki/Asturien_(Préhistoire),https://en.wikipedia.org/wiki/Asturian_culture,,undefined,oklch(62.3% 0.214 259.815),,
true,cultures:europe:kama_culture,cultures-europe,-5000,-3000,Kama culture,Kama culture,https://en.wikipedia.org/wiki/Kama_culture,https://en.wikipedia.org/wiki/Kama_culture,,undefined,oklch(62.3% 0.214 259.815),,
true,cultures:europe:komornica,cultures-europe,-8000,-7000,Komornica,Komornica,https://fr.wikipedia.org/wiki/Komornica,https://en.wikipedia.org/wiki/Komornica,village de Pologne,"Village in Masovian Voivodeship, Poland",oklch(62.3% 0.214 259.815),,
true,cultures:europe:janis%c5%82awice_culture,cultures-europe,-5000,-3000,Culture de Janisławice,Janisławice culture,https://en.wikipedia.org/wiki/Janis%C5%82awice_culture,https://en.wikipedia.org/wiki/Janis%C5%82awice_culture,,undefined,oklch(62.3% 0.214 259.815),,
true,cultures:europe:irish_mesolithic,cultures-europe,-7000,-4000,Mésolithique irlandais,Irish Mesolithic,https://en.wikipedia.org/wiki/Irish_Mesolithic,https://en.wikipedia.org/wiki/Irish_Mesolithic,,undefined,oklch(62.3% 0.214 259.815),,
true,cultures:europe:kunda_culture,cultures-europe,-8500,-5000,Culture de Kunda,Kunda culture,https://fr.wikipedia.org/wiki/Culture_de_Kunda,https://en.wikipedia.org/wiki/Kunda_culture,"Culture archéologique, des pays baltes, mésolithique de chasseurs-cueilleurs, 8000 à 6000 av, J.-C.",Archaeological culture,oklch(62.3% 0.214 259.815),,
true,cultures:europe:komsa_culture,cultures-europe,-10000,-2000,Culture Komsa,Komsa culture,https://fr.wikipedia.org/wiki/Culture_Komsa,https://en.wikipedia.org/wiki/Komsa_culture,,Mesolithic culture in Norway,oklch(62.3% 0.214 259.815),,
true,cultures:europe:elshanka_culture,cultures-europe,-7000,-6000,Culture d'Elchanka,Elshanka culture,https://en.wikipedia.org/wiki/Elshanka_culture,https://en.wikipedia.org/wiki/Elshanka_culture,,Mesolithic and Early Neolithic culture,oklch(62.3% 0.214 259.815),,
true,cultures:europe:khirokitia,cultures-europe,-7000,-3500,Choirokoitia,Khirokitia,https://fr.wikipedia.org/wiki/Choirokoitia,https://en.wikipedia.org/wiki/Khirokitia,site archéologique de Chypre,Village in Cyprus,oklch(62.3% 0.214 259.815),,
true,cultures:europe:sesklo,cultures-europe,-6850,-4400,Sesklo,Sesklo,https://fr.wikipedia.org/wiki/Sesklo,https://en.wikipedia.org/wiki/Sesklo,,Community in Greece,oklch(62.3% 0.214 259.815),,
true,cultures:europe:bug%e2%80%93dniester_culture,cultures-europe,-6500,-5000,Culture Boug-Dniestr,Bug–Dniester culture,https://en.wikipedia.org/w/index.php?title=Special%3ASearch&search=Bug%E2%80%93Dniester+culture&wprov=acrw1_0,https://en.wikipedia.org/w/index.php?title=Special%3ASearch&search=Bug%E2%80%93Dniester+culture&wprov=acrw1_0,,Archaeological culture,oklch(62.3% 0.214 259.815),,
true,cultures:europe:seroglazovka_culture,cultures-europe,-8000,-5500,Seroglazovka culture,Seroglazovka culture,https://en.wikipedia.org/wiki/Seroglazovka_culture,https://en.wikipedia.org/wiki/Seroglazovka_culture,,Mesolithic archaeological culture,oklch(62.3% 0.214 259.815),,
true,cultures:europe:neman_culture,cultures-europe,-5100,-2000,Culture du Nioman,Neman culture,https://en.wikipedia.org/wiki/Neman_culture,https://en.wikipedia.org/wiki/Neman_culture,,undefined,oklch(62.3% 0.214 259.815),,
true,cultures:europe:kongemose_culture,cultures-europe,-6200,-5300,Kongemosien,Kongemose culture,https://fr.wikipedia.org/wiki/Kongemosien,https://en.wikipedia.org/wiki/Kongemose_culture,,Mesolithic hunter-gatherer culture in southern Scandinavia,oklch(62.3% 0.214 259.815),,
true,cultures:europe:cardium_pottery,cultures-europe,-5700,-5000,Culture de la céramique cardiale,Cardium pottery,https://fr.wikipedia.org/wiki/Culture_de_la_céramique_cardiale,https://en.wikipedia.org/wiki/Cardium_pottery,,Archaeological culture,oklch(62.3% 0.214 259.815),,
true,cultures:europe:karanovo_culture,cultures-europe,-6200,-4000,Culture de Karanovo,Karanovo culture,https://fr.wikipedia.org/wiki/Culture_de_Karanovo,https://en.wikipedia.org/wiki/Karanovo_culture,,Neolithic to Chalcolithic culture in Bulgaria,oklch(62.3% 0.214 259.815),,
true,cultures:europe:star%c4%8devo_culture,cultures-europe,-6200,-5600,Culture de Starčevo,Starčevo culture,https://fr.wikipedia.org/wiki/Culture_de_Star%C4%8Devo,https://en.wikipedia.org/wiki/Star%C4%8Devo_culture,,Archaeological culture of Southeastern Europe,oklch(62.3% 0.214 259.815),,
true,cultures:europe:star%c4%8devo%e2%80%93k%c3%b6r%c3%b6s%e2%80%93cri%c8%99_culture,cultures-europe,-6200,-4500,Culture Starčevo–Körös–Criș,Starčevo–Körös–Criș culture,https://en.wikipedia.org/wiki/Star%C4%8Devo%E2%80%93K%C3%B6r%C3%B6s%E2%80%93Cri%C8%99_culture,https://en.wikipedia.org/wiki/Star%C4%8Devo%E2%80%93K%C3%B6r%C3%B6s%E2%80%93Cri%C8%99_culture,,Grouping of archaeological cultures,oklch(62.3% 0.214 259.815),,
true,cultures:europe:n%c3%b8stvet_and_lihult_cultures,cultures-europe,-6200,-3200,Cultures Nøstvet et Lihult,Nøstvet and Lihult cultures,https://fr.wikipedia.org/wiki/Cultures_Nøstvet_et_Lihult,https://en.wikipedia.org/wiki/N%C3%B8stvet_and_Lihult_cultures,,Two similar Mesolithic cultures in Scandinavian prehistory,oklch(62.3% 0.214 259.815),,
true,cultures:europe:kakanj_culture,cultures-europe,-6200,-4200,Culture de Kakanj,Kakanj culture,https://fr.wikipedia.org/wiki/Culture_de_Kakanj,https://en.wikipedia.org/wiki/Kakanj_culture,,Early Neolithic culture in Central Bosnia,oklch(62.3% 0.214 259.815),,
true,cultures:europe:k%c3%b6r%c3%b6s_culture,cultures-europe,-5800,-5300,Culture de Körös,Körös culture,https://en.wikipedia.org/wiki/K%C3%B6r%C3%B6s_culture,https://en.wikipedia.org/wiki/K%C3%B6r%C3%B6s_culture,,Archaeological culture,oklch(62.3% 0.214 259.815),,
true,cultures:europe:dude%c8%99ti_culture,cultures-europe,-5800,-5000,Culture de Dudești,Dudești culture,https://en.wikipedia.org/wiki/Dude%C8%99ti_culture,https://en.wikipedia.org/wiki/Dude%C8%99ti_culture,,Neolithic archaeological culture,oklch(62.3% 0.214 259.815),,
true,cultures:europe:vin%c4%8da_culture,cultures-europe,-5500,-3500,Culture de Vinča,Vinča culture,https://fr.wikipedia.org/wiki/Culture_de_Vinča,https://en.wikipedia.org/wiki/Vin%C4%8Da_culture,"culture néolithique des Balkans, entre 5500 et 3500 ans av. J.-C.",Southeastern European Neolithic archaeological culture,oklch(62.3% 0.214 259.815),,
true,cultures:europe:first_temperate_neolithic,cultures-europe,-6400,-5100,Premier Néolithique tempéré,First Temperate Neolithic,https://en.wikipedia.org/wiki/First_Temperate_Neolithic,https://en.wikipedia.org/wiki/First_Temperate_Neolithic,,Archaeological horizon of Neolithic Southeastern Europe,oklch(62.3% 0.214 259.815),,
true,cultures:europe:danubian_culture,cultures-europe,-5500,-4500,Culture danubienne,Danubian culture,https://en.wikipedia.org/wiki/Danubian_culture,https://en.wikipedia.org/wiki/Danubian_culture,,Neolithic archaeological culture in Eastern Europe,oklch(62.3% 0.214 259.815),,
true,cultures:europe:samara_culture,cultures-europe,-5200,-4800,Culture de Samara,Samara culture,https://fr.wikipedia.org/wiki/Culture_de_Samara,https://en.wikipedia.org/wiki/Samara_culture,,Prehistoric culture in modern Russia,oklch(62.3% 0.214 259.815),,
true,cultures:europe:stentinello_culture,cultures-europe,-5500,-4400,Culture de Stentinello,Stentinello culture,https://fr.wikipedia.org/wiki/Culture_de_Stentinello,https://en.wikipedia.org/wiki/Stentinello_culture,,undefined,oklch(62.3% 0.214 259.815),,
true,cultures:europe:cucuteni%e2%80%93trypillia_culture,cultures-europe,-5800,-2800,Culture de Cucuteni-Trypillia,Cucuteni–Trypillia culture,https://fr.wikipedia.org/wiki/Culture_de_Cucuteni-Trypillia,https://en.wikipedia.org/wiki/Cucuteni%E2%80%93Trypillia_culture,culture néolithique en Roumanie et Ukraine,Neolithic–Eneolithic archaeological culture of southeastern Europe,oklch(62.3% 0.214 259.815),,
true,cultures:europe:linear_pottery_culture,cultures-europe,-5500,-4700,Culture rubanée,Linear Pottery culture,https://fr.wikipedia.org/wiki/Culture_rubanée,https://en.wikipedia.org/wiki/Linear_Pottery_culture,"culture archéologique néolithique d'Europe centrale, datée de 5 500 à 4 700 ans av. J.-C.",Archaeological horizon of Neolithic Europe,oklch(62.3% 0.214 259.815),,
true,cultures:europe:tisza_culture,cultures-europe,-4200,-3200,Culture de Tisza,Tisza culture,https://fr.wikipedia.org/wiki/Culture_de_Tisza,https://en.wikipedia.org/wiki/Tisza_culture,Culture Tisza,Neolithic European archaeological culture,oklch(62.3% 0.214 259.815),,
true,cultures:europe:sopot_culture,cultures-europe,-5500,-3800,Culture de Sopot,Sopot culture,https://fr.wikipedia.org/wiki/Culture_de_Sopot,https://en.wikipedia.org/wiki/Sopot_culture,,undefined,oklch(62.3% 0.214 259.815),,
true,cultures:europe:narva_culture,cultures-europe,-5400,-2000,Culture de Narva,Narva culture,https://fr.wikipedia.org/wiki/Culture_de_Narva,https://en.wikipedia.org/wiki/Narva_culture,,Archaeological culture,oklch(62.3% 0.214 259.815),,
true,cultures:europe:swifterbant_culture,cultures-europe,-5300,-3400,Culture de Swifterbant,Swifterbant culture,https://en.wikipedia.org/wiki/Swifterbant_culture,https://en.wikipedia.org/wiki/Swifterbant_culture,,undefined,oklch(62.3% 0.214 259.815),,
true,cultures:europe:erteb%c3%b8lle_culture,cultures-europe,-5300,-4000,Culture d'Ertebølle,Ertebølle culture,https://fr.wikipedia.org/wiki/Culture_d'Ertebølle,https://en.wikipedia.org/wiki/Erteb%C3%B8lle_culture,culture du Mésolithique final du sud de la Scandinavie,Archaeological culture,oklch(62.3% 0.214 259.815),,
true,cultures:europe:hamangia_culture,cultures-europe,-5250,-4500,Culture de Hamangia,Hamangia culture,https://fr.wikipedia.org/wiki/Culture_de_Hamangia,https://en.wikipedia.org/wiki/Hamangia_culture,,Late Neolithic European archaeological culture,oklch(62.3% 0.214 259.815),,
true,cultures:europe:b%c3%bckk_culture,cultures-europe,-5200,-4800,Culture de Bükk,Bükk culture,https://en.wikipedia.org/wiki/B%C3%BCkk_culture,https://en.wikipedia.org/wiki/B%C3%BCkk_culture,,Archaeological culture in Europe,oklch(62.3% 0.214 259.815),,
true,cultures:europe:g%c4%a7ar_dalam_phase,cultures-europe,-5900,-4500,Għar Dalam phase,Għar Dalam phase,https://en.wikipedia.org/wiki/G%C4%A7ar_Dalam_phase,https://en.wikipedia.org/wiki/G%C4%A7ar_Dalam_phase,,undefined,oklch(62.3% 0.214 259.815),,
true,cultures:europe:butmir_culture,cultures-europe,-5100,-4500,Culture de Butmir,Butmir culture,https://fr.wikipedia.org/wiki/Culture_de_Butmir,https://en.wikipedia.org/wiki/Butmir_culture,Culture archéologique néolithique de Bosnie-Herzégovine,"Culture in Butmir, Bosnia and Herzegovina",oklch(62.3% 0.214 259.815),,
true,cultures:europe:bonu_ighinu_culture,cultures-europe,-5100,-4500,Culture de Bonu Ighinu,Bonu Ighinu culture,https://en.wikipedia.org/wiki/Bonu_Ighinu_culture,https://en.wikipedia.org/wiki/Bonu_Ighinu_culture,,Sardinian archaeological culture,oklch(62.3% 0.214 259.815),,
true,cultures:europe:cerny_culture,cultures-europe,-4500,-4000,Culture de Cerny,Cerny culture,https://fr.wikipedia.org/wiki/Culture_de_Cerny,https://en.wikipedia.org/wiki/Cerny_culture,,Neolithic archaeological culture,oklch(62.3% 0.214 259.815),,
true,cultures:europe:dnieper%e2%80%93donets_culture,cultures-europe,-5000,-4200,Culture Dniepr-Donets,Dnieper–Donets culture,https://fr.wikipedia.org/wiki/Culture_Dniepr-Donets,https://en.wikipedia.org/wiki/Dnieper%E2%80%93Donets_culture,culture archéologique,Prehistoric culture north of the Black Sea c. 5000–4200 BCE,oklch(62.3% 0.214 259.815),,
true,cultures:europe:lengyel_culture,cultures-europe,-5000,-4000,Culture de Lengyel,Lengyel culture,https://en.wikipedia.org/wiki/Lengyel_culture,https://en.wikipedia.org/wiki/Lengyel_culture,,Central European archeological culture (c. 5000–4000 BC),oklch(62.3% 0.214 259.815),,
true,cultures:europe:mariupol_culture,cultures-europe,-5000,-4000,Culture de Mariupol,Mariupol culture,https://en.wikipedia.org/wiki/Mariupol_culture,https://en.wikipedia.org/wiki/Mariupol_culture,,Neolithic culture in southern Russia and Ukraine,oklch(62.3% 0.214 259.815),,
true,cultures:europe:hinkelstein_culture,cultures-europe,-5000,-4900,Hinkelstein culture,Hinkelstein culture,https://en.wikipedia.org/wiki/Hinkelstein_culture,https://en.wikipedia.org/wiki/Hinkelstein_culture,,undefined,oklch(62.3% 0.214 259.815),,
true,cultures:europe:khvalynsk_culture,cultures-europe,-4900,-3500,Culture de Khvalynsk,Khvalynsk culture,https://fr.wikipedia.org/wiki/Culture_de_Khvalynsk,https://en.wikipedia.org/wiki/Khvalynsk_culture,culture de l'âge du bronze de la région de la Volga,Archaeological culture,oklch(62.3% 0.214 259.815),,
true,cultures:europe:square-mouthed_vases_culture,cultures-europe,-5100,-3800,Culture des Vases à embouchure carrée,Square-mouthed vases culture,https://en.wikipedia.org/wiki/Square-mouthed_vases_culture,https://en.wikipedia.org/wiki/Square-mouthed_vases_culture,,Neolithic culture in northern Italy,oklch(62.3% 0.214 259.815),,
true,cultures:europe:stroke-ornamented_ware_culture,cultures-europe,-4900,-4400,Culture à céramique ornée d'impressions,Stroke-ornamented ware culture,https://en.wikipedia.org/wiki/Stroke-ornamented_ware_culture,https://en.wikipedia.org/wiki/Stroke-ornamented_ware_culture,,Archeological horizon of Central Europe (4900–4400 BC),oklch(62.3% 0.214 259.815),,
true,cultures:europe:gumelni%c8%9ba_culture,cultures-europe,-4700,-3950,Gumelnița culture,Gumelnița culture,https://en.wikipedia.org/wiki/Gumelni%C8%9Ba_culture,https://en.wikipedia.org/wiki/Gumelni%C8%9Ba_culture,,Neolithic culture of Europe,oklch(62.3% 0.214 259.815),,
true,cultures:europe:danilo_culture,cultures-europe,-5600,-4900,Culture de Danilo,Danilo culture,https://fr.wikipedia.org/wiki/Culture_de_Danilo,https://en.wikipedia.org/wiki/Danilo_culture,Culture yougoslave du Néolithique moyen,Neolithic culture of the Dalmatian coast dating to 4700-3900 BC,oklch(62.3% 0.214 259.815),,
true,cultures:europe:gumelni%c8%9ba%e2%80%93kod%c5%beadermen-karanovo_vi_complex,cultures-europe,-5000,-4000,Culture de Gumelnița-Kodjadermen-Karanovo,Gumelnița–Kodžadermen-Karanovo VI complex,https://fr.wikipedia.org/wiki/Culture_de_Gumelnița-Kodjadermen-Karanovo,https://en.wikipedia.org/wiki/Gumelni%C8%9Ba%E2%80%93Kod%C5%BEadermen-Karanovo_VI_complex,culture chalcolithique des Balkans,Neolithic culture,oklch(62.3% 0.214 259.815),,
true,cultures:europe:r%c3%b6ssen_culture,cultures-europe,-4600,-4300,Culture de Rössen,Rössen culture,https://en.wikipedia.org/wiki/R%C3%B6ssen_culture,https://en.wikipedia.org/wiki/R%C3%B6ssen_culture,,undefined,oklch(62.3% 0.214 259.815),,
true,cultures:europe:varna_culture,cultures-europe,-4550,-4100,Varna culture,Varna culture,https://en.wikipedia.org/wiki/Varna_culture,https://en.wikipedia.org/wiki/Varna_culture,,Prehistoric culture in Bulgaria (ca. 4500 BCE),oklch(62.3% 0.214 259.815),,
true,cultures:europe:chass%c3%a9en_culture,cultures-europe,-4350,-3300,Chasséen,Chasséen culture,https://fr.wikipedia.org/wiki/Chasséen,https://en.wikipedia.org/wiki/Chass%C3%A9en_culture,culture archéologique du néolithique,Archaeological culture in prehistoric France,oklch(62.3% 0.214 259.815),,
true,cultures:europe:sredny_stog_culture,cultures-europe,-4200,-3500,Culture de Sredny Stog,Sredny Stog culture,https://fr.wikipedia.org/wiki/Culture_de_Sredny_Stog,https://en.wikipedia.org/wiki/Sredny_Stog_culture,,Archaeological culture in Eastern Europe,oklch(62.3% 0.214 259.815),,
true,cultures:europe:tiszapolg%c3%a1r_culture,cultures-europe,-4500,-4000,Tiszapolgár culture,Tiszapolgár culture,https://en.wikipedia.org/wiki/Tiszapolg%C3%A1r_culture,https://en.wikipedia.org/wiki/Tiszapolg%C3%A1r_culture,,4500–4000 BC European archaeological culture,oklch(62.3% 0.214 259.815),,
true,cultures:europe:michelsberg_culture,cultures-europe,-4400,-3500,Culture de Michelsberg,Michelsberg culture,https://en.wikipedia.org/wiki/Michelsberg_culture,https://en.wikipedia.org/wiki/Michelsberg_culture,,Central European Neolithic culture,oklch(62.3% 0.214 259.815),,
true,cultures:europe:funnelbeaker_culture,cultures-europe,-4300,-2800,Culture des vases a entonnoir,Funnelbeaker culture,https://fr.wikipedia.org/wiki/Culture_des_vases_à_entonnoir,https://en.wikipedia.org/wiki/Funnelbeaker_culture,TRB - culture de l'Europe du Néolithique,North-central European culture around 4300–2800 BCE,oklch(62.3% 0.214 259.815),,
true,cultures:europe:boian_culture,cultures-europe,-4300,-3500,Culture de Boian,Boian culture,https://en.wikipedia.org/wiki/Boian_culture,https://en.wikipedia.org/wiki/Boian_culture,,Neolithic archaeological culture,oklch(62.3% 0.214 259.815),,
true,cultures:europe:sepulcres_de_fossa_culture,cultures-europe,-4200,-3600,Culture des Sepulcres de fossa,Sepulcres de fossa culture,https://en.wikipedia.org/wiki/Sepulcres_de_fossa_culture,https://en.wikipedia.org/wiki/Sepulcres_de_fossa_culture,,Neolithic archaeological culture,oklch(62.3% 0.214 259.815),,
true,cultures:europe:comb_ceramic_culture,cultures-europe,-4200,-2000,Culture à céramique peignée,Comb Ceramic culture,https://en.wikipedia.org/wiki/Comb_Ceramic_culture,https://en.wikipedia.org/wiki/Comb_Ceramic_culture,,Ancient northeast European culture,oklch(62.3% 0.214 259.815),,
true,cultures:europe:san_ciriaco_culture,cultures-europe,-4500,-4000,San Ciriaco culture,San Ciriaco culture,https://en.wikipedia.org/wiki/San_Ciriaco_culture,https://en.wikipedia.org/wiki/San_Ciriaco_culture,,Sardinian archaeological culture,oklch(62.3% 0.214 259.815),,
true,cultures:europe:windmill_hill_culture,cultures-europe,-3000,-2000,Culture de Windmill Hill,Windmill Hill culture,https://fr.wikipedia.org/wiki/Culture_de_Windmill_Hill,https://en.wikipedia.org/wiki/Windmill_Hill_culture,,undefined,oklch(62.3% 0.214 259.815),,
true,cultures:europe:cernavod%c4%83_culture,cultures-europe,-4000,-3200,Culture de Cernavodă,Cernavodă culture,https://fr.wikipedia.org/wiki/Culture_de_Cernavodă,https://en.wikipedia.org/wiki/Cernavod%C4%83_culture,culture néolithique de l'âge du cuivre,Archaeological culture (c. 4000-3200),oklch(62.3% 0.214 259.815),,
true,cultures:europe:cortaillod_culture,cultures-europe,-4500,-3350,Culture de Cortaillod,Cortaillod culture,https://fr.wikipedia.org/wiki/Culture_de_Cortaillod,https://en.wikipedia.org/wiki/Cortaillod_culture,culture archéologique,Neolithic culture in Switzerland,oklch(62.3% 0.214 259.815),,
true,cultures:europe:pfyn_culture,cultures-europe,-4300,-3500,Culture de Pfyn,Pfyn culture,https://en.wikipedia.org/wiki/Pfyn_culture,https://en.wikipedia.org/wiki/Pfyn_culture,,Neolithic archaeological culture in Central Europe,oklch(62.3% 0.214 259.815),,
true,cultures:europe:repin_culture,cultures-europe,-3900,-3300,Culture de Repin,Repin culture,https://en.wikipedia.org/wiki/Repin_culture,https://en.wikipedia.org/wiki/Repin_culture,,4th millennium BC Eneolithic archaeological culture in Eastern Europe,oklch(62.3% 0.214 259.815),,
true,cultures:europe:altheim_culture,cultures-europe,-3800,-3400,Culture d'Altheim,Altheim culture,https://en.wikipedia.org/wiki/Altheim_culture,https://en.wikipedia.org/wiki/Altheim_culture,,Archaeological culture,oklch(62.3% 0.214 259.815),,
true,cultures:europe:baalberge_group,cultures-europe,-3800,-3400,Culture de Baalberge,Baalberge group,https://fr.wikipedia.org/wiki/Culture_de_Baalberge,https://en.wikipedia.org/wiki/Baalberge_group,,Archaeological culture,oklch(62.3% 0.214 259.815),,
true,cultures:europe:langdale_axe_industry,cultures-europe,-4000,-3500,Industrie des haches de Langdale,Langdale axe industry,https://fr.wikipedia.org/wiki/Industrie_des_haches_de_Langdale,https://en.wikipedia.org/wiki/Langdale_axe_industry,,Stone tool manufacturing,oklch(62.3% 0.214 259.815),,
true,cultures:europe:m%c4%a1arr_phase,cultures-europe,-3800,-3600,Phase de Mġarr,Mġarr phase,https://en.wikipedia.org/wiki/M%C4%A1arr_phase,https://en.wikipedia.org/wiki/M%C4%A1arr_phase,,Prehistoric period in Malta,oklch(62.3% 0.214 259.815),,
true,cultures:europe:mondsee_group,cultures-europe,-3800,-2800,Groupe de Mondsee,Mondsee group,https://en.wikipedia.org/wiki/Mondsee_group,https://en.wikipedia.org/wiki/Mondsee_group,,undefined,oklch(62.3% 0.214 259.815),,
true,cultures:europe:kemi_oba_culture,cultures-europe,-3700,-2200,Kemi Oba culture,Kemi Oba culture,https://en.wikipedia.org/wiki/Kemi_Oba_culture,https://en.wikipedia.org/wiki/Kemi_Oba_culture,,undefined,oklch(62.3% 0.214 259.815),,
true,cultures:europe:maykop_culture,cultures-europe,-3700,-3000,Culture de Maikop,Maykop culture,https://en.wikipedia.org/wiki/Maykop_culture,https://en.wikipedia.org/wiki/Maykop_culture,,Bronze Age civilization in the Caucasus (c. 3700–3000 BC),oklch(62.3% 0.214 259.815),,
true,cultures:europe:novosvobodnaya_culture,cultures-europe,-3500,-3100,Culture de Novosvobodnaïa,Novosvobodnaya culture,https://en.wikipedia.org/wiki/Novosvobodnaya_culture,https://en.wikipedia.org/wiki/Novosvobodnaya_culture,,Early Bronze Age archaeological culture in the North Caucasus,oklch(62.3% 0.214 259.815),,
true,cultures:europe:rinaldone_culture,cultures-europe,-3700,-2100,Culture de Rinaldone,Rinaldone culture,https://en.wikipedia.org/wiki/Rinaldone_culture,https://en.wikipedia.org/wiki/Rinaldone_culture,,Eneolithic culture in 3–4 BCE,oklch(62.3% 0.214 259.815),,
true,cultures:europe:baden_culture,cultures-europe,-3600,-2800,Culture de Baden,Baden culture,https://fr.wikipedia.org/wiki/Culture_de_Baden,https://en.wikipedia.org/wiki/Baden_culture,,Copper Age culture in south-central Europe (c. 3520–2690 BC),oklch(62.3% 0.214 259.815),,
true,cultures:europe:mykhailivka_culture,cultures-europe,-3600,-3000,Culture de Mykhailivka,Mykhailivka culture,https://en.wikipedia.org/wiki/Mykhailivka_culture,https://en.wikipedia.org/wiki/Mykhailivka_culture,,Archeological culture in the Pontic steppe (3600–3000 BCE),oklch(62.3% 0.214 259.815),,
true,cultures:europe:tei_culture,cultures-europe,-2000,-1400,Culture de Tei,Tei culture,https://en.wikipedia.org/wiki/Tei_culture,https://en.wikipedia.org/wiki/Tei_culture,,Bronze age culture in Europe,oklch(62.3% 0.214 259.815),,
true,cultures:europe:wartberg_culture,cultures-europe,-3600,-2800,Culture de Wartberg,Wartberg culture,https://en.wikipedia.org/wiki/Wartberg_culture,https://en.wikipedia.org/wiki/Wartberg_culture,,undefined,oklch(62.3% 0.214 259.815),,
true,cultures:europe:megalithic_temples_of_malta,cultures-europe,-3600,-2500,Temples mégalithiques de Malte,Megalithic Temples of Malta,https://fr.wikipedia.org/wiki/Temples_mégalithiques_de_Malte,https://en.wikipedia.org/wiki/Megalithic_Temples_of_Malta,ensemble de temples présents dans l'archipel maltais,Ancient temples of Malta (3600 BC–2500 BC),oklch(62.3% 0.214 259.815),,
true,cultures:europe:horgen_culture,cultures-europe,-3500,-2850,Horgen culture,Horgen culture,https://en.wikipedia.org/wiki/Horgen_culture,https://en.wikipedia.org/wiki/Horgen_culture,,Neolithic culture in Switzerland,oklch(62.3% 0.214 259.815),,
true,cultures:europe:hvar_culture,cultures-europe,-3500,-2500,Hvar culture,Hvar culture,https://en.wikipedia.org/wiki/Hvar_culture,https://en.wikipedia.org/wiki/Hvar_culture,,Neolithic culture in the eastern Adriatic coast,oklch(62.3% 0.214 259.815),,
true,cultures:europe:peterborough_ware,cultures-europe,-3500,-2500,Céramique de Peterborough,Peterborough ware,https://en.wikipedia.org/wiki/Peterborough_ware,https://en.wikipedia.org/wiki/Peterborough_ware,,Pottery style of the British Neolithic,oklch(62.3% 0.214 259.815),,
true,cultures:europe:v%c3%a9raza_culture,cultures-europe,-3500,-2000,Culture de Véraza,Véraza culture,https://en.wikipedia.org/wiki/V%C3%A9raza_culture,https://en.wikipedia.org/wiki/V%C3%A9raza_culture,,undefined,oklch(62.3% 0.214 259.815),,
true,cultures:europe:nakhchivan_culture,cultures-europe,-3000,-1000,Culture de Nakhitchevan,Nakhchivan culture,https://en.wikipedia.org/wiki/Nakhchivan_culture,https://en.wikipedia.org/wiki/Nakhchivan_culture,,"Archaeological culture from the 3rd and 2nd millennium BC, Azerbaijan",oklch(62.3% 0.214 259.815),,
true,cultures:europe:co%c8%9bofeni_culture,cultures-europe,-3500,-2500,Culture de Coțofeni,Coțofeni culture,https://en.wikipedia.org/wiki/Co%C8%9Bofeni_culture,https://en.wikipedia.org/wiki/Co%C8%9Bofeni_culture,,Early Bronze Age archaeological culture,oklch(62.3% 0.214 259.815),,
true,cultures:europe:usatove_culture,cultures-europe,-3650,-2740,Culture d'Usatovo,Usatove culture,https://fr.wikipedia.org/wiki/Culture_d'Usatovo,https://en.wikipedia.org/wiki/Usatove_culture,,Archaeological culture,oklch(62.3% 0.214 259.815),,
true,cultures:europe:minoan_civilization,cultures-europe,-2700,-1200,Civilisation minoenne,Minoan civilization,https://fr.wikipedia.org/wiki/Civilisation_minoenne,https://en.wikipedia.org/wiki/Minoan_civilization,civilisation de l'âge du bronze,Bronze Age civilization on Crete and other Aegean Islands,oklch(62.3% 0.214 259.815),,
true,cultures:europe:globular_amphora_culture,cultures-europe,-3400,-2300,Culture des amphores globulaires,Globular Amphora culture,https://fr.wikipedia.org/wiki/Culture_des_amphores_globulaires,https://en.wikipedia.org/wiki/Globular_Amphora_culture,culture néolithique en Europe centrale et orientale,Archaeological culture in Central Europe,oklch(62.3% 0.214 259.815),,
true,cultures:europe:salzm%c3%bcnde_group,cultures-europe,-3400,-3000,Groupe de Salzmünde,Salzmünde group,https://en.wikipedia.org/wiki/Salzm%C3%BCnde_group,https://en.wikipedia.org/wiki/Salzm%C3%BCnde_group,,undefined,oklch(62.3% 0.214 259.815),,
true,cultures:europe:vlaardingen_culture,cultures-europe,-3500,-2500,Culture de Vlaardingen,Vlaardingen culture,https://en.wikipedia.org/wiki/Vlaardingen_culture,https://en.wikipedia.org/wiki/Vlaardingen_culture,,Neolithic archaeological culture in the Netherlands,oklch(62.3% 0.214 259.815),,
true,cultures:europe:arzachena_culture,cultures-europe,-4300,-3700,Culture d'Arzachena,Arzachena culture,https://fr.wikipedia.org/wiki/Culture_d'Arzachena,https://en.wikipedia.org/wiki/Arzachena_culture,,4000 B.C. Corsican and Sardinian culture,oklch(62.3% 0.214 259.815),,
true,cultures:europe:remedello_culture,cultures-europe,-3400,-2400,Culture de Remedello,Remedello culture,https://fr.wikipedia.org/wiki/Culture_de_Remedello,https://en.wikipedia.org/wiki/Remedello_culture,,Culture during the Copper Age in Northern Italy,oklch(62.3% 0.214 259.815),,
true,cultures:europe:ezero_culture,cultures-europe,-3300,-2700,Culture d'Ezero,Ezero culture,https://en.wikipedia.org/wiki/Ezero_culture,https://en.wikipedia.org/wiki/Ezero_culture,,undefined,oklch(62.3% 0.214 259.815),,
true,cultures:europe:novotitarovskaya_culture,cultures-europe,-3300,-2700,Culture de Novotitarovskaïa,Novotitarovskaya culture,https://en.wikipedia.org/wiki/Novotitarovskaya_culture,https://en.wikipedia.org/wiki/Novotitarovskaya_culture,,undefined,oklch(62.3% 0.214 259.815),,
true,cultures:europe:saflieni_phase,cultures-europe,-3300,-3000,Phase de Saflieni,Saflieni phase,https://en.wikipedia.org/wiki/Saflieni_phase,https://en.wikipedia.org/wiki/Saflieni_phase,,Archaeological phase of Maltese prehistory,oklch(62.3% 0.214 259.815),,
true,cultures:europe:levantine_bronze_age,cultures-europe,-2200,-1500,Âge du bronze levantin,Levantine Bronze Age,https://en.wikipedia.org/wiki/Levantine_Bronze_Age,https://en.wikipedia.org/wiki/Levantine_Bronze_Age,,"Culture of eastern Spain, 2200–1500 BC",oklch(62.3% 0.214 259.815),,
true,cultures:europe:yamnaya_culture,cultures-europe,-3600,-2300,Culture Yamna,Yamnaya culture,https://fr.wikipedia.org/wiki/Culture_Yamna,https://en.wikipedia.org/wiki/Yamnaya_culture,culture archéologique,Archaeological culture in the Pontic steppe circa 3300 BCE),oklch(62.3% 0.214 259.815),,
true,cultures:europe:los_millares,cultures-europe,-3020,-2000,Los Millares,Los Millares,https://en.wikipedia.org/wiki/Los_Millares,https://en.wikipedia.org/wiki/Los_Millares,,Chalcolithic occupation site in Spain,oklch(62.3% 0.214 259.815),,
true,cultures:europe:pitted_ware_culture,cultures-europe,-3500,-2300,Culture des vases perforés,Pitted Ware culture,https://en.wikipedia.org/wiki/Pitted_Ware_culture,https://en.wikipedia.org/wiki/Pitted_Ware_culture,,Archaeological culture,oklch(62.3% 0.214 259.815),,
true,cultures:europe:walternienburg-bernburg_culture,cultures-europe,-3100,-2700,Culture de Walternienburg-Bernburg,Walternienburg-Bernburg culture,https://en.wikipedia.org/wiki/Walternienburg-Bernburg_culture,https://en.wikipedia.org/wiki/Walternienburg-Bernburg_culture,,undefined,oklch(62.3% 0.214 259.815),,
true,cultures:europe:eutresis_culture,cultures-europe,-3200,-2650,Culture d'Eutrésie,Eutresis culture,https://en.wikipedia.org/wiki/Eutresis_culture,https://en.wikipedia.org/wiki/Eutresis_culture,,Neolithic and Early Bronze Age archaeological culture in mainland Greece,oklch(62.3% 0.214 259.815),,
true,cultures:europe:ozieri_culture,cultures-europe,-4000,-2800,Culture d'Ozieri,Ozieri culture,https://fr.wikipedia.org/wiki/Culture_d'Ozieri,https://en.wikipedia.org/wiki/Ozieri_culture,,Prehistoric culture on Sardinia,oklch(62.3% 0.214 259.815),,
true,cultures:europe:cycladic_culture,cultures-europe,-3200,-1050,Culture des Cyclades,Cycladic culture,https://fr.wikipedia.org/wiki/Culture_des_Cyclades,https://en.wikipedia.org/wiki/Cycladic_culture,culture archéologique de l'Âge du bronze,Bronze Age culture,oklch(62.3% 0.214 259.815),,
true,cultures:europe:tarxien_phase,cultures-europe,-3000,-2500,Phase de Tarxien,Tarxien phase,https://en.wikipedia.org/wiki/Tarxien_phase,https://en.wikipedia.org/wiki/Tarxien_phase,,undefined,oklch(62.3% 0.214 259.815),,
true,cultures:europe:gaudo_culture,cultures-europe,-3150,-2300,Culture de Gaudo,Gaudo culture,https://fr.wikipedia.org/wiki/Culture_de_Gaudo,https://en.wikipedia.org/wiki/Gaudo_culture,culture énéolithique qui se développe à partir de la fin du IVe millénaire av. J.-C. et durant le IIIe millénaire av. J.-C. dans le Sud de l'Italie,undefined,oklch(62.3% 0.214 259.815),,
true,cultures:europe:seine%e2%80%93oise%e2%80%93marne_culture,cultures-europe,-3100,-2000,Culture Seine-Oise-Marne,Seine–Oise–Marne culture,https://fr.wikipedia.org/wiki/Culture_Seine-Oise-Marne,https://en.wikipedia.org/wiki/Seine%E2%80%93Oise%E2%80%93Marne_culture,,undefined,oklch(62.3% 0.214 259.815),,
true,cultures:europe:nordwestblock,cultures-europe,-3000,-500,Nordwestblock,Nordwestblock,https://fr.wikipedia.org/wiki/Nordwestblock,https://en.wikipedia.org/wiki/Nordwestblock,,Hypothetical European cultural region,oklch(62.3% 0.214 259.815),,
true,cultures:europe:vu%c4%8dedol_culture,cultures-europe,-3000,-2200,Culture de Vučedol,Vučedol culture,https://fr.wikipedia.org/wiki/Culture_de_Vučedol,https://en.wikipedia.org/wiki/Vu%C4%8Dedol_culture,,Archaeological culture,oklch(62.3% 0.214 259.815),,
true,cultures:europe:aegean_civilization,cultures-europe,-3000,-1100,Période égéenne,Aegean civilization,https://fr.wikipedia.org/wiki/Période_égéenne,https://en.wikipedia.org/wiki/Aegean_civilization,,Ancient Greek Bronze Age civilizations,oklch(62.3% 0.214 259.815),,
true,cultures:europe:fatyanovo%e2%80%93balanovo_culture,cultures-europe,-2900,-2050,Culture de Fatianovo-Balanovo,Fatyanovo–Balanovo culture,https://fr.wikipedia.org/wiki/Culture_de_Fatianovo-Balanovo,https://en.wikipedia.org/wiki/Fatyanovo%E2%80%93Balanovo_culture,,Archaeological culture in modern-day Russia,oklch(62.3% 0.214 259.815),,
true,cultures:europe:corded_ware_culture,cultures-europe,-3000,-2200,Culture de la céramique cordée,Corded Ware culture,https://fr.wikipedia.org/wiki/Culture_de_la_céramique_cordée,https://en.wikipedia.org/wiki/Corded_Ware_culture,culture du Néolithique final en Europe du Nord,European Bronze Age culture,oklch(62.3% 0.214 259.815),,
true,cultures:europe:havelland_culture,cultures-europe,-3000,-2000,Havelland culture,Havelland culture,https://en.wikipedia.org/wiki/Havelland_culture,https://en.wikipedia.org/wiki/Havelland_culture,,undefined,oklch(62.3% 0.214 259.815),,
true,cultures:europe:middle_dnieper_culture,cultures-europe,-3200,-2300,Culture du Dniepr moyen,Middle Dnieper culture,https://fr.wikipedia.org/wiki/Culture_du_Dniepr_moyen,https://en.wikipedia.org/wiki/Middle_Dnieper_culture,,Archaeological culture in modern-day Ukraine and Belarus,oklch(62.3% 0.214 259.815),,
true,cultures:europe:single_grave_culture,cultures-europe,-2800,-2200,Culture des tombes individuelles,Single Grave culture,https://en.wikipedia.org/wiki/Single_Grave_culture,https://en.wikipedia.org/wiki/Single_Grave_culture,,Archaeological culture,oklch(62.3% 0.214 259.815),,
true,cultures:europe:battle_axe_culture,cultures-europe,-2800,-2300,Culture de la hache de combat,Battle Axe culture,https://en.wikipedia.org/wiki/Battle_Axe_culture,https://en.wikipedia.org/wiki/Battle_Axe_culture,,Chalcolithic European archaeological culture,oklch(62.3% 0.214 259.815),,
true,cultures:europe:bell_beaker_culture,cultures-europe,-2900,-1900,Culture campaniforme,Bell Beaker culture,https://fr.wikipedia.org/wiki/Culture_campaniforme,https://en.wikipedia.org/wiki/Bell_Beaker_culture,culture proto-historique,"European archaeological culture, 2800–1800 BC",oklch(62.3% 0.214 259.815),,
true,cultures:europe:catacomb_culture,cultures-europe,-2800,-2200,Culture des catacombes,Catacomb culture,https://fr.wikipedia.org/wiki/Culture_des_catacombes,https://en.wikipedia.org/wiki/Catacomb_culture,culture archéologique entre 2800 et 2200 AEC,"Bronze age steppe culture, 2500–1950 BC",oklch(62.3% 0.214 259.815),,
true,cultures:europe:abealzu-filigosa_culture,cultures-europe,-2700,-2400,Culture d'Abealzu-Filigosa,Abealzu-Filigosa culture,https://fr.wikipedia.org/wiki/Culture_d'Abealzu-Filigosa,https://en.wikipedia.org/wiki/Abealzu-Filigosa_culture,,Copper Age culture in Sardinia,oklch(62.3% 0.214 259.815),,
true,cultures:europe:colchian_culture,cultures-europe,-2700,-700,Culture colchidienne,Colchian culture,https://fr.wikipedia.org/wiki/Culture_colchidienne,https://en.wikipedia.org/wiki/Colchian_culture,,Neolithic culture of the western Caucasus,oklch(62.3% 0.214 259.815),,
true,cultures:europe:poltavka_culture,cultures-europe,-2800,-2100,Culture de Poltavka,Poltavka culture,https://en.wikipedia.org/wiki/Poltavka_culture,https://en.wikipedia.org/wiki/Poltavka_culture,,Early to middle Bronze Age archaeological culture of the middle Volga,oklch(62.3% 0.214 259.815),,
true,cultures:europe:rzucewo_culture,cultures-europe,-2700,-2100,Culture de Rzucewo,Rzucewo culture,https://en.wikipedia.org/wiki/Rzucewo_culture,https://en.wikipedia.org/wiki/Rzucewo_culture,,Local archaeological culture,oklch(62.3% 0.214 259.815),,
true,cultures:europe:korakou_culture,cultures-europe,-2700,-2000,Culture de Korakou,Korakou culture,https://en.wikipedia.org/wiki/Korakou_culture,https://en.wikipedia.org/wiki/Korakou_culture,,Early phase of Bronze Age Greece,oklch(62.3% 0.214 259.815),,
true,cultures:europe:glina-schneckenberg_culture,cultures-europe,-2600,-2000,Culture Glina-Schneckenberg,Glina-Schneckenberg culture,https://en.wikipedia.org/wiki/Glina-Schneckenberg_culture,https://en.wikipedia.org/wiki/Glina-Schneckenberg_culture,,undefined,oklch(62.3% 0.214 259.815),,
true,cultures:europe:abashevo_culture,cultures-europe,-2300,-1900,Culture d'Abachevo,Abashevo culture,https://fr.wikipedia.org/wiki/Culture_d'Abachevo,https://en.wikipedia.org/wiki/Abashevo_culture,,Bronze Age culture of the Urals,oklch(62.3% 0.214 259.815),,
true,cultures:europe:nagyr%c3%a9v_culture,cultures-europe,-3000,-1000,Culture de Nagyrév,Nagyrév culture,https://en.wikipedia.org/wiki/Nagyr%C3%A9v_culture,https://en.wikipedia.org/wiki/Nagyr%C3%A9v_culture,,Bronze Age culture in present-day Hungary,oklch(62.3% 0.214 259.815),,
true,cultures:europe:potapovka_culture,cultures-europe,-2100,-1800,Culture de Potapovka,Potapovka culture,https://en.wikipedia.org/wiki/Potapovka_culture,https://en.wikipedia.org/wiki/Potapovka_culture,,Bronze Age culture in Russia,oklch(62.3% 0.214 259.815),,
true,cultures:europe:tarxien_cemetery_phase,cultures-europe,-2500,-1500,Phase du cimetière de Tarxien,Tarxien Cemetery phase,https://en.wikipedia.org/wiki/Tarxien_Cemetery_phase,https://en.wikipedia.org/wiki/Tarxien_Cemetery_phase,,Part of Maltese prehistory (Bronze Age),oklch(62.3% 0.214 259.815),,
true,cultures:europe:bronze_age_britain,cultures-europe,-2220,-800,Âge du bronze britannique,Bronze Age Britain,https://fr.wikipedia.org/wiki/Âge_du_bronze_britannique,https://en.wikipedia.org/wiki/Bronze_Age_Britain,âge du bronze en Angleterre,Period of British history from c. 2500 until c. 800 BC,oklch(62.3% 0.214 259.815),,
true,cultures:europe:artenacian_culture,cultures-europe,-2900,-2000,Artenacien,Artenacian culture,https://fr.wikipedia.org/wiki/Artenacien,https://en.wikipedia.org/wiki/Artenacian_culture,,Prehistoric culture in France,oklch(62.3% 0.214 259.815),,
true,cultures:europe:food_vessel,cultures-europe,-2400,-1500,Vase alimentaire,Food Vessel,https://en.wikipedia.org/wiki/Food_Vessel,https://en.wikipedia.org/wiki/Food_Vessel,,undefined,oklch(62.3% 0.214 259.815),,
true,cultures:europe:trzciniec_culture,cultures-europe,-2400,-1300,Culture de Trzciniec,Trzciniec culture,https://en.wikipedia.org/wiki/Trzciniec_culture,https://en.wikipedia.org/wiki/Trzciniec_culture,,Bronze Age archaeological culture in Eastern Europe,oklch(62.3% 0.214 259.815),,
true,cultures:europe:monte_claro_culture,cultures-europe,-2400,-2100,Monte Claro culture,Monte Claro culture,https://en.wikipedia.org/wiki/Monte_Claro_culture,https://en.wikipedia.org/wiki/Monte_Claro_culture,,Chalcolithic culture on the island of Sardinia,oklch(62.3% 0.214 259.815),,
true,cultures:europe:cetina_culture,cultures-europe,-2300,-1600,Culture de Cetina,Cetina culture,https://en.wikipedia.org/wiki/Cetina_culture,https://en.wikipedia.org/wiki/Cetina_culture,,Bronze Age culture in Dalmatia,oklch(62.3% 0.214 259.815),,
true,cultures:europe:laterza_culture,cultures-europe,-2950,-2350,Culture de Laterza,Laterza culture,https://en.wikipedia.org/wiki/Laterza_culture,https://en.wikipedia.org/wiki/Laterza_culture,,Eneolithic culture in Southern Italy,oklch(62.3% 0.214 259.815),,
true,cultures:europe:rh%c3%b4ne_culture,cultures-europe,-2200,-1500,Culture du Rhône,Rhône culture,https://en.wikipedia.org/wiki/Rh%C3%B4ne_culture,https://en.wikipedia.org/wiki/Rh%C3%B4ne_culture,,Bronze Age culture in France and Switzerland,oklch(62.3% 0.214 259.815),,
true,cultures:europe:unstrut_culture,cultures-europe,-1300,-450,Culture d'Unstrut,Unstrut culture,https://en.wikipedia.org/wiki/Unstrut_culture,https://en.wikipedia.org/wiki/Unstrut_culture,,undefined,oklch(62.3% 0.214 259.815),,
true,cultures:europe:unterw%c3%b6lbling_culture,cultures-europe,-2300,-1800,Culture d'Unterwölbling,Unterwölbling culture,https://en.wikipedia.org/wiki/Unterw%C3%B6lbling_culture,https://en.wikipedia.org/wiki/Unterw%C3%B6lbling_culture,,undefined,oklch(62.3% 0.214 259.815),,
true,cultures:europe:%c3%9an%c4%9btice_culture,cultures-europe,-2300,-1600,Culture d'Unétice,Únětice culture,https://fr.wikipedia.org/wiki/Culture_d'Unétice,https://en.wikipedia.org/wiki/%C3%9An%C4%9Btice_culture,culture archéologique du début de l'Âge du bronze en Europe centrale,Bronze Age archaeological culture in Central Europe,oklch(62.3% 0.214 259.815),,
true,cultures:europe:castelluccio_culture,cultures-europe,-2200,-1800,Culture de Castelluccio,Castelluccio culture,https://fr.wikipedia.org/wiki/Culture_de_Castelluccio,https://en.wikipedia.org/wiki/Castelluccio_culture,culture de l'âge du bronze ancien identifiée en Sicile (Italie),undefined,oklch(62.3% 0.214 259.815),,
true,cultures:europe:facies_of_the_pile_dwellings_and_of_the_dammed_settlements,cultures-europe,-1800,-1300,Facies of the pile dwellings and of the dammed settlements,Facies of the pile dwellings and of the dammed settlements,https://en.wikipedia.org/wiki/Facies_of_the_pile_dwellings_and_of_the_dammed_settlements,https://en.wikipedia.org/wiki/Facies_of_the_pile_dwellings_and_of_the_dammed_settlements,,undefined,oklch(62.3% 0.214 259.815),,
true,cultures:europe:motilla_del_azuer,cultures-europe,-2200,-1500,Motilla del Azuer,Motilla del Azuer,https://en.wikipedia.org/wiki/Motilla_del_Azuer,https://en.wikipedia.org/wiki/Motilla_del_Azuer,,Bronze Age archaeological site in Spain,oklch(62.3% 0.214 259.815),,
true,cultures:europe:motillas,cultures-europe,-2200,-1200,Motillas,Motillas,https://en.wikipedia.org/wiki/Motillas,https://en.wikipedia.org/wiki/Motillas,,undefined,oklch(62.3% 0.214 259.815),,
true,cultures:europe:multi-cordoned_ware_culture,cultures-europe,-2200,-1750,Culture à céramique multicordonée,Multi-cordoned ware culture,https://en.wikipedia.org/wiki/Multi-cordoned_ware_culture,https://en.wikipedia.org/wiki/Multi-cordoned_ware_culture,,"Bronze age steppe culture, 22nd to 18th centuries BCE",oklch(62.3% 0.214 259.815),,
true,cultures:europe:polada_culture,cultures-europe,-2200,-1500,Culture de Polada,Polada culture,https://en.wikipedia.org/wiki/Polada_culture,https://en.wikipedia.org/wiki/Polada_culture,,Bronze Age culture,oklch(62.3% 0.214 259.815),,
true,cultures:europe:somogyv%c3%a1r-vinkovci_culture,cultures-europe,-2300,-1600,Culture de Somogyvár-Vinkovci,Somogyvár-Vinkovci culture,https://en.wikipedia.org/wiki/Somogyv%C3%A1r-Vinkovci_culture,https://en.wikipedia.org/wiki/Somogyv%C3%A1r-Vinkovci_culture,,Bronze Age archaeological culture,oklch(62.3% 0.214 259.815),,
true,cultures:europe:wietenberg_culture,cultures-europe,-2200,-1500,Culture de Wietenberg,Wietenberg culture,https://en.wikipedia.org/wiki/Wietenberg_culture,https://en.wikipedia.org/wiki/Wietenberg_culture,,Middle Bronze Age archeological culture in Transylvania,oklch(62.3% 0.214 259.815),,
true,cultures:europe:lola_culture,cultures-europe,-2200,-1800,Culture de Lola,Lola culture,https://en.wikipedia.org/wiki/Lola_culture,https://en.wikipedia.org/wiki/Lola_culture,,Middle Bronze Age archaeological culture of the North Caucasus,oklch(62.3% 0.214 259.815),,
true,cultures:europe:argaric_culture,cultures-europe,-2200,-1300,Culture d'El Argar,Argaric culture,https://fr.wikipedia.org/wiki/Culture_d'El_Argar,https://en.wikipedia.org/wiki/Argaric_culture,,"Culture of southern Spain, 2200–1550 BCE",oklch(62.3% 0.214 259.815),,
true,cultures:europe:straubing_culture,cultures-europe,-2150,-1700,Culture de Straubing,Straubing culture,https://en.wikipedia.org/wiki/Straubing_culture,https://en.wikipedia.org/wiki/Straubing_culture,,Bronze Age archaeological culture in Europe,oklch(62.3% 0.214 259.815),,
true,cultures:europe:ottom%c3%a1ny_culture,cultures-europe,-2100,-1400,Culture d’Ottomány,Ottomány culture,https://en.wikipedia.org/wiki/Ottom%C3%A1ny_culture,https://en.wikipedia.org/wiki/Ottom%C3%A1ny_culture,,Early Bronze Age culture,oklch(62.3% 0.214 259.815),,
true,cultures:europe:vatya_culture,cultures-europe,-2000,-1400,Culture de Vatya,Vatya culture,https://en.wikipedia.org/wiki/Vatya_culture,https://en.wikipedia.org/wiki/Vatya_culture,,undefined,oklch(62.3% 0.214 259.815),,
true,cultures:europe:pelasgians,cultures-europe,-2000,-600,Pélasges,Pelasgians,https://fr.wikipedia.org/wiki/P%C3%A9lasges,https://en.wikipedia.org/wiki/Pelasgians,premiers habitants de la Grèce,Classical Greek term for pre-Greeks,oklch(62.3% 0.214 259.815),,
true,cultures:europe:encrusted_pottery_culture,cultures-europe,-2000,-1400,Culture à poterie incrustée,Encrusted Pottery culture,https://en.wikipedia.org/wiki/Encrusted_Pottery_culture,https://en.wikipedia.org/wiki/Encrusted_Pottery_culture,,Bronze Age archaeological culture,oklch(62.3% 0.214 259.815),,
true,cultures:europe:hatvan_culture,cultures-europe,-2000,-1800,Hatvan culture,Hatvan culture,https://en.wikipedia.org/wiki/Hatvan_culture,https://en.wikipedia.org/wiki/Hatvan_culture,,Hungarian Bronze Age archaeological culture,oklch(62.3% 0.214 259.815),,
true,cultures:europe:monteoru_culture,cultures-europe,-2400,-1600,Culture de Monteoru,Monteoru culture,https://en.wikipedia.org/wiki/Monteoru_culture,https://en.wikipedia.org/wiki/Monteoru_culture,,undefined,oklch(62.3% 0.214 259.815),,
true,cultures:europe:ronaldsway_culture,cultures-europe,-2200,-1900,Culture de Ronaldsway,Ronaldsway culture,https://en.wikipedia.org/wiki/Ronaldsway_culture,https://en.wikipedia.org/wiki/Ronaldsway_culture,,undefined,oklch(62.3% 0.214 259.815),,
true,cultures:europe:vatin_culture,cultures-europe,-2000,-1500,Culture de Vatin,Vatin culture,https://en.wikipedia.org/wiki/Vatin_culture,https://en.wikipedia.org/wiki/Vatin_culture,,Archaeological culture in Serbia,oklch(62.3% 0.214 259.815),,
true,cultures:europe:wessex_culture,cultures-europe,-2000,-1400,Culture de Wessex,Wessex culture,https://en.wikipedia.org/wiki/Wessex_culture,https://en.wikipedia.org/wiki/Wessex_culture,,Bronze Age culture in Britain,oklch(62.3% 0.214 259.815),,
true,cultures:europe:srubnaya_culture,cultures-europe,-1900,-1200,Culture Sroubna,Srubnaya culture,https://fr.wikipedia.org/wiki/Culture_Sroubna,https://en.wikipedia.org/wiki/Srubnaya_culture,,Archaeological culture in Eastern Europe,oklch(62.3% 0.214 259.815),,
true,cultures:europe:asbestos-ceramic,cultures-europe,-5000,200,Céramique à l'amiante,Asbestos-ceramic,https://en.wikipedia.org/wiki/Asbestos-ceramic,https://en.wikipedia.org/wiki/Asbestos-ceramic,,Ancient Fennoscandian type of pottery,oklch(62.3% 0.214 259.815),,
true,cultures:europe:netted_ware_culture,cultures-europe,-1900,-500,Culture à Céramique à filet,Netted Ware culture,https://en.wikipedia.org/wiki/Netted_Ware_culture,https://en.wikipedia.org/wiki/Netted_Ware_culture,,Archaeological culture in northeastern Europe,oklch(62.3% 0.214 259.815),,
true,cultures:europe:south-western_iberian_bronze,cultures-europe,-1900,-700,Bronze du Sud-Ouest ibérique,South-Western Iberian Bronze,https://en.wikipedia.org/wiki/South-Western_Iberian_Bronze,https://en.wikipedia.org/wiki/South-Western_Iberian_Bronze,,Bronze Age culture in Portugal,oklch(62.3% 0.214 259.815),,
true,cultures:europe:nuragic_civilization,cultures-europe,-1800,-238,Culture nuragique,Nuragic civilization,https://fr.wikipedia.org/wiki/Culture_nuragique,https://en.wikipedia.org/wiki/Nuragic_civilization,"culture de l'âge du bronze vers le XVIIIe siècle av. J.-C. en Sardaigne, Italie",Archaeological culture in Sardinia,oklch(62.3% 0.214 259.815),,
true,cultures:europe:torrean_civilization,cultures-europe,-1500,-1000,Culture torréenne,Torrean civilization,https://fr.wikipedia.org/wiki/Culture_torr%C3%A9enne,https://en.wikipedia.org/wiki/Torrean_civilization,culture préhistorique en Corse,Bronze Age civilization,oklch(62.3% 0.214 259.815),,
true,cultures:europe:bonnanaro_culture,cultures-europe,-1800,-1600,Culture de Bonnanaro,Bonnanaro culture,https://fr.wikipedia.org/wiki/Culture_de_Bonnanaro,https://en.wikipedia.org/wiki/Bonnanaro_culture,,"2nd millenium BCE, protohistoric Archaeological culture in Sardinia",oklch(62.3% 0.214 259.815),,
true,cultures:europe:elp_culture,cultures-europe,-1800,-800,Culture d'Elp,Elp culture,https://en.wikipedia.org/wiki/Elp_culture,https://en.wikipedia.org/wiki/Elp_culture,,Archaeological culture,oklch(62.3% 0.214 259.815),,
true,cultures:europe:hilversum_culture,cultures-europe,-1800,-1100,Culture d'Hilversum,Hilversum culture,https://fr.wikipedia.org/wiki/Culture_d'Hilversum,https://en.wikipedia.org/wiki/Hilversum_culture,,Prehistoric culture in Bronze age,oklch(62.3% 0.214 259.815),,
true,cultures:europe:castellieri_culture,cultures-europe,-1900,-200,Culture des castellieri,Castellieri culture,https://fr.wikipedia.org/wiki/Castelliere,https://en.wikipedia.org/wiki/Castellieri_culture,,Ancient culture in the northern Adriatic during the Bronze and Iron Ages,oklch(62.3% 0.214 259.815),,
true,cultures:europe:pyrenean_bronze,cultures-europe,-2300,-1650,Bronze pyrénéen,Pyrenean Bronze,https://en.wikipedia.org/wiki/Pyrenean_Bronze,https://en.wikipedia.org/wiki/Pyrenean_Bronze,,Archeological culture in Western Europe,oklch(62.3% 0.214 259.815),,
true,cultures:europe:mad%27arovce_culture,cultures-europe,-1750,-1500,Culture de Mad’arovce,Mad'arovce culture,https://en.wikipedia.org/wiki/Mad%27arovce_culture,https://en.wikipedia.org/wiki/Mad%27arovce_culture,,Bronze Age culture in Slovakia,oklch(62.3% 0.214 259.815),,
true,cultures:europe:mycenaean_greece,cultures-europe,-1650,-1200,Civilisation mycénienne,Mycenaean Greece,https://fr.wikipedia.org/wiki/Civilisation_mycénienne,https://en.wikipedia.org/wiki/Mycenaean_Greece,civilisation grecque de la fin de l'âge du bronze,Late Bronze Age Greek civilization,oklch(62.3% 0.214 259.815),,
true,cultures:europe:las_cogotas,cultures-europe,-1800,-1150,Cogotas,Las Cogotas,https://fr.wikipedia.org/wiki/Cogotas,https://en.wikipedia.org/wiki/Las_Cogotas,,"Archaeological site in Cardeñosa, Spain",oklch(62.3% 0.214 259.815),,
true,cultures:europe:nordic_bronze_age,cultures-europe,-1800,-500,Âge du bronze danois,Nordic Bronze Age,https://fr.wikipedia.org/wiki/Âge_du_bronze_danois,https://en.wikipedia.org/wiki/Nordic_Bronze_Age,âge du bronze en Scandinavie,Archaeological period in Northern Europe,oklch(62.3% 0.214 259.815),,
true,cultures:europe:terramare_culture,cultures-europe,-1700,-1150,Terramare,Terramare culture,https://fr.wikipedia.org/wiki/Terramare,https://en.wikipedia.org/wiki/Terramare_culture,culture archéologique,Archaeological culture in Northern Italy,oklch(62.3% 0.214 259.815),,
true,cultures:europe:carpathian_tumuli_culture,cultures-europe,-200,300,Culture des Tumulus des Carpates,Carpathian Tumuli culture,https://en.wikipedia.org/wiki/Carpathian_Tumuli_culture,https://en.wikipedia.org/wiki/Carpathian_Tumuli_culture,,Archaeological culture in the Carpathian Mountains,oklch(62.3% 0.214 259.815),,
true,cultures:europe:deverel%e2%80%93rimbury_culture,cultures-europe,-1400,-1200,Culture Deverel-Rimbury,Deverel–Rimbury culture,https://en.wikipedia.org/wiki/Deverel%E2%80%93Rimbury_culture,https://en.wikipedia.org/wiki/Deverel%E2%80%93Rimbury_culture,,Archaeological culture in England,oklch(62.3% 0.214 259.815),,
true,cultures:europe:glasinac-mati_culture,cultures-europe,-1600,-300,Culture de Glasinac,Glasinac-Mati culture,https://fr.wikipedia.org/wiki/Culture_de_Glasinac,https://en.wikipedia.org/wiki/Glasinac-Mati_culture,,undefined,oklch(62.3% 0.214 259.815),,
true,cultures:europe:noua-sabatinovka-coslogeni_complex,cultures-europe,-1600,-1200,Complexe Noua-Sabatinovka-Coslogeni,Noua-Sabatinovka-Coslogeni complex,https://en.wikipedia.org/wiki/Noua-Sabatinovka-Coslogeni_complex,https://en.wikipedia.org/wiki/Noua-Sabatinovka-Coslogeni_complex,,undefined,oklch(62.3% 0.214 259.815),,
true,cultures:europe:armorican_tumulus_culture,cultures-europe,-2200,-1300,Culture des Tumulus armoricains,Armorican Tumulus culture,https://fr.wikipedia.org/wiki/Tumulus_armoricains,https://en.wikipedia.org/wiki/Armorican_Tumulus_culture,,Bronze Age archaeological culture in Western Europe,oklch(62.3% 0.214 259.815),,
true,cultures:europe:central_bosnian_cultural_group,cultures-europe,-1100,-300,Groupe culturel de Bosnie centrale,Central Bosnian cultural group,https://en.wikipedia.org/wiki/Central_Bosnian_cultural_group,https://en.wikipedia.org/wiki/Central_Bosnian_cultural_group,,Bronze and Iron Age cultural group,oklch(62.3% 0.214 259.815),,
true,cultures:europe:tumulus_culture,cultures-europe,-1600,-1200,Culture des tumulus,Tumulus culture,https://fr.wikipedia.org/wiki/Culture_des_tumulus,https://en.wikipedia.org/wiki/Tumulus_culture,culture protohistorique,Prehistoric European culture characterized by burial mounds,oklch(62.3% 0.214 259.815),,
true,cultures:europe:apennine_culture,cultures-europe,-1500,-1200,Culture apenninique,Apennine culture,https://fr.wikipedia.org/wiki/Culture_apenninique,https://en.wikipedia.org/wiki/Apennine_culture,Complexe technologique du centre et du sud de l'Italie datant de l'âge du bronze moyen italien (15e-14e s. av. J.-C.),Technology complex in Italy,oklch(62.3% 0.214 259.815),,
true,cultures:europe:dacians,cultures-europe,-500,300,Daces,Dacians,https://fr.wikipedia.org/wiki/Daces,https://en.wikipedia.org/wiki/Dacians,nom donné par les Romains aux peuples ayant peuplé le bassin du Bas-Danube dans l'Antiquité,Indo-European people in Ancient Southeast Europe,oklch(62.3% 0.214 259.815),,
true,cultures:europe:milavce_culture,cultures-europe,-1200,-900,Culture de Milavče,Milavce culture,https://en.wikipedia.org/wiki/Milavce_culture,https://en.wikipedia.org/wiki/Milavce_culture,,undefined,oklch(62.3% 0.214 259.815),,
true,cultures:europe:thapsos_culture,cultures-europe,-1500,-1200,Culture de Thapsos,Thapsos culture,https://en.wikipedia.org/wiki/Thapsos_culture,https://en.wikipedia.org/wiki/Thapsos_culture,,Bronze Age culture in Sicily,oklch(62.3% 0.214 259.815),,
true,cultures:europe:komarov_culture,cultures-europe,-1500,-1200,Culture de Komarov,Komarov culture,https://en.wikipedia.org/wiki/Komarov_culture,https://en.wikipedia.org/wiki/Komarov_culture,,undefined,oklch(62.3% 0.214 259.815),,
true,cultures:europe:brnjica_culture,cultures-europe,-1400,-1100,Culture de Brnjica,Brnjica culture,https://en.wikipedia.org/wiki/Brnjica_culture,https://en.wikipedia.org/wiki/Brnjica_culture,,Central Balkan archaeological culture,oklch(62.3% 0.214 259.815),,
true,cultures:europe:knov%c3%adz_culture,cultures-europe,-1300,-1025,Knovíz culture,Knovíz culture,https://en.wikipedia.org/wiki/Knov%C3%ADz_culture,https://en.wikipedia.org/wiki/Knov%C3%ADz_culture,,Archaeological culture of Central Europe,oklch(62.3% 0.214 259.815),,
true,cultures:europe:laugen-melaun_culture,cultures-europe,-1350,-500,Culture Laugen-Melaun,Laugen-Melaun culture,https://en.wikipedia.org/wiki/Laugen-Melaun_culture,https://en.wikipedia.org/wiki/Laugen-Melaun_culture,,Ancient alpine culture,oklch(62.3% 0.214 259.815),,
true,cultures:europe:lusatian_culture,cultures-europe,-1200,-500,Culture lusacienne,Lusatian culture,https://en.wikipedia.org/wiki/Lusatian_culture,https://en.wikipedia.org/wiki/Lusatian_culture,,Archaeological culture,oklch(62.3% 0.214 259.815),,
true,cultures:europe:middle-danube_urnfield_culture,cultures-europe,-1300,-800,Culture des champs d’urnes du Danube moyen,Middle-Danube Urnfield culture,https://en.wikipedia.org/wiki/Middle-Danube_Urnfield_culture,https://en.wikipedia.org/wiki/Middle-Danube_Urnfield_culture,,Late-Bronze Age culture of Europe,oklch(62.3% 0.214 259.815),,
true,cultures:europe:piliny_culture,cultures-europe,-1300,-700,Culture de Piliny,Piliny culture,https://en.wikipedia.org/wiki/Piliny_culture,https://en.wikipedia.org/wiki/Piliny_culture,,undefined,oklch(62.3% 0.214 259.815),,
true,cultures:europe:scamozzina_culture,cultures-europe,-1400,-1300,Culture de Scamozzina,Scamozzina culture,https://en.wikipedia.org/wiki/Scamozzina_culture,https://en.wikipedia.org/wiki/Scamozzina_culture,,undefined,oklch(62.3% 0.214 259.815),,
true,cultures:europe:south-german_urnfield_culture,cultures-europe,-1000,-800,Culture des Champs d'urnes du Sud de l'Allemagne,South-German Urnfield culture,https://en.wikipedia.org/wiki/South-German_Urnfield_culture,https://en.wikipedia.org/wiki/South-German_Urnfield_culture,,undefined,oklch(62.3% 0.214 259.815),,
true,cultures:europe:atlantic_bronze_age,cultures-europe,-1300,-700,Âge du bronze atlantique,Atlantic Bronze Age,https://fr.wikipedia.org/wiki/Âge_du_bronze_atlantique,https://en.wikipedia.org/wiki/Atlantic_Bronze_Age,période archéologique,Period of approximately 1300-700 BC in Europe,oklch(62.3% 0.214 259.815),,
true,cultures:europe:canegrate_culture,cultures-europe,-1300,-1100,Culture de Canegrate,Canegrate culture,https://fr.wikipedia.org/wiki/Culture_de_Canegrate,https://en.wikipedia.org/wiki/Canegrate_culture,,Archaeological culture in Italy,oklch(62.3% 0.214 259.815),,
true,cultures:europe:urnfield_culture,cultures-europe,-1350,-950,Culture des champs d'urnes,Urnfield culture,https://fr.wikipedia.org/wiki/Culture_des_champs_d'urnes,https://en.wikipedia.org/wiki/Urnfield_culture,cultures archéologiques,c. 1300–750 BC archaeological culture of Central Europe,oklch(62.3% 0.214 259.815),,
true,cultures:europe:tiryns_culture,cultures-europe,-2200,-2000,Tiryns culture,Tiryns culture,https://en.wikipedia.org/wiki/Tiryns_culture,https://en.wikipedia.org/wiki/Tiryns_culture,,Early Bronze Age culture in Greece,oklch(62.3% 0.214 259.815),,
true,cultures:europe:thracians,cultures-europe,-2000,-100,Thraces,Thracians,https://fr.wikipedia.org/wiki/Thraces,https://en.wikipedia.org/wiki/Thracians,"ensemble de peuples de langues paléo-balkaniques, donc indo-européennes",Indo-European people in ancient southeast Europe,oklch(62.3% 0.214 259.815),,
true,cultures:europe:bilozerka_culture,cultures-europe,-1200,-900,Culture de Bilozerka,Bilozerka culture,https://en.wikipedia.org/wiki/Bilozerka_culture,https://en.wikipedia.org/wiki/Bilozerka_culture,,Bronze age culture in Eastern Europe,oklch(62.3% 0.214 259.815),,
true,cultures:europe:g%c3%a1va-holigrady_culture,cultures-europe,-1300,-800,Gáva-Holigrady culture,Gáva-Holigrady culture,https://en.wikipedia.org/wiki/G%C3%A1va-Holigrady_culture,https://en.wikipedia.org/wiki/G%C3%A1va-Holigrady_culture,,Archaeological culture,oklch(62.3% 0.214 259.815),,
true,cultures:europe:hallstatt_culture,cultures-europe,-1200,-500,Culture de Hallstatt,Hallstatt culture,https://fr.wikipedia.org/wiki/Culture_de_Hallstatt,https://en.wikipedia.org/wiki/Hallstatt_culture,culture archéologique,Archaeological culture in Europe,oklch(62.3% 0.214 259.815),,
true,cultures:europe:proto-villanovan_culture,cultures-europe,-1200,-900,Culture protovillanovienne,Proto-Villanovan culture,https://fr.wikipedia.org/wiki/Culture_protovillanovienne,https://en.wikipedia.org/wiki/Proto-Villanovan_culture,culture de la fin de l'âge du bronze,Late-Bronze Age culture in Italy,oklch(62.3% 0.214 259.815),,
true,cultures:europe:tartessos,cultures-europe,-1100,-500,Tartessos,Tartessos,https://fr.wikipedia.org/wiki/Tartessos,https://en.wikipedia.org/wiki/Tartessos,établissement humain en Espagne,Historical civilization in the southern Iberian Peninsula,oklch(62.3% 0.214 259.815),,
true,cultures:europe:bondarikha_culture,cultures-europe,-1100,-900,Culture de Bondarikha,Bondarikha culture,https://en.wikipedia.org/wiki/Bondarikha_culture,https://en.wikipedia.org/wiki/Bondarikha_culture,,undefined,oklch(62.3% 0.214 259.815),,
true,cultures:europe:este_culture,cultures-europe,-1000,-100,Culture atestine,Este culture,https://fr.wikipedia.org/wiki/Culture_atestine,https://en.wikipedia.org/wiki/Este_culture,culture de l'âge du fer en Vénétie,"Iron Age culture around Veneto, Italy",oklch(62.3% 0.214 259.815),,
true,cultures:europe:koban_culture,cultures-europe,-1100,-400,Culture de Koban,Koban culture,https://fr.wikipedia.org/wiki/Culture_de_Koban,https://en.wikipedia.org/wiki/Koban_culture,,Bronze and Iron Age culture,oklch(62.3% 0.214 259.815),,
true,cultures:europe:chernoles_culture,cultures-europe,-1025,-700,Culture de Tchernolès,Chernoles culture,https://en.wikipedia.org/wiki/Chernoles_culture,https://en.wikipedia.org/wiki/Chernoles_culture,,Iron Age archaeological culture in Eastern Europe,oklch(62.3% 0.214 259.815),,
true,cultures:europe:guanches,cultures-europe,-1150,1496,Guanches,Guanches,https://fr.wikipedia.org/wiki/Guanches,https://en.wikipedia.org/wiki/Guanches,peuple autochtone des Canaries,Native inhabitants of the Canary Islands,oklch(62.3% 0.214 259.815),,
true,cultures:europe:talaiotic_culture,cultures-europe,-1000,-1,Culture talayotique,Talaiotic culture,https://fr.wikipedia.org/wiki/Culture_talayotique,https://en.wikipedia.org/wiki/Talaiotic_culture,culture archéologique des îles Baléares,Iron Age society in Mallorca and Menorca,oklch(62.3% 0.214 259.815),,
true,cultures:europe:illyrians,cultures-europe,-1200,600,Illyriens,Illyrians,https://fr.wikipedia.org/wiki/Illyriens,https://en.wikipedia.org/wiki/Illyrians,groupe de tribus dans l'Antiquité,Ancient Western Balkanic tribes,oklch(62.3% 0.214 259.815),,
true,cultures:europe:etruscan_civilization,cultures-europe,-900,-264,Étrusques,Etruscan civilization,https://fr.wikipedia.org/wiki/%C3%89trusques,https://en.wikipedia.org/wiki/Etruscan_civilization,peuple de l'Italie antique,Pre-Roman civilization of Etruria (9th-1st century BC),oklch(62.3% 0.214 259.815),,
true,cultures:europe:castro_culture,cultures-europe,-900,-100,Culture des castros,Castro culture,https://fr.wikipedia.org/wiki/Culture_des_castros,https://en.wikipedia.org/wiki/Castro_culture,,Archaeological culture of the Iberian peninsula,oklch(62.3% 0.214 259.815),,
true,cultures:europe:chernogorovka-novocherkassk_complex,cultures-europe,-900,-650,Culture de Novotcherkassk,Chernogorovka-Novocherkassk complex,https://fr.wikipedia.org/wiki/Culture_de_Novotcherkassk,https://en.wikipedia.org/wiki/Chernogorovka-Novocherkassk_complex,,Archaeological complex,oklch(62.3% 0.214 259.815),,
true,cultures:europe:latial_culture,cultures-europe,-900,-700,Culture latiale,Latial culture,https://en.wikipedia.org/wiki/Latial_culture,https://en.wikipedia.org/wiki/Latial_culture,,Iron Age culture in central Italy,oklch(62.3% 0.214 259.815),,
true,cultures:europe:scytho-siberian_world,cultures-europe,-900,200,Monde scyto-sibérien,Scytho-Siberian world,https://en.wikipedia.org/wiki/Scytho-Siberian_world,https://en.wikipedia.org/wiki/Scytho-Siberian_world,,Iron Age Eurasian steppe cultures,oklch(62.3% 0.214 259.815),,
true,cultures:europe:villanovan_culture,cultures-europe,-900,-700,Culture villanovienne,Villanovan culture,https://en.wikipedia.org/wiki/Villanovan_culture,https://en.wikipedia.org/wiki/Villanovan_culture,,Iron age culture in Italy,oklch(62.3% 0.214 259.815),,
true,cultures:europe:scythian_culture,cultures-europe,-700,250,Culture scythe,Scythian culture,https://fr.wikipedia.org/wiki/Scythes,https://en.wikipedia.org/wiki/Scythian_culture,,Iron Age archaeological culture in Eastern Europe,oklch(62.3% 0.214 259.815),,
true,cultures:europe:golasecca_culture,cultures-europe,-900,-350,Culture de Golasecca,Golasecca culture,https://fr.wikipedia.org/wiki/Culture_de_Golasecca,https://en.wikipedia.org/wiki/Golasecca_culture,culture archéologique d'Italie du Nord,Archaeological culture in Northern Italy,oklch(62.3% 0.214 259.815),,
true,cultures:europe:celts,cultures-europe,-600,400,Celtes,Celts,https://fr.wikipedia.org/wiki/Celtes,https://en.wikipedia.org/wiki/Celts,civilisation protohistorique,Collection of indo-European peoples sharing Celtic languages and cultural practices,oklch(62.3% 0.214 259.815),,
true,cultures:europe:ancient_greece,cultures-europe,-1200,-31,Grèce antique,Ancient Greece,https://fr.wikipedia.org/wiki/Grèce_antique,https://en.wikipedia.org/wiki/Ancient_Greece,civilisation antique d'Europe du Sud,Greek civilization from 1200 BC to 600 AD,oklch(62.3% 0.214 259.815),,
true,cultures:europe:ananyino_culture,cultures-europe,-800,-200,Culture d'Ananyino,Ananyino culture,https://en.wikipedia.org/wiki/Ananyino_culture,https://en.wikipedia.org/wiki/Ananyino_culture,,undefined,oklch(62.3% 0.214 259.815),,
true,cultures:europe:basarabi_culture,cultures-europe,-800,-600,Culture de Basarabi,Basarabi culture,https://en.wikipedia.org/wiki/Basarabi_culture,https://en.wikipedia.org/wiki/Basarabi_culture,,Prehistoric culture in southeastern Europe,oklch(62.3% 0.214 259.815),,
true,cultures:europe:brushed_pottery_culture,cultures-europe,-1000,-500,Brushed Pottery culture,Brushed Pottery culture,https://en.wikipedia.org/wiki/Brushed_Pottery_culture,https://en.wikipedia.org/wiki/Brushed_Pottery_culture,,"Bronze Age culture in the area of Lithuania, Belarus, and southeastern Latvia",oklch(62.3% 0.214 259.815),,
true,cultures:europe:house_urns_culture,cultures-europe,-700,-600,House Urns culture,House Urns culture,https://en.wikipedia.org/wiki/House_Urns_culture,https://en.wikipedia.org/wiki/House_Urns_culture,,Early Iron Age culture in central Germany,oklch(62.3% 0.214 259.815),,
true,cultures:europe:jastorf_culture,cultures-europe,-600,-100,Culture de Jastorf,Jastorf culture,https://fr.wikipedia.org/wiki/Culture_de_Jastorf,https://en.wikipedia.org/wiki/Jastorf_culture,culture archéologique de l'âge du fer dans le nord de l'actuelle Allemagne et le Danemark,Iron Age material culture,oklch(62.3% 0.214 259.815),,
true,cultures:europe:ancient_rome,cultures-europe,-753,476,Rome antique,Ancient Rome,https://fr.wikipedia.org/wiki/Rome_antique,https://en.wikipedia.org/wiki/Ancient_Rome,ancien État,Roman civilisation from the 8th century BC to the 5th century AD,oklch(62.3% 0.214 259.815),,
true,cultures:europe:bosut_culture,cultures-europe,-700,-300,Culture de Bosut,Bosut culture,https://en.wikipedia.org/wiki/Bosut_culture,https://en.wikipedia.org/wiki/Bosut_culture,,Thracian archaeological culture,oklch(62.3% 0.214 259.815),,
true,cultures:europe:dyakovo_culture,cultures-europe,-700,-500,Culture de Diakovo,Dyakovo culture,https://fr.wikipedia.org/wiki/Culture_de_Diakovo,https://en.wikipedia.org/wiki/Dyakovo_culture,,Iron Age archaeological culture,oklch(62.3% 0.214 259.815),,
true,cultures:europe:milograd_culture,cultures-europe,-700,100,Culture de Milograd,Milograd culture,https://fr.wikipedia.org/wiki/Culture_de_Milograd,https://en.wikipedia.org/wiki/Milograd_culture,,Archaeological culture on present-day Belarus and Ukraine,oklch(62.3% 0.214 259.815),,
true,cultures:europe:pomeranian_culture,cultures-europe,-700,-300,Culture poméranienne,Pomeranian culture,https://en.wikipedia.org/wiki/Pomeranian_culture,https://en.wikipedia.org/wiki/Pomeranian_culture,,Iron Age culture of Poland,oklch(62.3% 0.214 259.815),,
true,cultures:europe:hunsr%c3%bcck-eifel_culture,cultures-europe,-700,-250,Hunsrück-Eifel culture,Hunsrück-Eifel culture,https://en.wikipedia.org/wiki/Hunsr%C3%BCck-Eifel_culture,https://en.wikipedia.org/wiki/Hunsr%C3%BCck-Eifel_culture,,Iron Age cultural group,oklch(62.3% 0.214 259.815),,
true,cultures:europe:sauromatian_culture,cultures-europe,-600,400,Culture sauromate,Sauromatian culture,https://fr.wikipedia.org/wiki/Sauromates,https://en.wikipedia.org/wiki/Sauromatian_culture,,Iron Age archaeological culture in the Volga Steppe,oklch(62.3% 0.214 259.815),,
true,cultures:europe:gustow_group,cultures-europe,100,200,Gustow group,Gustow group,https://en.wikipedia.org/wiki/Gustow_group,https://en.wikipedia.org/wiki/Gustow_group,,undefined,oklch(62.3% 0.214 259.815),,
true,cultures:europe:gaul,cultures-europe,-600,-125,Gaule,Gaul,https://fr.wikipedia.org/wiki/Gaule,https://en.wikipedia.org/wiki/Gaul,région de l'Europe antique,Historical region of Western Europe inhabited by Celtic tribes,oklch(62.3% 0.214 259.815),,
true,cultures:europe:germanic_peoples,cultures-europe,-500,2025,Germains,Germanic peoples,https://fr.wikipedia.org/wiki/Germains,https://en.wikipedia.org/wiki/Germanic_peoples,groupe ethnolinguistique indo-européen,Historical group of European people,oklch(62.3% 0.214 259.815),,
true,cultures:europe:fritzens-sanzeno_culture,cultures-europe,-500,15,Culture de Fritzens-Sanzeno,Fritzens-Sanzeno culture,https://fr.wikipedia.org/wiki/Culture_de_Fritzens-Sanzeno,https://en.wikipedia.org/wiki/Fritzens-Sanzeno_culture,,undefined,oklch(62.3% 0.214 259.815),,
true,cultures:europe:pre-roman_iron_age_\(northern_europe\),cultures-europe,-500,1,Âge du fer pré-romain (Europe du Nord),Pre-Roman Iron Age (Northern Europe),https://en.wikipedia.org/wiki/Pre-Roman_Iron_Age_(Northern_Europe),https://en.wikipedia.org/wiki/Pre-Roman_Iron_Age_(Northern_Europe),,undefined,oklch(62.3% 0.214 259.815),,
true,cultures:europe:sarmatians,cultures-europe,-500,400,Sarmates,Sarmatians,https://fr.wikipedia.org/wiki/Sarmates,https://en.wikipedia.org/wiki/Sarmatians,,Large Iranian confederation that existed in classical antiquity,oklch(62.3% 0.214 259.815),,
true,cultures:europe:la_t%c3%a8ne_culture,cultures-europe,-450,-25,Culture de La Tène,La Tène culture,https://fr.wikipedia.org/wiki/Culture_de_La_T%C3%A8ne,https://en.wikipedia.org/wiki/La_T%C3%A8ne_culture,,Iron Age culture of Europe,oklch(62.3% 0.214 259.815),,
true,cultures:europe:moshchiny_culture,cultures-europe,-400,600,Culture de Mochtchiny,Moshchiny culture,https://en.wikipedia.org/wiki/Moshchiny_culture,https://en.wikipedia.org/wiki/Moshchiny_culture,,undefined,oklch(62.3% 0.214 259.815),,
true,cultures:europe:lipitsa_culture,cultures-europe,-100,200,Culture de Lipitsa,Lipitsa culture,https://en.wikipedia.org/wiki/Lipitsa_culture,https://en.wikipedia.org/wiki/Lipitsa_culture,,Dacian archaeological culture,oklch(62.3% 0.214 259.815),,
true,cultures:europe:przeworsk_culture,cultures-europe,-300,500,Culture de Przeworsk,Przeworsk culture,https://en.wikipedia.org/wiki/Przeworsk_culture,https://en.wikipedia.org/wiki/Przeworsk_culture,,Iron Age culture in Poland,oklch(62.3% 0.214 259.815),,
true,cultures:europe:p%c3%bachov_culture,cultures-europe,-200,100,Culture de Púchov,Púchov culture,https://en.wikipedia.org/wiki/P%C3%BAchov_culture,https://en.wikipedia.org/wiki/P%C3%BAchov_culture,,Archaeological culture in Slovakia,oklch(62.3% 0.214 259.815),,
true,cultures:europe:liebesitz_culture,cultures-europe,100,300,Culture de Liebesitz,Liebesitz culture,https://en.wikipedia.org/wiki/Liebesitz_culture,https://en.wikipedia.org/wiki/Liebesitz_culture,,Archaeological culture in Germany,oklch(62.3% 0.214 259.815),,
true,cultures:europe:oksywie_culture,cultures-europe,-200,100,Culture d’Oksywie,Oksywie culture,https://fr.wikipedia.org/wiki/Culture_d%27Oksywie,https://en.wikipedia.org/wiki/Oksywie_culture,,Archaeological culture,oklch(62.3% 0.214 259.815),,
true,cultures:europe:zarubintsy_culture,cultures-europe,-300,100,Culture de Zaroubintsy,Zarubintsy culture,https://en.wikipedia.org/wiki/Zarubintsy_culture,https://en.wikipedia.org/wiki/Zarubintsy_culture,,Iron Age culture in Eastern Europe,oklch(62.3% 0.214 259.815),,
true,cultures:europe:prince_graves_of_the_lubieszewo_group,cultures-europe,-400,100,Tombes princières du groupe de Lubieszewo,Prince graves of the Lubieszewo group,https://en.wikipedia.org/wiki/Prince_graves_of_the_Lubieszewo_group,https://en.wikipedia.org/wiki/Prince_graves_of_the_Lubieszewo_group,,"Burial site near Lubieszewo, Poland",oklch(62.3% 0.214 259.815),,
true,cultures:europe:suebi,cultures-europe,-100,700,Suèves,Suebi,https://fr.wikipedia.org/wiki/Suèves,https://en.wikipedia.org/wiki/Suebi,peuple germanique,Historical ethnic grouping of Germanic tribes,oklch(62.3% 0.214 259.815),,
true,cultures:europe:wielbark_culture,cultures-europe,100,400,Culture de Wielbark,Wielbark culture,https://en.wikipedia.org/wiki/Wielbark_culture,https://en.wikipedia.org/wiki/Wielbark_culture,,Archaeological culture in present-day Poland,oklch(62.3% 0.214 259.815),,
true,cultures:europe:franks,cultures-europe,300,900,Francs,Franks,https://fr.wikipedia.org/wiki/Francs,https://en.wikipedia.org/wiki/Franks,groupe ethnique germanique historique,Germanic people from the Lower Rhine,oklch(62.3% 0.214 259.815),,
true,cultures:europe:ostrogoths,cultures-europe,200,500,Ostrogoths,Ostrogoths,https://fr.wikipedia.org/wiki/Ostrogoths,https://en.wikipedia.org/wiki/Ostrogoths,peuple germanique,5th–6th-century Germanic ethnic group,oklch(62.3% 0.214 259.815),,
true,cultures:europe:d%c4%99bczyn_culture,cultures-europe,200,500,Culture de Debczyn,Dębczyn culture,https://en.wikipedia.org/wiki/D%C4%99bczyn_culture,https://en.wikipedia.org/wiki/D%C4%99bczyn_culture,,Pomeranian archaeological culture,oklch(62.3% 0.214 259.815),,
true,cultures:europe:vandals,cultures-europe,200,500,Vandales,Vandals,https://fr.wikipedia.org/wiki/Vandales,https://en.wikipedia.org/wiki/Vandals,peuple germanique oriental,East Germanic tribe,oklch(62.3% 0.214 259.815),,
true,cultures:europe:goths,cultures-europe,100,700,Goths,Goths,https://fr.wikipedia.org/wiki/Goths,https://en.wikipedia.org/wiki/Goths,"peuple germanique, du Ier au IXe siècle",Early Germanic people,oklch(62.3% 0.214 259.815),,
true,cultures:europe:saxons,cultures-europe,200,800,Saxons,Saxons,https://fr.wikipedia.org/wiki/Saxons,https://en.wikipedia.org/wiki/Saxons,peuple germanique des plaines du Nord de la Germanie,Medieval cultural group from what is now Northern Germany,oklch(62.3% 0.214 259.815),,
true,cultures:europe:burgundians,cultures-europe,200,534,Burgondes,Burgundians,https://fr.wikipedia.org/wiki/Burgondes,https://en.wikipedia.org/wiki/Burgundians,peuple issu du groupe ethnique des Germains orientaux et originaire de Scandinavie,Roman-era Germanic peoples,oklch(62.3% 0.214 259.815),,
true,cultures:europe:chernyakhov_culture,cultures-europe,100,400,Culture de Tcherniakhov,Chernyakhov culture,https://fr.wikipedia.org/wiki/Culture_de_Tcherniakhov,https://en.wikipedia.org/wiki/Chernyakhov_culture,époque archéologique désignant les peuples notamment les Goths vivant en Germanie orientale entre le IIe et le Ve siècle,Archaeological culture in eastern Europe,oklch(62.3% 0.214 259.815),,
true,cultures:europe:korchak_culture,cultures-europe,500,600,Culture de Korchak,Korchak culture,https://en.wikipedia.org/wiki/Korchak_culture,https://en.wikipedia.org/wiki/Korchak_culture,,Eastern European archaeological culture,oklch(62.3% 0.214 259.815),,
true,cultures:europe:kyiv_culture,cultures-europe,200,400,Culture de Kyiv,Kyiv culture,https://en.wikipedia.org/wiki/Kyiv_culture,https://en.wikipedia.org/wiki/Kyiv_culture,,Archaeological culture of Europe,oklch(62.3% 0.214 259.815),,
true,cultures:europe:alemanni,cultures-europe,200,496,Alamans,Alemanni,https://fr.wikipedia.org/wiki/Alamans,https://en.wikipedia.org/wiki/Alemanni,peuple et confédération de tribus germaniques du Rhin supérieur durant l'Antiquité tardive et le Haut Moyen Âge,Germanic people,oklch(62.3% 0.214 259.815),,
true,cultures:europe:sasanian_empire,cultures-europe,224,651,Sassanides,Sasanian Empire,https://fr.wikipedia.org/wiki/Sassanides,https://en.wikipedia.org/wiki/Sasanian_Empire,"ancien empire perse, de 224 à 651",Last pre-Islamic Iranian empire (224–651 AD),oklch(62.3% 0.214 259.815),,
true,cultures:europe:visigoths,cultures-europe,268,711,Wisigoths,Visigoths,https://fr.wikipedia.org/wiki/Wisigoths,https://en.wikipedia.org/wiki/Visigoths,tribu gothique,Germanic people of late antiquity and the early Middle Ages,oklch(62.3% 0.214 259.815),,
true,cultures:europe:early_slavs,cultures-europe,200,900,Slaves anciens,Early Slavs,https://en.wikipedia.org/wiki/Early_Slavs,https://en.wikipedia.org/wiki/Early_Slavs,,Group of tribal societies,oklch(62.3% 0.214 259.815),,
true,cultures:europe:jutes,cultures-europe,100,600,Jutes,Jutes,https://fr.wikipedia.org/wiki/Jutes,https://en.wikipedia.org/wiki/Jutes,peuple germanique,North Sea Germanic ethnic group from the Jutlandic peninsula,oklch(62.3% 0.214 259.815),,
true,cultures:europe:imenkovo_culture,cultures-europe,300,600,Culture d'Imenkovo,Imenkovo culture,https://en.wikipedia.org/wiki/Imenkovo_culture,https://en.wikipedia.org/wiki/Imenkovo_culture,,Early medieval culture of the Middle Volga region,oklch(62.3% 0.214 259.815),,
true,cultures:europe:migration_period,cultures-europe,375,568,Invasions barbares,Migration Period,https://fr.wikipedia.org/wiki/Invasions_barbares,https://en.wikipedia.org/wiki/Migration_Period,évènement de l'histoire européenne du IVe au VIe siècle,"Period in Europe with mass population movements, 4th - 9th century AD",oklch(62.3% 0.214 259.815),,
true,cultures:europe:angles_(tribe),cultures-europe,100,700,Angles (peuple),Angles (tribe),https://fr.wikipedia.org/wiki/Angles_(peuple),https://en.wikipedia.org/wiki/Angles_(tribe),peuple germanique,A Germanic people from present-day northern Germany,oklch(62.3% 0.214 259.815),,
true,cultures:europe:visigothic_kingdom,cultures-europe,418,721,Royaume wisigoth,Visigothic Kingdom,https://fr.wikipedia.org/wiki/Royaume_wisigoth,https://en.wikipedia.org/wiki/Visigothic_Kingdom,ancien royaume germanique de la péninsule Ibérique ayant existé de 418 à 720,418–720 kingdom in Iberia,oklch(62.3% 0.214 259.815),,
true,cultures:europe:reihengr%c3%a4ber_culture,cultures-europe,450,700,Culture des tombes à rangées,Reihengräber culture,https://en.wikipedia.org/wiki/Reihengr%C3%A4ber_culture,https://en.wikipedia.org/wiki/Reihengr%C3%A4ber_culture,,undefined,oklch(62.3% 0.214 259.815),,
true,cultures:europe:merovingian_dynasty,cultures-europe,457,751,Mérovingiens,Merovingian dynasty,https://fr.wikipedia.org/wiki/Mérovingiens,https://en.wikipedia.org/wiki/Merovingian_dynasty,dynastie franque qui régna du 5e au 8e siècle sur une très grande partie de la France et de la Belgique actuelle,Ruling family of the Franks (c. 481–751),oklch(62.3% 0.214 259.815),,
true,cultures:europe:slavs,cultures-europe,500,2026,Slaves,Slavs,https://fr.wikipedia.org/wiki/Slaves,https://en.wikipedia.org/wiki/Slavs,groupe ethno-linguistique,Ethnolinguistic grouping of related Eurasian ethnicities,oklch(62.3% 0.214 259.815),,
true,cultures:europe:kolochin_culture,cultures-europe,400,600,Culture de Kolojine,Kolochin culture,https://en.wikipedia.org/wiki/Kolochin_culture,https://en.wikipedia.org/wiki/Kolochin_culture,,undefined,oklch(62.3% 0.214 259.815),,
true,cultures:europe:prague-korchak_culture,cultures-europe,450,500,Culture de Prague-Korchak,Prague-Korchak culture,https://en.wikipedia.org/wiki/Prague-Korchak_culture,https://en.wikipedia.org/wiki/Prague-Korchak_culture,,Eastern European archaeological culture,oklch(62.3% 0.214 259.815),,
true,cultures:europe:byzantine_empire_under_the_justinian_dynasty,cultures-europe,518,602,Dynastie des Justiniens,Byzantine Empire under the Justinian dynasty,https://fr.wikipedia.org/wiki/Dynastie_des_Justiniens,https://en.wikipedia.org/wiki/Byzantine_Empire_under_the_Justinian_dynasty,dynastie d'empereurs byzantins qui régnèrent au VIe siècle,Period of Byzantine history from 518 to 602,oklch(62.3% 0.214 259.815),,
true,cultures:europe:penkovka_culture,cultures-europe,550,800,Culture de Penkovka,Penkovka culture,https://en.wikipedia.org/wiki/Penkovka_culture,https://en.wikipedia.org/wiki/Penkovka_culture,,Archaeological culture of late antiquity in Eastern Europe,oklch(62.3% 0.214 259.815),,
true,cultures:europe:vendel_period,cultures-europe,540,790,Période de Vendel,Vendel Period,https://en.wikipedia.org/wiki/Vendel_Period,https://en.wikipedia.org/wiki/Vendel_Period,,Period of Swedish prehistory (540–790 AD),oklch(62.3% 0.214 259.815),,
true,cultures:europe:leipzig_group,cultures-europe,600,1200,Groupe de Leipzig,Leipzig group,https://en.wikipedia.org/wiki/Leipzig_group,https://en.wikipedia.org/wiki/Leipzig_group,,undefined,oklch(62.3% 0.214 259.815),,
true,cultures:europe:kingdom_of_the_lombards,cultures-europe,568,774,Royaume lombard,Kingdom of the Lombards,https://fr.wikipedia.org/wiki/Royaume_lombard,https://en.wikipedia.org/wiki/Kingdom_of_the_Lombards,"royaume germanique d'Italie, de 568 à 774",568–774 state in the Italian peninsula,oklch(62.3% 0.214 259.815),,
true,cultures:europe:keszthely_culture,cultures-europe,500,650,Culture de Keszthely,Keszthely culture,https://en.wikipedia.org/wiki/Keszthely_culture,https://en.wikipedia.org/wiki/Keszthely_culture,,undefined,oklch(62.3% 0.214 259.815),,
true,cultures:europe:luka-raikovetska_culture,cultures-europe,650,950,Culture Luka-Raikovetska,Luka-Raikovetska culture,https://en.wikipedia.org/wiki/Luka-Raikovetska_culture,https://en.wikipedia.org/wiki/Luka-Raikovetska_culture,,Culture of the Slavs in the early Middle Ages,oklch(62.3% 0.214 259.815),,
true,cultures:europe:sukow-dziedzice_group,cultures-europe,650,750,Groupe de Sukow-Dziedzice,Sukow-Dziedzice group,https://en.wikipedia.org/wiki/Sukow-Dziedzice_group,https://en.wikipedia.org/wiki/Sukow-Dziedzice_group,,Archaeological culture,oklch(62.3% 0.214 259.815),,
true,cultures:europe:tornow_group,cultures-europe,750,800,Groupe de Tornow,Tornow group,https://en.wikipedia.org/wiki/Tornow_group,https://en.wikipedia.org/wiki/Tornow_group,,undefined,oklch(62.3% 0.214 259.815),,
true,cultures:europe:ipote%c8%99ti%e2%80%93c%c3%a2nde%c8%99ti_culture,cultures-europe,550,600,Culture d'Ipotești-Cândești,Ipotești–Cândești culture,https://en.wikipedia.org/wiki/Ipote%C8%99ti%E2%80%93C%C3%A2nde%C8%99ti_culture,https://en.wikipedia.org/wiki/Ipote%C8%99ti%E2%80%93C%C3%A2nde%C8%99ti_culture,,Eastern European archaeological culture,oklch(62.3% 0.214 259.815),,
true,cultures:europe:byzantine_empire_under_the_heraclian_dynasty,cultures-europe,610,711,Dynastie des Héraclides,Byzantine Empire under the Heraclian dynasty,https://en.wikipedia.org/wiki/Byzantine_Empire_under_the_Heraclian_dynasty,https://en.wikipedia.org/wiki/Byzantine_Empire_under_the_Heraclian_dynasty,,Period of Byzantine history from 610 to 711,oklch(62.3% 0.214 259.815),,
true,cultures:europe:balkan%e2%80%93danubian_culture,cultures-europe,700,1000,Culture de Pliska et Preslav,Balkan–Danubian culture,https://fr.wikipedia.org/wiki/Culture_de_Pliska_et_Preslav,https://en.wikipedia.org/wiki/Balkan%E2%80%93Danubian_culture,,Archaeological culture from Europe,oklch(62.3% 0.214 259.815),,
true,cultures:europe:saltovo-mayaki,cultures-europe,700,950,Culture saltovo-mayaki,Saltovo-Mayaki,https://en.wikipedia.org/wiki/Saltovo-Mayaki,https://en.wikipedia.org/wiki/Saltovo-Mayaki,,700–950 AD archaeological culture in the Pontic steppe,oklch(62.3% 0.214 259.815),,
true,cultures:europe:volyntsevo_culture,cultures-europe,700,800,Culture de Volyntsevo,Volyntsevo culture,https://en.wikipedia.org/wiki/Volyntsevo_culture,https://en.wikipedia.org/wiki/Volyntsevo_culture,,undefined,oklch(62.3% 0.214 259.815),,
true,cultures:europe:vikings,cultures-europe,793,1066,Vikings,Vikings,https://fr.wikipedia.org/wiki/Vikings,https://en.wikipedia.org/wiki/Vikings,population de la région nord de la mer Baltique à l'époque viking (800-1050),"Norse seafarers, merchants and raiders",oklch(62.3% 0.214 259.815),,
true,cultures:europe:carolingian_empire,cultures-europe,800,924,Empire carolingien,Carolingian Empire,https://fr.wikipedia.org/wiki/Empire_carolingien,https://en.wikipedia.org/wiki/Carolingian_Empire,empire d'Europe de l'Ouest de 800 à 924,Frankish empire in Europe (800–887),oklch(62.3% 0.214 259.815),,
true,cultures:europe:blatnica-mikul%c4%8dice_horizon,cultures-europe,800,900,Horizon de Blatnica-Mikulčice,Blatnica-Mikulčice horizon,https://en.wikipedia.org/wiki/Blatnica-Mikul%C4%8Dice_horizon,https://en.wikipedia.org/wiki/Blatnica-Mikul%C4%8Dice_horizon,,Archaeological period in parts of Europe,oklch(62.3% 0.214 259.815),,
true,cultures:europe:bijelo_brdo_culture,cultures-europe,950,1100,Culture de Bijelo Brdo,Bijelo Brdo culture,https://en.wikipedia.org/wiki/Bijelo_Brdo_culture,https://en.wikipedia.org/wiki/Bijelo_Brdo_culture,,Medieval archaeological culture in Europe,oklch(62.3% 0.214 259.815),,
true,cultures:middle-america:maya_civilization,cultures-middle-america,-2600,1520,Civilisation maya,Maya civilization,https://fr.wikipedia.org/wiki/Civilisation_maya,https://en.wikipedia.org/wiki/Maya_civilization,ancienne civilisation mésoaméricaine,Mesoamerican civilization (c. 2000 BC – 1697 AD),oklch(72.3% 0.219 149.579),,
true,cultures:middle-america:ortoiroid_people,cultures-middle-america,-5200,-500,Ortoiroïde,Ortoiroid people,https://fr.wikipedia.org/wiki/Ortoiroïde,https://en.wikipedia.org/wiki/Ortoiroid_people,,Second wave of human settlers of the Caribbean,oklch(72.3% 0.219 149.579),,
true,cultures:middle-america:olmecs,cultures-middle-america,-2500,-500,Olmèques,Olmecs,https://fr.wikipedia.org/wiki/Olmèques,https://en.wikipedia.org/wiki/Olmecs,ancien peuple précolombien de Mésoamérique,Earliest known major Mesoamerican civilization,oklch(72.3% 0.219 149.579),,
true,cultures:middle-america:mixtec_culture,cultures-middle-america,-1500,1523,Culture mixt%C3%A8que,Mixtec culture,https://en.wikipedia.org/wiki/Mixtec_culture,https://en.wikipedia.org/wiki/Mixtec_culture,,Pre-Hispanic archaeological culture,oklch(72.3% 0.219 149.579),,
true,cultures:middle-america:huastec_civilization,cultures-middle-america,-2000,1500,Civilisation Huaxtèques,Huastec civilization,https://fr.wikipedia.org/wiki/Huast%C3%A8ques,https://en.wikipedia.org/wiki/Huastec_civilization,,Pre-Columbian civilization of Mesoamerica,oklch(72.3% 0.219 149.579),,
true,cultures:middle-america:tlatilco_culture,cultures-middle-america,-1200,-800,Culture de Tlatilco,Tlatilco culture,https://fr.wikipedia.org/wiki/Culture_de_Tlatilco,https://en.wikipedia.org/wiki/Tlatilco_culture,,1250–800 BCE culture in the Valley of Mexico,oklch(72.3% 0.219 149.579),,
true,cultures:middle-america:gran_cocl%c3%a9,cultures-middle-america,-150,700,Gran Cocl%C3%A9,Gran Coclé,https://en.wikipedia.org/wiki/Gran_Cocl%C3%A9,https://en.wikipedia.org/wiki/Gran_Cocl%C3%A9,,Archeological culture area in Panama,oklch(72.3% 0.219 149.579),,
true,cultures:middle-america:chup%c3%adcuaro,cultures-middle-america,-400,300,Culture Chupicuaro,Chupícuaro,https://fr.wikipedia.org/wiki/Culture_Chup%C3%ADcuaro,https://en.wikipedia.org/wiki/Chup%C3%ADcuaro,culture et site archéologique mésoaméricain de la période préclassique,Archeological site in Mexico,oklch(72.3% 0.219 149.579),,
true,cultures:middle-america:mezcala_culture,cultures-middle-america,-700,650,Culture Mezcala,Mezcala culture,https://fr.wikipedia.org/wiki/Culture_Mezcala,https://en.wikipedia.org/wiki/Mezcala_culture,ancienne culture mésoaméricaine,Mesoamerican Culture,oklch(72.3% 0.219 149.579),,
true,cultures:middle-america:zapotec_civilization,cultures-middle-america,-700,1521,Civilisation zapoteque,Zapotec civilization,https://fr.wikipedia.org/wiki/Civilisation_zapot%C3%A8que,https://en.wikipedia.org/wiki/Zapotec_civilization,"civilisation amérindienne précolombienne de structure matriarcale, Mexique",Indigenous civilization that flourished in the Valley of Oaxaca in Mesoamerica,oklch(72.3% 0.219 149.579),,
true,cultures:middle-america:saladoid,cultures-middle-america,-500,545,Saladoïde,Saladoid,https://fr.wikipedia.org/wiki/Saladoïde,https://en.wikipedia.org/wiki/Saladoid,,Pre-Columbian indigenous culture of territory in present-day Venezuela,oklch(72.3% 0.219 149.579),,
true,cultures:middle-america:teuchitl%c3%a1n_culture,cultures-middle-america,-300,900,Culture de Teuchitlan,Teuchitlán culture,https://fr.wikipedia.org/wiki/Culture_de_T,https://en.wikipedia.org/wiki/Teuchitl%C3%A1n_culture,,Culture in what is now Mexico (450 BCE–350 CE)),oklch(72.3% 0.219 149.579),,
true,cultures:middle-america:western_mexico_shaft_tomb_tradition,cultures-middle-america,-300,400,Culture des tombes a puits,Western Mexico shaft tomb tradition,https://fr.wikipedia.org/wiki/Culture_des_tombes_%C3%A0_puits,https://en.wikipedia.org/wiki/Western_Mexico_shaft_tomb_tradition,,,oklch(72.3% 0.219 149.579),,
true,cultures:middle-america:classic_veracruz_culture,cultures-middle-america,100,1000,Culture classique de Veracruz,Classic Veracruz culture,https://fr.wikipedia.org/wiki/Culture_clas,https://en.wikipedia.org/wiki/Classic_Veracruz_culture,,undefined,oklch(72.3% 0.219 149.579),,
true,cultures:middle-america:totonac_culture,cultures-middle-america,300,1521,Totonacs,Totonac culture,https://en.wikipedia.org/wiki/Totonac_culture,https://en.wikipedia.org/wiki/Totonac_culture,,Mesoamerican indigenous culture,oklch(72.3% 0.219 149.579),,
true,cultures:middle-america:epi-olmec_culture,cultures-middle-america,-300,250,Epi-Olm%C3%A8ques,Epi-Olmec culture,https://fr.wikipedia.org/wiki/%C3%89pi-Olm%C3%A8ques,https://en.wikipedia.org/wiki/Epi-Olmec_culture,,Archaeological culture in Mexico,oklch(72.3% 0.219 149.579),,
true,cultures:middle-america:diquis,cultures-middle-america,700,1530,Culture Diquis,Diquis,https://fr.wikipedia.org/wiki/Culture_Diquis,https://en.wikipedia.org/wiki/Diquis,culture précolombienne du Costa Rica,Pre-Columbian indigenous culture of Costa Rica,oklch(72.3% 0.219 149.579),,
true,cultures:middle-america:veraguas_culture,cultures-middle-america,700,1530,Culture de Veraguas,Veraguas culture,https://en.wikipedia.org/wiki/Veraguas_culture,https://en.wikipedia.org/wiki/Veraguas_culture,,Pre-Columbian Panamian culture,oklch(72.3% 0.219 149.579),,
true,cultures:middle-america:kingdom_of_nicoya,cultures-middle-america,-500,1520,Royaume de Nicoya,Kingdom of Nicoya,https://en.wikipedia.org/wiki/Kingdom_of_Nicoya,https://en.wikipedia.org/wiki/Kingdom_of_Nicoya,,"Ancient pre-Columbian kingdom in Guanacaste, Costa Rica",oklch(72.3% 0.219 149.579),,
true,cultures:middle-america:toltec,cultures-middle-america,900,1150,Toltèques,Toltec,https://fr.wikipedia.org/wiki/Tolt%C3%A8ques,https://en.wikipedia.org/wiki/Toltec,civilisation précolombienne,"Pre-Columbian civilization in Tula, Hidalgo, Mexico",oklch(72.3% 0.219 149.579),,
true,cultures:middle-america:tlaxcala_(nahua_state),cultures-middle-america,1348,1520,Tlaxcala (État nahua),Tlaxcala (Nahua state),https://en.wikipedia.org/wiki/Tlaxcala_(Nahua_state),https://en.wikipedia.org/wiki/Tlaxcala_(Nahua_state),,Pre-Columbian state in present-day central Mexico (1348–1520),oklch(72.3% 0.219 149.579),,
true,cultures:middle-america:cuzcatlan,cultures-middle-america,1200,1528,Cuzcatlan,Cuzcatlan,https://en.wikipedia.org/wiki/Cuzcatlan,https://en.wikipedia.org/wiki/Cuzcatlan,,Pre-Columbian Nahua state confederation,oklch(72.3% 0.219 149.579),,
true,cultures:middle-america:pur%c3%a9pecha_empire,cultures-middle-america,1300,1530,Royaume tarasque,Purépecha Empire,https://fr.wikipedia.org/wiki/Royaume_tarasque,https://en.wikipedia.org/wiki/Pur%C3%A9pecha_Empire,ancien état mésoaméricain,State in central Mexico (c. 1300–1530),oklch(72.3% 0.219 149.579),,
true,cultures:middle-america:aztecs,cultures-middle-america,1300,1521,Aztèques,Aztecs,https://fr.wikipedia.org/wiki/Azt%C3%A8ques,https://en.wikipedia.org/wiki/Aztecs,,,oklch(72.3% 0.219 149.579),,
true,cultures:middle-east:acheulean,cultures-middle-east,-1750000,-200000,Acheuléen,Acheulean,https://fr.wikipedia.org/wiki/Acheuléen,https://en.wikipedia.org/wiki/Acheulean,culture préhistorique,Archaeological culture associated with Homo erectus,oklch(70.5% 0.213 47.604),,
true,cultures:middle-east:acheulo-yabrudian_complex,cultures-middle-east,-400000,-220000,Complexe acheulo-yabrudien,Acheulo-Yabrudian complex,https://en.wikipedia.org/wiki/Acheulo-Yabrudian_complex,https://en.wikipedia.org/wiki/Acheulo-Yabrudian_complex,,undefined,oklch(70.5% 0.213 47.604),,
true,cultures:middle-east:emiran,cultures-middle-east,-50000,-40000,Culture émirienne,Emiran,https://fr.wikipedia.org/wiki/Culture_émirienne,https://en.wikipedia.org/wiki/Emiran,Culture archéologique de transition Paléolithique moyen-supérieur du Proche-Orient,Culture that existed in the Levant and Arabia between the last two Paleolithic periods,oklch(70.5% 0.213 47.604),,
true,cultures:middle-east:ahmarian,cultures-middle-east,-46000,-42000,Ahmarien,Ahmarian,https://fr.wikipedia.org/wiki/Ahmarien,https://en.wikipedia.org/wiki/Ahmarian,"Culture archéologique du Levant, entre 46000 et 42000 BP",Paleolithic archeological industry in the Levant,oklch(70.5% 0.213 47.604),,
true,cultures:middle-east:baradostian_culture,cultures-middle-east,-38000,-18000,Baradostien,Baradostian culture,https://fr.wikipedia.org/wiki/Baradostien,https://en.wikipedia.org/wiki/Baradostian_culture,culture et industrie lithique du Paléolithique supérieur,Upper Paleolithic flint industry culture,oklch(70.5% 0.213 47.604),,
true,cultures:middle-east:levantine_aurignacian,cultures-middle-east,-40000,-30000,Aurignacien levantin,Levantine Aurignacian,https://en.wikipedia.org/wiki/Levantine_Aurignacian,https://en.wikipedia.org/wiki/Levantine_Aurignacian,,Upper Paleolithic culture of the Near-Eastern Levant,oklch(70.5% 0.213 47.604),,
true,cultures:middle-east:nebekian_culture,cultures-middle-east,-25000,-19000,Nebekian culture,Nebekian culture,https://en.wikipedia.org/wiki/Nebekian_culture,https://en.wikipedia.org/wiki/Nebekian_culture,,Early Epipalaeolithic archaeological culture of the Southern Levant,oklch(70.5% 0.213 47.604),,
true,cultures:middle-east:zarzian_culture,cultures-middle-east,-20000,-10000,Zarzien,Zarzian culture,https://fr.wikipedia.org/wiki/Zarzien,https://en.wikipedia.org/wiki/Zarzian_culture,culture archéologique de l'Epipaléolithique au nord de l'Irak et au nord-ouest de l'Iran,Archaeological culture,oklch(70.5% 0.213 47.604),,
true,cultures:middle-east:kebaran,cultures-middle-east,-20000,-12000,Kébarien,Kebaran culture,https://fr.wikipedia.org/wiki/Kébarien,https://en.wikipedia.org/wiki/Kebaran,,Archaeological culture in the Eastern Mediterranean,oklch(70.5% 0.213 47.604),,
true,cultures:middle-east:kebaran_culture,cultures-middle-east,-19000,-12000,Kébarien,Kebaran culture,https://fr.wikipedia.org/wiki/Kébarien,https://en.wikipedia.org/wiki/Kebaran_culture,,Archaeological culture in the Eastern Mediterranean,oklch(70.5% 0.213 47.604),,
true,cultures:middle-east:trialetian_mesolithic,cultures-middle-east,-16000,-8000,Mésolithique trialétien,Trialetian Mesolithic,https://en.wikipedia.org/wiki/Trialetian_Mesolithic,https://en.wikipedia.org/wiki/Trialetian_Mesolithic,,Upper Paleolithic-Epipaleolithic stone tool industry,oklch(70.5% 0.213 47.604),,
true,cultures:middle-east:mushabian_culture,cultures-middle-east,-14000,-12500,Mushabian culture,Mushabian culture,https://en.wikipedia.org/wiki/Mushabian_culture,https://en.wikipedia.org/wiki/Mushabian_culture,,Epipalaeolithic archaeological culture of the southern Levant,oklch(70.5% 0.213 47.604),,
true,cultures:middle-east:natufian_culture,cultures-middle-east,-15000,-11500,Natoufien,Natufian culture,https://fr.wikipedia.org/wiki/Natoufien,https://en.wikipedia.org/wiki/Natufian_culture,culture de la période archéologique de l'Épipaléolithique attestée au Levant entre 14500 et 11500 B.P.,Archaeological culture of the Epipalaeolithic Levant,oklch(70.5% 0.213 47.604),,
true,cultures:middle-east:khiamian,cultures-middle-east,-10000,-9500,Khiamien,Khiamian culture,https://fr.wikipedia.org/wiki/Khiamien,https://en.wikipedia.org/wiki/Khiamian,,Neolithic archaeological culture of Southwest Asia,oklch(70.5% 0.213 47.604),,
true,cultures:middle-east:tahunian,cultures-middle-east,-15000,-11500,Tahunien,Tahunian,https://en.wikipedia.org/wiki/Tahunian,https://en.wikipedia.org/wiki/Tahunian,,Archaeological stone-age culture,oklch(70.5% 0.213 47.604),,
true,cultures:middle-east:qaraoun_culture,cultures-middle-east,-18000,-3000,Culture Qaraoun,Qaraoun culture,https://fr.wikipedia.org/wiki/Culture_Qaraoun,https://en.wikipedia.org/wiki/Qaraoun_culture,,Archaeological culture in Lebanon,oklch(70.5% 0.213 47.604),,
true,cultures:middle-east:pre-pottery_neolithic,cultures-middle-east,-10000,-6500,Néolithique précéramique,Pre-Pottery Neolithic,https://fr.wikipedia.org/wiki/Néolithique_précéramique,https://en.wikipedia.org/wiki/Pre-Pottery_Neolithic,,Earlier part of the Neolithic period in Southwest Asia,oklch(70.5% 0.213 47.604),,
true,cultures:middle-east:pre-pottery_neolithic_a,cultures-middle-east,-10000,-8800,Néolithique précéramique A,Pre-Pottery Neolithic A,https://fr.wikipedia.org/wiki/Néolithique_précéramique_A,https://en.wikipedia.org/wiki/Pre-Pottery_Neolithic_A,phase du Néolithique du Proche-Orient,Middle Eastern Neolithic culture,oklch(70.5% 0.213 47.604),,
true,cultures:middle-east:khiamian_culture,cultures-middle-east,-10000,-9500,Khiamien,Khiamian culture,https://fr.wikipedia.org/wiki/Khiamien,https://en.wikipedia.org/wiki/Khiamian_culture,culture mésolithique du Proche-Orient,Neolithic archaeological culture of Southwest Asia,oklch(70.5% 0.213 47.604),,
true,cultures:middle-east:pre-pottery_neolithic_b,cultures-middle-east,-900,-6500,Néolithique précéramique B,Pre-Pottery Neolithic B,https://fr.wikipedia.org/wiki/Néolithique_précéramique_B,https://en.wikipedia.org/wiki/Pre-Pottery_Neolithic_B,phase du Néolithique du Proche-Orient,Neolithic culture in upper Mesopotamia and the Levant c. 8800–6500 BC,oklch(70.5% 0.213 47.604),,
true,cultures:middle-east:harifian_culture,cultures-middle-east,-8800,-7000,Harifian culture,Harifian culture,https://en.wikipedia.org/wiki/Harifian_culture,https://en.wikipedia.org/wiki/Harifian_culture,,"Epipaleolithic culture in Negev, Israel",oklch(70.5% 0.213 47.604),,
true,cultures:middle-east:al-magar,cultures-middle-east,-9000,-7000,Al-Magar,Al-Magar,https://fr.wikipedia.org/wiki/Al-Magar,https://en.wikipedia.org/wiki/Al-Magar,civilisation du milieu de la péninsule arabique,Prehistoric Arabian culture,oklch(70.5% 0.213 47.604),,
true,cultures:middle-east:shepherd_neolithic,cultures-middle-east,-10200,-8800,Bergers du Néolithique,Shepherd Neolithic,https://en.wikipedia.org/wiki/Shepherd_Neolithic,https://en.wikipedia.org/wiki/Shepherd_Neolithic,,Style of ancient industry in Lebanon,oklch(70.5% 0.213 47.604),,
true,cultures:middle-east:ubaid_period,cultures-middle-east,-6500,-3700,Période d'Obeïd,Ubaid period,https://fr.wikipedia.org/wiki/Période_d'Obeïd,https://en.wikipedia.org/wiki/Ubaid_period,culture archéologique,Prehistoric period of Mesopotamia,oklch(70.5% 0.213 47.604),,
true,cultures:middle-east:yarmukian_culture,cultures-middle-east,-6400,-6000,Yarmoukien,Yarmukian culture,https://fr.wikipedia.org/wiki/Yarmoukien,https://en.wikipedia.org/wiki/Yarmukian_culture,,Late Neolithic archaeological culture of the Southern Levant,oklch(70.5% 0.213 47.604),,
true,cultures:middle-east:lodian_culture,cultures-middle-east,-5000,-4500,Lodian culture,Lodian culture,https://en.wikipedia.org/wiki/Lodian_culture,https://en.wikipedia.org/wiki/Lodian_culture,,undefined,oklch(70.5% 0.213 47.604),,
true,cultures:middle-east:nizzanim_culture,cultures-middle-east,-6300,-5500,Nizzanim culture,Nizzanim culture,https://en.wikipedia.org/wiki/Nizzanim_culture,https://en.wikipedia.org/wiki/Nizzanim_culture,,Late Neolithic archaeological culture of the Southern Levant,oklch(70.5% 0.213 47.604),,
true,cultures:middle-east:samarra_culture,cultures-middle-east,-6200,-5700,Période de Samarra,Samarra culture,https://fr.wikipedia.org/wiki/Période_de_Samarra,https://en.wikipedia.org/wiki/Samarra_culture,culture archéologique,Late Neolithic archaeological culture of Mesopotamia,oklch(70.5% 0.213 47.604),,
true,cultures:middle-east:shulaveri%e2%80%93shomu_culture,cultures-middle-east,-6000,-5000,Culture de Shulaveri-Shomu,Shulaveri–Shomu culture,https://fr.wikipedia.org/wiki/Culture_de_Shulaveri-Shomu,https://en.wikipedia.org/wiki/Shulaveri%E2%80%93Shomu_culture,,Late Stone Age culture in the south Caucasus,oklch(70.5% 0.213 47.604),,
true,cultures:middle-east:halaf_culture,cultures-middle-east,-6100,-5100,Culture de Halaf,Halaf culture,https://fr.wikipedia.org/wiki/Culture_de_Halaf,https://en.wikipedia.org/wiki/Halaf_culture,culture archéologique du néolithique,Archaeological culture,oklch(70.5% 0.213 47.604),,
true,cultures:middle-east:tell_brak,cultures-middle-east,-6500,-5100,Tell Brak,Tell Brak,https://fr.wikipedia.org/wiki/Tell_Brak,https://en.wikipedia.org/wiki/Tell_Brak,site archéologique de Syrie,Archaeological site in Syria,oklch(70.5% 0.213 47.604),,
true,cultures:middle-east:halaf-ubaid_transitional_period,cultures-middle-east,-5500,-5000,Transition Halaf-Obeïd,Halaf-Ubaid Transitional period,https://en.wikipedia.org/wiki/Halaf-Ubaid_Transitional_period,https://en.wikipedia.org/wiki/Halaf-Ubaid_Transitional_period,,Prehistoric period of Mesopotamia,oklch(70.5% 0.213 47.604),,
true,cultures:middle-east:wadi_rabah_culture,cultures-middle-east,-4500,-4000,Culture de Wadi Rabah,Wadi Rabah culture,https://en.wikipedia.org/wiki/Wadi_Rabah_culture,https://en.wikipedia.org/wiki/Wadi_Rabah_culture,,Archaeological culture of the Southern Levant,oklch(70.5% 0.213 47.604),,
true,cultures:middle-east:ghassulian,cultures-middle-east,-4400,-3800,Ghassoulien,Ghassulian,https://en.wikipedia.org/wiki/Ghassulian,https://en.wikipedia.org/wiki/Ghassulian,,Chalcolithic culture and archaeological stage,oklch(70.5% 0.213 47.604),,
true,cultures:middle-east:kurgan_hypothesis#kurgan_culture,cultures-middle-east,-6000,-4000,Kurgan hypothesis,Kurgan hypothesis,https://en.wikipedia.org/wiki/Kurgan_hypothesis#Kurgan_culture,https://en.wikipedia.org/wiki/Kurgan_hypothesis#Kurgan_culture,,Theory of Indo-European origin,oklch(70.5% 0.213 47.604),,
true,cultures:middle-east:sumer,cultures-middle-east,-5500,-1800,Sumer,Sumer,https://fr.wikipedia.org/wiki/Sumer,https://en.wikipedia.org/wiki/Sumer,civilisation antique et région historique du sud de la Mésopotamie,Ancient Mesopotamian civilization from 5500 to 1800 BC,oklch(70.5% 0.213 47.604),,
true,cultures:middle-east:leyla-tepe_culture,cultures-middle-east,-3800,-3200,Leyla-Tepe culture,Leyla-Tepe culture,https://en.wikipedia.org/wiki/Leyla-Tepe_culture,https://en.wikipedia.org/wiki/Leyla-Tepe_culture,,Prehistoric culture of the Caucasus,oklch(70.5% 0.213 47.604),,
true,cultures:middle-east:maykop_culture,cultures-middle-east,-4000,-2500,Culture de Maïkop,Maykop culture,https://fr.wikipedia.org/wiki/Culture_de_Maïkop,https://en.wikipedia.org/wiki/Maykop_culture,culture archéologique,Bronze Age civilization in the Caucasus (c. 3700–3000 BC),oklch(70.5% 0.213 47.604),,
true,cultures:middle-east:kura%e2%80%93araxes_culture,cultures-middle-east,-3400,-2000,Culture Kouro-Araxe,Kura–Araxes culture,https://fr.wikipedia.org/wiki/Culture_Kouro-Araxe,https://en.wikipedia.org/wiki/Kura%E2%80%93Araxes_culture,"culture qui s'est développée à l'âge du Bronze, entre environ 3 400 et 2 000 ans av. J.-C.",Archaeological culture from the Caucasus region,oklch(70.5% 0.213 47.604),,
true,cultures:middle-east:jiroft_culture,cultures-middle-east,-3000,-2200,Civilisation de Jiroft,Jiroft culture,https://fr.wikipedia.org/wiki/Civilisation_de_Jiroft,https://en.wikipedia.org/wiki/Jiroft_culture,,Proposed early Bronze Age culture in Iran,oklch(70.5% 0.213 47.604),,
true,cultures:middle-east:kish_civilization,cultures-middle-east,-4000,-2500,Kish civilization,Kish civilization,https://en.wikipedia.org/wiki/Kish_civilization,https://en.wikipedia.org/wiki/Kish_civilization,,Proposed Mesopotamia civilization,oklch(70.5% 0.213 47.604),,
true,cultures:middle-east:pre-islamic_arabia,cultures-middle-east,-1000,610,Arabie préislamique,Pre-Islamic Arabia,https://fr.wikipedia.org/wiki/Arabie_préislamique,https://en.wikipedia.org/wiki/Pre-Islamic_Arabia,"péninsule arabique avant le VIIe siècle, soit avant l'apparition de l'islam, incluant la préhistoire et l'histoire de cette région",Human history in the Arabian Peninsula before 610 CE,oklch(70.5% 0.213 47.604),,
true,cultures:middle-east:elam,cultures-middle-east,-3200,-539,Élam,Elam,https://fr.wikipedia.org/wiki/Élam,https://en.wikipedia.org/wiki/Elam,ancien empire oriental dans l'Iran d'aujourd'hui,Ancient pre-Iranian civilization between 3200 and 539 BC,oklch(70.5% 0.213 47.604),,
true,cultures:middle-east:colchian_culture,cultures-middle-east,-2700,-700,Culture colchidienne,Colchian culture,https://fr.wikipedia.org/wiki/Culture_colchidienne,https://en.wikipedia.org/wiki/Colchian_culture,,Neolithic culture of the western Caucasus,oklch(70.5% 0.213 47.604),,
true,cultures:middle-east:hattians,cultures-middle-east,-3000,-1700,Hatti (peuple),Hattians,https://fr.wikipedia.org/wiki/Hatti_(peuple),https://en.wikipedia.org/wiki/Hattians,peuple antique d'Anatolie,Ancient people of central Anatolia,oklch(70.5% 0.213 47.604),,
true,cultures:middle-east:magan_(civilization),cultures-middle-east,-2300,-550,Magan,Magan (civilization),https://fr.wikipedia.org/wiki/Magan,https://en.wikipedia.org/wiki/Magan_(civilization),région identifiée avec l'actuel Oman mentionnée dans les textes cunéiformes sumériens aux alentours de 2300 av. J-C comme une source de cuivre et de diorite pour la Mésopotamie,Ancient region in what is now modern day Oman and United Arab Emirates,oklch(70.5% 0.213 47.604),,
true,cultures:middle-east:akkadian_empire,cultures-middle-east,-2334,-2154,Empire d'Akkad,Akkadian Empire,https://fr.wikipedia.org/wiki/Empire_d'Akkad,https://en.wikipedia.org/wiki/Akkadian_Empire,ancien pays,State in Mesopotamia (c. 2334–2154 BC),oklch(70.5% 0.213 47.604),,
true,cultures:middle-east:trialeti-vanadzor_culture,cultures-middle-east,-2200,-1600,Culture de Trialeti,Trialeti-Vanadzor culture,https://fr.wikipedia.org/wiki/Culture_de_Trialeti,https://en.wikipedia.org/wiki/Trialeti-Vanadzor_culture,,Bronze Age archaeological culture in the Caucasus,oklch(70.5% 0.213 47.604),,
true,cultures:middle-east:assyria,cultures-middle-east,-2025,-609,Assyrie,Assyria,https://fr.wikipedia.org/wiki/Assyrie,https://en.wikipedia.org/wiki/Assyria,royaume de la Mésopotamie antique,Major Mesopotamian civilization,oklch(70.5% 0.213 47.604),,
true,cultures:middle-east:canaan,cultures-middle-east,-2000,-500,Canaan (région),Canaan,https://fr.wikipedia.org/wiki/Canaan_(région),https://en.wikipedia.org/wiki/Canaan,région historique du Proche-Orient ancien,Region in the ancient Near East,oklch(70.5% 0.213 47.604),,
true,cultures:middle-east:aram_(region),cultures-middle-east,-2250,-1000,Aram (pays biblique),Aram (region),https://fr.wikipedia.org/wiki/Aram_(pays_biblique),https://en.wikipedia.org/wiki/Aram_(region),,Historical region in the Levant mentioned in the Bible,oklch(70.5% 0.213 47.604),,
true,cultures:middle-east:amorites,cultures-middle-east,-2500,-1600,Amorrites,Amorites,https://fr.wikipedia.org/wiki/Amorrites,https://en.wikipedia.org/wiki/Amorites,peuple sémite de la Syrie ancienne,Ancient Semitic-speaking people from the Levant,oklch(70.5% 0.213 47.604),,
true,cultures:middle-east:dilmun,cultures-middle-east,-3000,-600,Dilmun,Dilmun,https://fr.wikipedia.org/wiki/Dilmun,https://en.wikipedia.org/wiki/Dilmun,,Ancient Arabian civilization,oklch(70.5% 0.213 47.604),,
true,cultures:middle-east:babylonia,cultures-middle-east,-1894,-539,Babylone (civilisation),Babylonia,https://fr.wikipedia.org/wiki/Babylone_(civilisation),https://en.wikipedia.org/wiki/Babylonia,État historique sur l'Euphrate et le Tigre,Ancient Amorite-Akkadian state in Mesopotamia,oklch(70.5% 0.213 47.604),,
true,cultures:middle-east:yamhad,cultures-middle-east,-1810,-1517,Yamhad,Yamhad,https://fr.wikipedia.org/wiki/Yamhad,https://en.wikipedia.org/wiki/Yamhad,ancien pays,Semitic kingdom in Syria,oklch(70.5% 0.213 47.604),,
true,cultures:middle-east:alashiya,cultures-middle-east,-1400,-1300,Alashiya,Alashiya,https://fr.wikipedia.org/wiki/Alashiya,https://en.wikipedia.org/wiki/Alashiya,ancien État,Former country,oklch(70.5% 0.213 47.604),,
true,cultures:middle-east:hittites,cultures-middle-east,-1600,-1180,Hittites,Hittites,https://fr.wikipedia.org/wiki/Hittites,https://en.wikipedia.org/wiki/Hittites,peuple ayant vécu en Anatolie au IIe millénaire av. J.-C,Ancient Anatolian people of Kussara,oklch(70.5% 0.213 47.604),,
true,cultures:middle-east:mitanni,cultures-middle-east,-1550,-1300,Mittani,Mitanni,https://fr.wikipedia.org/wiki/Mittani,https://en.wikipedia.org/wiki/Mitanni,royaume du Nord du Proche-Orient ancien entre le XVIIe siècle et le XIIIe siècle avant notre ère,Ancient Hurrian-speaking state in northern Syria and southeast Anatolia,oklch(70.5% 0.213 47.604),,
true,cultures:middle-east:phoenicia,cultures-middle-east,-1200,-300,Phénicie,Phoenicia,https://fr.wikipedia.org/wiki/Ph%C3%A9nicie,https://en.wikipedia.org/wiki/Phoenicia,"peuple antique, de 1200 à 300 av. J.-C.",Ancient Semitic maritime civilization,oklch(70.5% 0.213 47.604),,
true,cultures:middle-east:amurru_kingdom,cultures-middle-east,-2000,-1200,Amurru (royaume),Amurru kingdom,https://fr.wikipedia.org/wiki/Amurru_(royaume),https://en.wikipedia.org/wiki/Amurru_kingdom,ancien pays,Former country,oklch(70.5% 0.213 47.604),,
true,cultures:middle-east:khojaly%e2%80%93gadabay_culture,cultures-middle-east,-1300,-700,Culture Khodjali-Gədəbəy,Khojaly–Gadabay culture,https://fr.wikipedia.org/wiki/Culture_Khodjali-Gədəbəy,https://en.wikipedia.org/wiki/Khojaly%E2%80%93Gadabay_culture,,Archaeological culture in Karabakh region,oklch(70.5% 0.213 47.604),,
true,cultures:middle-east:palistin,cultures-middle-east,-1100,-900,Palistin,Palistin,https://fr.wikipedia.org/wiki/Palistin,https://en.wikipedia.org/wiki/Palistin,,Early Syro-Hittite kingdom,oklch(70.5% 0.213 47.604),,
true,cultures:middle-east:shupria,cultures-middle-east,-1200,-700,Shupria,Shupria,https://en.wikipedia.org/wiki/Shupria,https://en.wikipedia.org/wiki/Shupria,,Ancient kingdom in the southern Armenian highlands,oklch(70.5% 0.213 47.604),,
true,cultures:middle-east:diauehi,cultures-middle-east,-1200,-800,Diaokhi,Diauehi,https://fr.wikipedia.org/wiki/Diaokhi,https://en.wikipedia.org/wiki/Diauehi,ancien pays,Iron Age tribal confederation in the Caucasus,oklch(70.5% 0.213 47.604),,
true,cultures:middle-east:nairi,cultures-middle-east,-1200,-800,Nairi,Nairi,https://fr.wikipedia.org/wiki/Nairi,https://en.wikipedia.org/wiki/Nairi,,Assyrian name for a region and group of tribes in the Armenian Highlands,oklch(70.5% 0.213 47.604),,
true,cultures:middle-east:phrygia,cultures-middle-east,-1200,-675,Phrygie,Phrygia,https://fr.wikipedia.org/wiki/Phrygie,https://en.wikipedia.org/wiki/Phrygia,"ancienne région d'Asie Mineure située entre la Lydie et la Cappadoce, Turquie",Ancient Anatolian kingdom,oklch(70.5% 0.213 47.604),,
true,cultures:middle-east:arameans,cultures-middle-east,-1200,-600,Araméens (Antiquité),Arameans,https://fr.wikipedia.org/wiki/Aram%C3%A9ens_(Antiquit%C3%A9),https://en.wikipedia.org/wiki/Arameans,peuples sémitiques de l'Antiquité,Ancient Semitic people in the Near East,oklch(70.5% 0.213 47.604),,
true,cultures:middle-east:phrygians,cultures-middle-east,-1200,-700,Phrygiens,Phrygians,https://fr.wikipedia.org/wiki/Phrygiens,https://en.wikipedia.org/wiki/Phrygians,peuple indo-européen de l'Antiquité,Ancient Indo-European-speaking people of Anatolia,oklch(70.5% 0.213 47.604),,
true,cultures:middle-east:syro-hittite_states,cultures-middle-east,-1180,-800,Royaumes néo-hittites,Syro-Hittite states,https://fr.wikipedia.org/wiki/Royaumes_néo-hittites,https://en.wikipedia.org/wiki/Syro-Hittite_states,Etats du Proche-Orient antique ayant succédé à l'Empire hittite,Iron Age states of modern Syria and Turkey,oklch(70.5% 0.213 47.604),,
true,cultures:middle-east:philistia,cultures-middle-east,-1175,-604,Philistie,Philistia,https://fr.wikipedia.org/wiki/Philistie,https://en.wikipedia.org/wiki/Philistia,État du Proche-Orient fondé par les Philistins,Geo-political region occupied by the Philistines,oklch(70.5% 0.213 47.604),,
true,cultures:middle-east:luhuti,cultures-middle-east,-870,-737,Luhuti,Luhuti,https://en.wikipedia.org/wiki/Luhuti,https://en.wikipedia.org/wiki/Luhuti,,Iron Age Syro-Hittite Aramean region,oklch(70.5% 0.213 47.604),,
true,cultures:middle-east:aram-damascus,cultures-middle-east,-1200,-732,Aram-Damas,Aram-Damascus,https://fr.wikipedia.org/wiki/Aram-Damas,https://en.wikipedia.org/wiki/Aram-Damascus,ancien pays,Ancient Aramean state to 732 BCE,oklch(70.5% 0.213 47.604),,
true,cultures:middle-east:koban_culture,cultures-middle-east,-1100,-400,Culture de Koban,Koban culture,https://fr.wikipedia.org/wiki/Culture_de_Koban,https://en.wikipedia.org/wiki/Koban_culture,,Bronze and Iron Age culture,oklch(70.5% 0.213 47.604),,
true,cultures:middle-east:neo-assyrian_empire,cultures-middle-east,-911,-609,Empire néo-assyrien,Neo-Assyrian Empire,https://fr.wikipedia.org/wiki/Empire_néo-assyrien,https://en.wikipedia.org/wiki/Neo-Assyrian_Empire,,Fourth period of Assyrian history,oklch(70.5% 0.213 47.604),,
true,cultures:middle-east:chaldea,cultures-middle-east,-1100,-539,Chaldée,Chaldea,https://fr.wikipedia.org/wiki/Chald%C3%A9e,https://en.wikipedia.org/wiki/Chaldea,région antique du Proche-Orient,Small Semitic nation of ancient Mesopotamia,oklch(70.5% 0.213 47.604),,
true,cultures:middle-east:pattin,cultures-middle-east,-870,-738,Pattina,Pattin,https://en.wikipedia.org/wiki/Pattin,https://en.wikipedia.org/wiki/Pattin,,Ancient Luwian Syro-Hittite state,oklch(70.5% 0.213 47.604),,
true,cultures:middle-east:urartu,cultures-middle-east,-860,-590,Urartu,Urartu,https://fr.wikipedia.org/wiki/Urartu,https://en.wikipedia.org/wiki/Urartu,royaume de l'âge du fer situé dans une vaste région autour du lac de Van,Iron-Age kingdom of the ancient Near East,oklch(70.5% 0.213 47.604),,
true,cultures:middle-east:sheba,cultures-middle-east,-800,-275,Royaume de Saba,Sheba,https://fr.wikipedia.org/wiki/Royaume_de_Saba,https://en.wikipedia.org/wiki/Sheba,"royaume antique situé au sud de l'Arabie, au nord de l'Éthiopie et en Érythrée",Ancient South Arabian kingdom,oklch(70.5% 0.213 47.604),,
true,cultures:middle-east:median_kingdom,cultures-middle-east,-1100,-500,Mèdes,Median kingdom,https://fr.wikipedia.org/wiki/M%C3%A8des,https://en.wikipedia.org/wiki/Median_kingdom,,Ancient state in West Asia,oklch(70.5% 0.213 47.604),,
true,cultures:middle-east:neo-babylonian_empire,cultures-middle-east,-626,-539,Empire néo-babylonien,Neo-Babylonian Empire,https://fr.wikipedia.org/wiki/Empire_néo-babylonien,https://en.wikipedia.org/wiki/Neo-Babylonian_Empire,période de l'histoire du royaume de Babylone comprise entre 626 et 539 av. J.-C.,Ancient Mesopotamian empire (626–539 BC),oklch(70.5% 0.213 47.604),,
true,cultures:middle-east:achaemenid_empire,cultures-middle-east,-550,-330,Achéménides,Achaemenid Empire,https://fr.wikipedia.org/wiki/Achéménides,https://en.wikipedia.org/wiki/Achaemenid_Empire,"premier empire perse, de 550 à 330 av. J.-C.",Ancient Iranian empire (550–330 BC),oklch(70.5% 0.213 47.604),,
true,cultures:middle-east:eber-nari,cultures-middle-east,-539,-332,Transeuphratène,Eber-Nari,https://fr.wikipedia.org/wiki/Transeuphratène,https://en.wikipedia.org/wiki/Eber-Nari,,Satrapy of the Achaemenid Empire,oklch(70.5% 0.213 47.604),,
true,cultures:middle-east:himyar,cultures-middle-east,-110,525,Himyar,Himyar,https://fr.wikipedia.org/wiki/Himyar,https://en.wikipedia.org/wiki/Himyar,royaume antique d'Arabie,Former kingdom in ancient Yemen,oklch(70.5% 0.213 47.604),,
true,cultures:middle-east:ayyubid_dynasty,cultures-middle-east,1171,1260,Ayyoubides,Ayyubid dynasty,https://fr.wikipedia.org/wiki/Ayyoubides,https://en.wikipedia.org/wiki/Ayyubid_dynasty,dynastie musulmane kurde de Saladin qui a fondé le sultanat médiéval ayyubid (1171-1341),Sultanate in Egypt and Levant from 1174 to 1341,oklch(70.5% 0.213 47.604),,
true,cultures:north-america:paleo-indians,cultures-north-america,-17000,-7000,Paléoaméricains,Paleo-Indians,https://fr.wikipedia.org/wiki/Paléoaméricains,https://en.wikipedia.org/wiki/Paleo-Indians,ethnie,Classification term given to the first peoples who entered the American continents,oklch(76.8% 0.233 130.85),,
true,cultures:north-america:clovis_culture,cultures-north-america,-11100,-10800,Culture Clovis,Clovis culture,https://fr.wikipedia.org/wiki/Culture_Clovis,https://en.wikipedia.org/wiki/Clovis_culture,culture préhistorique dans les Amériques c. 13 000 – 11 000 BP,"Prehistoric culture in the Americas c. 11,100–10,800 BCE",oklch(76.8% 0.233 130.85),,
true,cultures:north-america:folsom_tradition,cultures-north-america,-10800,-10200,Culture Folsom,Folsom tradition,https://fr.wikipedia.org/wiki/Culture_Folsom,https://en.wikipedia.org/wiki/Folsom_tradition,cultures disparues du centre de l'Amérique du Nord,North American Paleo-Indian archaeological culture,oklch(76.8% 0.233 130.85),,
true,cultures:north-america:tzibte_yux,cultures-north-america,-10500,-6500,Tzibte Yux,Tzibte Yux,https://en.wikipedia.org/wiki/Tzibte_Yux,https://en.wikipedia.org/wiki/Tzibte_Yux,,Archaeological site in southern Belize,oklch(76.8% 0.233 130.85),,
true,cultures:north-america:plano_cultures,cultures-north-america,-8000,-6000,Cultures Plano,Plano cultures,https://fr.wikipedia.org/wiki/Cultures_Plano,https://en.wikipedia.org/wiki/Plano_cultures,,Archaeological cultures of North America,oklch(76.8% 0.233 130.85),,
true,cultures:north-america:old_cordilleran_culture,cultures-north-america,-8000,-3500,Culture cordillérane ancienne,Old Cordilleran culture,https://en.wikipedia.org/wiki/Old_Cordilleran_culture,https://en.wikipedia.org/wiki/Old_Cordilleran_culture,,Archaeological culture,oklch(76.8% 0.233 130.85),,
true,cultures:north-america:paleo-arctic_tradition,cultures-north-america,-8000,-5000,Tradition paléo-arctique,Paleo-Arctic tradition,https://en.wikipedia.org/wiki/Paleo-Arctic_tradition,https://en.wikipedia.org/wiki/Paleo-Arctic_tradition,,Cultural tradition of the earliest well-documented human occupants of the North American Arctic,oklch(76.8% 0.233 130.85),,
true,cultures:north-america:archaic_period_(north_america)#shield_archaic_tradition,cultures-north-america,-6500,-4450,Période archaïque (Amérique du Nord),Archaic period (North America),https://en.wikipedia.org/wiki/Archaic_period_(North_America)#Shield_Archaic_tradition,https://en.wikipedia.org/wiki/Archaic_period_(North_America)#Shield_Archaic_tradition,,Period from c. 8000 to 1000 BC in North America,oklch(76.8% 0.233 130.85),,
true,cultures:north-america:la_jolla_complex,cultures-north-america,-8000,500,Complexe La Jolla,La Jolla complex,https://en.wikipedia.org/wiki/La_Jolla_complex,https://en.wikipedia.org/wiki/La_Jolla_complex,,Prehistoric culture in southwestern California and northwestern Baja California,oklch(76.8% 0.233 130.85),,
true,cultures:north-america:old_copper_complex,cultures-north-america,-7500,-1000,Complexe du vieux cuivre,Old Copper complex,https://en.wikipedia.org/wiki/Old_Copper_complex,https://en.wikipedia.org/wiki/Old_Copper_complex,,North American archaeological culture (7500–1000 BCE),oklch(76.8% 0.233 130.85),,
true,cultures:north-america:mound_builders,cultures-north-america,-3500,1500,Mound Builders,Mound Builders,https://fr.wikipedia.org/wiki/Mound_Builders,https://en.wikipedia.org/wiki/Mound_Builders,peuples précolombiens d'Amérique du Nord,Pre-Columbian cultures of North America,oklch(76.8% 0.233 130.85),,
true,cultures:north-america:pre-dorset,cultures-north-america,-3200,-850,Pre-Dorset,Pre-Dorset,https://en.wikipedia.org/wiki/Pre-Dorset,https://en.wikipedia.org/wiki/Pre-Dorset,,Paleo-Eskimo cultures in the Canadian Arctic,oklch(76.8% 0.233 130.85),,
true,cultures:north-america:paleo-eskimo,cultures-north-america,-5000,1500,Paléoesquimaux,Paleo-Eskimo,https://fr.wikipedia.org/wiki/Paléoesquimaux,https://en.wikipedia.org/wiki/Paleo-Eskimo,peuples vivant entre le détroit de Béring et le Groenland avant le IIe millénaire,Ancestral culture of peoples in the Arctic before Inuit migration,oklch(76.8% 0.233 130.85),,
true,cultures:north-america:saqqaq_culture,cultures-north-america,-2500,-800,Culture de Saqqaq,Saqqaq culture,https://fr.wikipedia.org/wiki/Culture_de_Saqqaq,https://en.wikipedia.org/wiki/Saqqaq_culture,culture archéologique préhistorique,Ancient people of Southern Greenland,oklch(76.8% 0.233 130.85),,
true,cultures:north-america:early_paleo-eskimo,cultures-north-america,-2500,-300,Paléoesquimau ancien,Early Paleo-Eskimo,https://en.wikipedia.org/wiki/Early_Paleo-Eskimo,https://en.wikipedia.org/wiki/Early_Paleo-Eskimo,,"Early pre-Inuit culture in arctic Russia, Canada and Alaska",oklch(76.8% 0.233 130.85),,
true,cultures:north-america:independence_i_culture,cultures-north-america,-2460,-1800,Culture de l'Indépendance I,Independence I culture,https://fr.wikipedia.org/wiki/Culture_de_l'Indépendance_I,https://en.wikipedia.org/wiki/Independence_I_culture,culture préhistorique du Groenland et du Canada,Paleo-Eskimo culture of northern Greenland,oklch(76.8% 0.233 130.85),,
true,cultures:north-america:aleutian_tradition,cultures-north-america,-2500,1800,Tradition aléoute,Aleutian tradition,https://en.wikipedia.org/wiki/Aleutian_tradition,https://en.wikipedia.org/wiki/Aleutian_tradition,,Aleutian culture which lived from 2500 BC to AD 1800,oklch(76.8% 0.233 130.85),,
true,cultures:north-america:denbigh_flint_complex,cultures-north-america,-2000,-500,Complexe de silex de Denbigh,Denbigh Flint complex,https://en.wikipedia.org/wiki/Denbigh_Flint_complex,https://en.wikipedia.org/wiki/Denbigh_Flint_complex,,Paleo-Inuit archaeological culture,oklch(76.8% 0.233 130.85),,
true,cultures:north-america:basketmaker_culture,cultures-north-america,-1500,750,Culture Basketmaker,Basketmaker culture,https://en.wikipedia.org/wiki/Basketmaker_culture,https://en.wikipedia.org/wiki/Basketmaker_culture,,Pre-Ancestral Puebloan period,oklch(76.8% 0.233 130.85),,
true,cultures:north-america:ancestral_puebloans,cultures-north-america,-1200,1300,Anasazis,Ancestral Puebloans,https://fr.wikipedia.org/wiki/Anasazis,https://en.wikipedia.org/wiki/Ancestral_Puebloans,civilisation disparue d'Amérique du Nord,Ancient Native American culture in Four Corners region of the US,oklch(76.8% 0.233 130.85),,
true,cultures:north-america:adena_culture,cultures-north-america,-1000,-200,Adena,Adena culture,https://fr.wikipedia.org/wiki/Adena,https://en.wikipedia.org/wiki/Adena_culture,,Pre-Columbian Native American culture,oklch(76.8% 0.233 130.85),,
true,cultures:north-america:woodland_period,cultures-north-america,-1000,1000,Période sylvicole,Woodland period,https://fr.wikipedia.org/wiki/Période_sylvicole,https://en.wikipedia.org/wiki/Woodland_period,période de la préhistoire précolombienne en Amérique du Nord,North American cultural period (1000 BCE – 1000 CE),oklch(76.8% 0.233 130.85),,
true,cultures:north-america:groswater_culture,cultures-north-america,-800,-200,Culture Groswater,Groswater culture,https://en.wikipedia.org/wiki/Groswater_culture,https://en.wikipedia.org/wiki/Groswater_culture,,Archaeological culture of Canada,oklch(76.8% 0.233 130.85),,
true,cultures:north-america:glades_culture,cultures-north-america,-500,1500,Culture des Clairières,Glades culture,https://fr.wikipedia.org/wiki/Culture_des_Clairières,https://en.wikipedia.org/wiki/Glades_culture,culture archéologique,"Archaeological culture in Florida, USA",oklch(76.8% 0.233 130.85),,
true,cultures:north-america:plains_woodland_period,cultures-north-america,-500,1800,Période Woodland des Plaines,Plains Woodland period,https://en.wikipedia.org/wiki/Plains_Woodland_period,https://en.wikipedia.org/wiki/Plains_Woodland_period,,Archaeological period in North America,oklch(76.8% 0.233 130.85),,
true,cultures:north-america:taltheilei_shale_tradition,cultures-north-america,-750,1000,Tradition du schiste de Taltheilei,Taltheilei Shale tradition,https://en.wikipedia.org/wiki/Taltheilei_Shale_tradition,https://en.wikipedia.org/wiki/Taltheilei_Shale_tradition,,undefined,oklch(76.8% 0.233 130.85),,
true,cultures:north-america:dorset_culture,cultures-north-america,-800,1500,Culture de Dorset,Dorset culture,https://fr.wikipedia.org/wiki/Culture_de_Dorset,https://en.wikipedia.org/wiki/Dorset_culture,culture archéologique de l'Arctique nord-américain antérieure à la culture inuit,Paleo-Eskimo culture (500 BCE–1500 CE) that preceded the Inuit in the Arctic of North America,oklch(76.8% 0.233 130.85),,
true,cultures:north-america:point_peninsula_complex,cultures-north-america,-600,700,Complexe de Point Peninsula,Point Peninsula complex,https://en.wikipedia.org/wiki/Point_Peninsula_complex,https://en.wikipedia.org/wiki/Point_Peninsula_complex,,Archaeological culture in North America,oklch(76.8% 0.233 130.85),,
true,cultures:north-america:mogollon_culture,cultures-north-america,200,1540,Mogollon,Mogollon culture,https://fr.wikipedia.org/wiki/Mogollon,https://en.wikipedia.org/wiki/Mogollon_culture,,Prehistoric culture of the southwest United States and northern Mexico,oklch(76.8% 0.233 130.85),,
true,cultures:north-america:old_bering_sea,cultures-north-america,-200,500,Ancienne culture de la mer de Béring,Old Bering Sea,https://fr.wikipedia.org/wiki/Ancienne_culture_de_la_mer_de_Béring,https://en.wikipedia.org/wiki/Old_Bering_Sea,Culture arctique et béringienne disparue,Archaeological culture,oklch(76.8% 0.233 130.85),,
true,cultures:north-america:hopewell_tradition,cultures-north-america,-100,500,Culture Hopewell,Hopewell tradition,https://fr.wikipedia.org/wiki/Culture_Hopewell,https://en.wikipedia.org/wiki/Hopewell_tradition,,Ancient North American indigenous civilization,oklch(76.8% 0.233 130.85),,
true,cultures:north-america:fremont_culture,cultures-north-america,1,1300,Culture Fremont,Fremont culture,https://fr.wikipedia.org/wiki/Culture_Fremont,https://en.wikipedia.org/wiki/Fremont_culture,,Pre-Columbian archaeological culture,oklch(76.8% 0.233 130.85),,
true,cultures:north-america:avonlea_culture,cultures-north-america,460,1400,Culture Avonlea,Avonlea culture,https://en.wikipedia.org/wiki/Avonlea_culture,https://en.wikipedia.org/wiki/Avonlea_culture,,Pre-Columbian culture in Canada and the United States,oklch(76.8% 0.233 130.85),,
true,cultures:north-america:chihuahua_tradition,cultures-north-america,-6000,250,Tradition de Chihuahua,Chihuahua tradition,https://en.wikipedia.org/wiki/Chihuahua_tradition,https://en.wikipedia.org/wiki/Chihuahua_tradition,,Pre-Columbian culture in modern New Mexico and Chihuahua,oklch(76.8% 0.233 130.85),,
true,cultures:north-america:hohokam,cultures-north-america,300,1500,Hohokams,Hohokam,https://fr.wikipedia.org/wiki/Hohokams,https://en.wikipedia.org/wiki/Hohokam,peuple amérindien,Prehistoric culture in the North American Southwest,oklch(76.8% 0.233 130.85),,
true,cultures:north-america:st._johns_culture,cultures-north-america,-500,1500,St. Johns culture,St. Johns culture,https://en.wikipedia.org/wiki/St._Johns_culture,https://en.wikipedia.org/wiki/St._Johns_culture,,Archaeological culture in North America,oklch(76.8% 0.233 130.85),,
true,cultures:north-america:sinagua,cultures-north-america,500,1425,Sinaguas,Sinagua,https://fr.wikipedia.org/wiki/Sinaguas,https://en.wikipedia.org/wiki/Sinagua,,"Pre-Columbian culture in Arizona, US",oklch(76.8% 0.233 130.85),,
true,cultures:north-america:birnirk_culture,cultures-north-america,500,1100,Culture de Birnirk,Birnirk culture,https://fr.wikipedia.org/wiki/Culture_de_Birnirk,https://en.wikipedia.org/wiki/Birnirk_culture,Culture inuit pré-thuléenne (certaines zones de l'Alaska),Alaskan archaeological culture,oklch(76.8% 0.233 130.85),,
true,cultures:north-america:patayan,cultures-north-america,700,1900,Patayan,Patayan,https://fr.wikipedia.org/wiki/Patayan,https://en.wikipedia.org/wiki/Patayan,,Precontact culture in North America,oklch(76.8% 0.233 130.85),,
true,cultures:north-america:mississippian_culture,cultures-north-america,800,1600,Civilisation du Mississippi,Mississippian culture,https://fr.wikipedia.org/wiki/Civilisation_du_Mississippi,https://en.wikipedia.org/wiki/Mississippian_culture,,Native American culture in the US,oklch(76.8% 0.233 130.85),,
true,cultures:north-america:independence_ii_culture,cultures-north-america,-700,-80,Culture Independence II,Independence II culture,https://en.wikipedia.org/wiki/Independence_II_culture,https://en.wikipedia.org/wiki/Independence_II_culture,,Paleo-Eskimo culture,oklch(76.8% 0.233 130.85),,
true,cultures:north-america:thule_people,cultures-north-america,900,1600,Culture de Thulé,Thule people,https://fr.wikipedia.org/wiki/Culture_de_Thulé,https://en.wikipedia.org/wiki/Thule_people,groupe culturel dont descendent les Inuits canadiens,Ancestors of the Inuit and Yupik peoples,oklch(76.8% 0.233 130.85),,
true,cultures:north-america:salado_culture,cultures-north-america,1200,1450,Culture Salado,Salado culture,https://fr.wikipedia.org/wiki/Culture_Salado,https://en.wikipedia.org/wiki/Salado_culture,culture nord-amérindienne,Culture of the people of the Salt River area of Arizona,oklch(76.8% 0.233 130.85),,
true,cultures:oceania:lapita_culture,cultures-oceania,-1600,-500,Lapita,Lapita culture,https://fr.wikipedia.org/wiki/Lapita,https://en.wikipedia.org/wiki/Lapita_culture,culture archéologique d'Océanie,Neolithic archaeological culture in the Pacific,oklch(71.5% 0.143 215.221),,
true,cultures:oceania:tu%ca%bbi_tonga_empire,cultures-oceania,950,1865,Empire Tuʻi Tonga,Tuʻi Tonga Empire,https://fr.wikipedia.org/wiki/Empire_Tuʻi_Tonga,https://en.wikipedia.org/wiki/Tu%CA%BBi_Tonga_Empire,,Empire based in Oceania during around 950s–1865,oklch(71.5% 0.143 215.221),,
true,cultures:oceania:saudeleur_dynasty,cultures-oceania,1100,1628,Dynastie Saudeleur,Saudeleur dynasty,https://fr.wikipedia.org/wiki/Dynastie_Saudeleur,https://en.wikipedia.org/wiki/Saudeleur_dynasty,,First organized government uniting the people of Pohnpei island,oklch(71.5% 0.143 215.221),,
true,cultures:south-america:paij%c3%a1n_culture,cultures-south-america,-11000,-8000,Paiján culture,Paiján culture,https://en.wikipedia.org/wiki/Paij%C3%A1n_culture,https://en.wikipedia.org/wiki/Paij%C3%A1n_culture,,undefined,oklch(69.6% 0.17 162.48),,
true,cultures:south-america:las_vegas_culture_(archaeology),cultures-south-america,-8000,-4600,Las Vegas culture (archaeology),Las Vegas culture (archaeology),https://en.wikipedia.org/wiki/Las_Vegas_culture_(archaeology),https://en.wikipedia.org/wiki/Las_Vegas_culture_(archaeology),,Large number of Archaic settlements,oklch(69.6% 0.17 162.48),,
true,cultures:south-america:mayo-chinchipe,cultures-south-america,-5500,-1700,Mayo-Chinchipe,Mayo-Chinchipe,https://en.wikipedia.org/wiki/Mayo-Chinchipe,https://en.wikipedia.org/wiki/Mayo-Chinchipe,,Culture in current-day Ecuador and Peru,oklch(69.6% 0.17 162.48),,
true,cultures:south-america:caral%e2%80%93supe_civilization,cultures-south-america,-3500,-1800,Civilisation de Caral,Caral–Supe civilization,https://fr.wikipedia.org/wiki/Civilisation_de_Caral,https://en.wikipedia.org/wiki/Caral%E2%80%93Supe_civilization,civilisation précolombienne du Pérou,Pre-Columbian era society in coastal Peru,oklch(69.6% 0.17 162.48),,
true,cultures:south-america:casma%e2%80%93sechin_culture,cultures-south-america,-3500,-200,Casma–Sechin culture,Casma–Sechin culture,https://en.wikipedia.org/wiki/Casma%E2%80%93Sechin_culture,https://en.wikipedia.org/wiki/Casma%E2%80%93Sechin_culture,,"Archaeological sites in Ancash, Peru",oklch(69.6% 0.17 162.48),,
true,cultures:south-america:valdivia_culture,cultures-south-america,-3500,-1500,Culture Valdivia,Valdivia culture,https://fr.wikipedia.org/wiki/Culture_Valdivia,https://en.wikipedia.org/wiki/Valdivia_culture,,Prehistoric culture of Ecuador,oklch(69.6% 0.17 162.48),,
true,cultures:south-america:kotosh_religious_tradition,cultures-south-america,-1800,-900,Kotosh Religious Tradition,Kotosh Religious Tradition,https://en.wikipedia.org/wiki/Kotosh_Religious_Tradition,https://en.wikipedia.org/wiki/Kotosh_Religious_Tradition,,Buildings in the Peruvian Andes,oklch(69.6% 0.17 162.48),,
true,cultures:south-america:wankarani_culture,cultures-south-america,-1300,600,Wankarani culture,Wankarani culture,https://en.wikipedia.org/wiki/Wankarani_culture,https://en.wikipedia.org/wiki/Wankarani_culture,,Archaeological culture,oklch(69.6% 0.17 162.48),,
true,cultures:south-america:machalilla_culture,cultures-south-america,-1800,-950,Culture Machalilla,Machalilla culture,https://fr.wikipedia.org/wiki/Culture_Machalilla,https://en.wikipedia.org/wiki/Machalilla_culture,culture néolithique en Equateur,Prehistoric culture of Ecuador,oklch(69.6% 0.17 162.48),,
true,cultures:south-america:chiripa_culture,cultures-south-america,-1400,-100,Chiripa culture,Chiripa culture,https://en.wikipedia.org/wiki/Chiripa_culture,https://en.wikipedia.org/wiki/Chiripa_culture,,Archaeological culture in Bolivia,oklch(69.6% 0.17 162.48),,
true,cultures:south-america:cupisnique,cultures-south-america,-1500,-500,Céramique cupisnique,Cupisnique,https://fr.wikipedia.org/wiki/Céramique_cupisnique,https://en.wikipedia.org/wiki/Cupisnique,,Pre-Columbian culture in northern Peru,oklch(69.6% 0.17 162.48),,
true,cultures:south-america:chav%c3%adn_culture,cultures-south-america,-1200,-200,Chavín (culture),Chavín culture,https://fr.wikipedia.org/wiki/Chavín_(culture),https://en.wikipedia.org/wiki/Chav%C3%ADn_culture,civilisation,Pre-Columbian Andean civilization,oklch(69.6% 0.17 162.48),,
true,cultures:south-america:paracas_culture,cultures-south-america,-800,-100,Civilisation de Paracas,Paracas culture,https://fr.wikipedia.org/wiki/Civilisation_de_Paracas,https://en.wikipedia.org/wiki/Paracas_culture,,Archaeological culture of Peru,oklch(69.6% 0.17 162.48),,
true,cultures:south-america:tumaco-la_tolita_culture,cultures-south-america,-350,400,Culture Tumaco-La Tolita,Tumaco-La Tolita culture,https://fr.wikipedia.org/wiki/Culture_Tumaco-La_Tolita,https://en.wikipedia.org/wiki/Tumaco-La_Tolita_culture,culture archéologique entre la Colombie et l'Équateur,Pre-Columbian South American culture (c. 350 BCE – 400 CE),oklch(69.6% 0.17 162.48),,
true,cultures:south-america:salinar_culture,cultures-south-america,-200,300,Culture Salinar,Salinar culture,https://en.wikipedia.org/wiki/Salinar_culture,https://en.wikipedia.org/wiki/Salinar_culture,,Archaeological culture of Ancient Peru,oklch(69.6% 0.17 162.48),,
true,cultures:south-america:vir%c3%ba_culture,cultures-south-america,-200,600,Virú,Virú culture,https://fr.wikipedia.org/wiki/Virú,https://en.wikipedia.org/wiki/Vir%C3%BA_culture,,undefined,oklch(69.6% 0.17 162.48),,
true,cultures:south-america:nazca_culture,cultures-south-america,-200,800,Nazca (civilisation),Nazca culture,https://fr.wikipedia.org/wiki/Nazca_(civilisation),https://en.wikipedia.org/wiki/Nazca_culture,culture pré-inca du sud du Pérou,"Civilization in southern Peru, c. 100 BC–800 AD",oklch(69.6% 0.17 162.48),,
true,cultures:south-america:lima_culture,cultures-south-america,100,650,Culture Lima,Lima culture,https://fr.wikipedia.org/wiki/Culture_Lima,https://en.wikipedia.org/wiki/Lima_culture,,Pre-Incan civilization in modern-day Peru,oklch(69.6% 0.17 162.48),,
true,cultures:south-america:moche_culture,cultures-south-america,100,700,Moche (culture),Moche culture,https://fr.wikipedia.org/wiki/Moche_(culture),https://en.wikipedia.org/wiki/Moche_culture,civilisation précolombienne,Culture that flourished 100 to 800 AD in Peru,oklch(69.6% 0.17 162.48),,
true,cultures:south-america:tairona,cultures-south-america,100,1000,Tayronas,Tairona,https://fr.wikipedia.org/wiki/Tayronas,https://en.wikipedia.org/wiki/Tairona,groupe culturel de Colombie,Former family of ethnic and linguistic groups,oklch(69.6% 0.17 162.48),,
true,cultures:south-america:pukara_culture,cultures-south-america,-1400,400,Pukara,Pukara culture,https://en.wikipedia.org/wiki/Pukara_culture,https://en.wikipedia.org/wiki/Pukara_culture,,South American archaeological culture,oklch(69.6% 0.17 162.48),,
true,cultures:south-america:recuay_culture,cultures-south-america,-200,600,Culture Recuay,Recuay culture,https://fr.wikipedia.org/wiki/Culture_Recuay,https://en.wikipedia.org/wiki/Recuay_culture,,Pre-Columbian culture of highland Peru,oklch(69.6% 0.17 162.48),,
true,cultures:south-america:el_molle_culture,cultures-south-america,300,700,El Molle culture,El Molle culture,https://en.wikipedia.org/wiki/El_Molle_culture,https://en.wikipedia.org/wiki/El_Molle_culture,,Archaeological culture found in Chile,oklch(69.6% 0.17 162.48),,
true,cultures:south-america:marajoara_culture,cultures-south-america,800,1400,Culture Marajoara,Marajoara culture,https://fr.wikipedia.org/wiki/Culture_Marajoara,https://en.wikipedia.org/wiki/Marajoara_culture,,Indigenous Amazon-river society,oklch(69.6% 0.17 162.48),,
true,cultures:south-america:wari_empire,cultures-south-america,500,1000,Empire Wari,Wari Empire,https://en.wikipedia.org/wiki/Wari_Empire,https://en.wikipedia.org/wiki/Wari_Empire,,Pre-columbian state in Peru (6th-11th centuries),oklch(69.6% 0.17 162.48),,
true,cultures:south-america:wari_culture,cultures-south-america,500,1200,Culture Huari,Wari culture,https://fr.wikipedia.org/wiki/Culture_Huari,https://en.wikipedia.org/wiki/Wari_culture,culture précolombienne,"Pre-Inca Culture, c. 500 BCE–1000 CE",oklch(69.6% 0.17 162.48),,
true,cultures:south-america:tiwanaku_polity,cultures-south-america,600,1000,Culture Tiwanaku,Tiwanaku polity,https://fr.wikipedia.org/wiki/Culture_Tiwanaku,https://en.wikipedia.org/wiki/Tiwanaku_polity,,Pre-Columbian polity in Western Bolivia,oklch(69.6% 0.17 162.48),,
true,cultures:south-america:muisca,cultures-south-america,-500,1600,Chibchas,Muisca,https://fr.wikipedia.org/wiki/Chibchas,https://en.wikipedia.org/wiki/Muisca,communauté précolombienne de l'actuelle Colombie,Indigenous people of Colombia,oklch(69.6% 0.17 162.48),,
true,cultures:south-america:mante%c3%b1o-huancavilca_culture,cultures-south-america,600,1530,Culture Manteña-Huancavilca,Manteño-Huancavilca culture,https://fr.wikipedia.org/wiki/Culture_Manteña-Huancavilca,https://en.wikipedia.org/wiki/Mante%C3%B1o-Huancavilca_culture,,Archaeological culture,oklch(69.6% 0.17 162.48),,
true,cultures:south-america:guane_people,cultures-south-america,600,1600,Guanes,Guane people,https://fr.wikipedia.org/wiki/Guanes,https://en.wikipedia.org/wiki/Guane_people,,Extinct South American people,oklch(69.6% 0.17 162.48),,
true,cultures:south-america:panche_people,cultures-south-america,300,1600,Panche people,Panche people,https://en.wikipedia.org/wiki/Panche_people,https://en.wikipedia.org/wiki/Panche_people,,Ethnic group,oklch(69.6% 0.17 162.48),,
true,cultures:south-america:sican_culture,cultures-south-america,750,1375,Lambayeque (culture),Sican culture,https://fr.wikipedia.org/wiki/Lambayeque_(culture),https://en.wikipedia.org/wiki/Sican_culture,civilisation précolombienne de la côte nord de l'ancien Pérou,Archaeological culture in Peru,oklch(69.6% 0.17 162.48),,
true,cultures:south-america:huetar_people,cultures-south-america,800,1570,Peuple huetar,Huetar people,https://fr.wikipedia.org/wiki/Peuple_huetar,https://en.wikipedia.org/wiki/Huetar_people,nation autochtone du Costa Rica,Indigenous group of Costa Rica,oklch(69.6% 0.17 162.48),,
true,cultures:south-america:las_%c3%81nimas_complex,cultures-south-america,800,1000,Las Ánimas complex,Las Ánimas complex,https://en.wikipedia.org/wiki/Las_%C3%81nimas_complex,https://en.wikipedia.org/wiki/Las_%C3%81nimas_complex,,Archaeological culture in Chile,oklch(69.6% 0.17 162.48),,
true,cultures:south-america:cara_culture,cultures-south-america,1000,1500,Cara culture,Cara culture,https://en.wikipedia.org/wiki/Cara_culture,https://en.wikipedia.org/wiki/Cara_culture,,Pre-Columbian culture,oklch(69.6% 0.17 162.48),,
true,cultures:south-america:chachapoya_culture,cultures-south-america,800,1470,Chachapoyas (peuple),Chachapoya culture,https://fr.wikipedia.org/wiki/Chachapoyas_(peuple),https://en.wikipedia.org/wiki/Chachapoya_culture,peuple andin,Andean culture,oklch(69.6% 0.17 162.48),,
true,cultures:south-america:chimor,cultures-south-america,1150,1470,Empire Chimú,Chimor,https://fr.wikipedia.org/wiki/Empire_Chimú,https://en.wikipedia.org/wiki/Chimor,Institution politique,Political grouping of the Chimú culture in early Peru,oklch(69.6% 0.17 162.48),,
true,cultures:south-america:chincha_culture,cultures-south-america,900,1470,Chincha,Chincha culture,https://fr.wikipedia.org/wiki/Chincha,https://en.wikipedia.org/wiki/Chincha_culture,,Native American culture,oklch(69.6% 0.17 162.48),,
true,cultures:south-america:chiribaya_culture,cultures-south-america,900,1450,Chiribaya culture,Chiribaya culture,https://en.wikipedia.org/wiki/Chiribaya_culture,https://en.wikipedia.org/wiki/Chiribaya_culture,,undefined,oklch(69.6% 0.17 162.48),,
true,cultures:south-america:killke_culture,cultures-south-america,900,1200,Killke culture,Killke culture,https://en.wikipedia.org/wiki/Killke_culture,https://en.wikipedia.org/wiki/Killke_culture,,Pre-Incan Peruvian culture,oklch(69.6% 0.17 162.48),,
true,cultures:south-america:arist%c3%a9_culture,cultures-south-america,350,1600,Culture Aristé,Aristé culture,https://fr.wikipedia.org/wiki/Culture_Aristé,https://en.wikipedia.org/wiki/Arist%C3%A9_culture,,Pre-Columbian culture in South America,oklch(69.6% 0.17 162.48),,
true,cultures:south-america:chancay_culture,cultures-south-america,1000,1470,Chancay (culture),Chancay culture,https://fr.wikipedia.org/wiki/Chancay_(culture),https://en.wikipedia.org/wiki/Chancay_culture,civilisation sur la côte du Pérou entre 1200 et 1470,1000–1470 pre-Hispanic civilization in Peru,oklch(69.6% 0.17 162.48),,
true,cultures:south-america:mollo_culture,cultures-south-america,1000,1500,Mollo culture,Mollo culture,https://en.wikipedia.org/wiki/Mollo_culture,https://en.wikipedia.org/wiki/Mollo_culture,,Andean civilization during the period of AD 1000 to 1500,oklch(69.6% 0.17 162.48),,
true,cultures:south-america:tall%c3%a1n,cultures-south-america,500,1470,Tallan,Tallán,https://en.wikipedia.org/wiki/Tall%C3%A1n,https://en.wikipedia.org/wiki/Tall%C3%A1n,,Ancient ethnic group in Peru,oklch(69.6% 0.17 162.48),,
true,cultures:south-america:aymara_lordships,cultures-south-america,1150,1470,Aymara lordships,Aymara lordships,https://en.wikipedia.org/wiki/Aymara_lordships,https://en.wikipedia.org/wiki/Aymara_lordships,,Group of native polities in the Andes,oklch(69.6% 0.17 162.48),,
true,cultures:south-america:colla_kingdom,cultures-south-america,1200,1450,Chefferie colla,Colla Kingdom,https://fr.wikipedia.org/wiki/Chefferie_colla,https://en.wikipedia.org/wiki/Colla_Kingdom,,undefined,oklch(69.6% 0.17 162.48),,
true,cultures:south-america:lupaca,cultures-south-america,1150,1600,Chefferie lupaca,Lupaca,https://fr.wikipedia.org/wiki/Chefferie_lupaca,https://en.wikipedia.org/wiki/Lupaca,,undefined,oklch(69.6% 0.17 162.48),,
true,cultures:south-america:chanka,cultures-south-america,1100,1533,Chancas,Chanka,https://fr.wikipedia.org/wiki/Chancas,https://en.wikipedia.org/wiki/Chanka,Ethnie précolombienne,Indigenous people of Peru,oklch(69.6% 0.17 162.48),,
true,cultures:south-america:inca_empire,cultures-south-america,1438,1533,Empire inca,Inca Empire,https://fr.wikipedia.org/wiki/Empire_inca,https://en.wikipedia.org/wiki/Inca_Empire,empire précolombien d'Amérique du Sud,1438–1533 empire in South America,oklch(69.6% 0.17 162.48),,