id,group,type,name_fr,name_en,start,end,wiki_fr,wiki_en,credits_url,credits_attribution,size,cover,background,foreground,border
1765016958-222,dinosaurs-carnivorous,range,Eoraptor,Eoraptor,-228000000,-227000000,https://fr.wikipedia.org/wiki/Eoraptor,https://en.wikipedia.org/wiki/Eoraptor,https://www.nhm.ac.uk/discover/dino-directory/eoraptor.html,Natural History Museum,1.7m,https://www.nhm.ac.uk/discover/dino-directory/_next/image?url=https%3A%2F%2Fwww.nhm.ac.uk%2Fresources%2Fnature-online%2Flife%2Fdinosaurs%2Fdinosaur-directory%2Fimages%2Freconstruction%2Fsmall%2Feor.jpg&w=828&q=75,oklch(63.7% 0.237 25.331),,
1765016893-190,dinosaurs-carnivorous,range,Herrerasaurus,Herrerasaurus,-228000000,-227000000,https://fr.wikipedia.org/wiki/Herrerasaurus,https://en.wikipedia.org/wiki/Herrerasaurus,https://www.nhm.ac.uk/discover/dino-directory/herrerasaurus.html,Natural History Museum,3.0m,https://www.nhm.ac.uk/discover/dino-directory/_next/image?url=https%3A%2F%2Fwww.nhm.ac.uk%2Fresources%2Fnature-online%2Flife%2Fdinosaurs%2Fdinosaur-directory%2Fimages%2Freconstruction%2Fsmall%2Fherrera.jpg&w=828&q=75,oklch(63.7% 0.237 25.331),,
1765017035-260,dinosaurs-carnivorous,range,Chindesaurus,Chindesaurus,-227000000,-210000000,https://fr.wikipedia.org/wiki/Chindesaurus,https://en.wikipedia.org/wiki/Chindesaurus,https://www.nhm.ac.uk/discover/dino-directory/chindesaurus.html,Natural History Museum,4.0m,https://www.nhm.ac.uk/discover/dino-directory/_next/image?url=https%3A%2F%2Fwww.nhm.ac.uk%2Fresources%2Fnature-online%2Flife%2Fdinosaurs%2Fdinosaur-directory%2Fimages%2Freconstruction%2Fsmall%2FChindesaurus.jpg&w=828&q=75,oklch(63.7% 0.237 25.331),,
1765016604-48,dinosaurs-carnivorous,range,Staurikosaurus,Staurikosaurus,-227000000,-221000000,https://fr.wikipedia.org/wiki/Staurikosaurus,https://en.wikipedia.org/wiki/Staurikosaurus,https://www.nhm.ac.uk/discover/dino-directory/staurikosaurus.html,Natural History Museum,2.0m,https://www.nhm.ac.uk/discover/dino-directory/_next/image?url=https%3A%2F%2Fwww.nhm.ac.uk%2Fresources%2Fnature-online%2Flife%2Fdinosaurs%2Fdinosaur-directory%2Fimages%2Freconstruction%2Fsmall%2FStaurikosaurus.jpg&w=828&q=75,oklch(63.7% 0.237 25.331),,
1765017023-254,dinosaurs-carnivorous,range,Coelophysis,Coelophysis,-225000000,-190000000,https://fr.wikipedia.org/wiki/Coelophysis,https://en.wikipedia.org/wiki/Coelophysis,https://www.nhm.ac.uk/discover/dino-directory/coelophysis.html,Natural History Museum,2.0m,https://www.nhm.ac.uk/discover/dino-directory/_next/image?url=https%3A%2F%2Fwww.nhm.ac.uk%2Fresources%2Fnature-online%2Flife%2Fdinosaurs%2Fdinosaur-directory%2Fimages%2Freconstruction%2Fsmall%2Fcoelo.jpg&w=828&q=75,oklch(63.7% 0.237 25.331),,
1765016689-90,dinosaurs-carnivorous,range,Procompsognathus,Procompsognathus,-221000000,-210000000,https://fr.wikipedia.org/wiki/Procompsognathus,https://en.wikipedia.org/wiki/Procompsognathus,https://www.nhm.ac.uk/discover/dino-directory/procompsognathus.html,Natural History Museum,1.0m,https://www.nhm.ac.uk/discover/dino-directory/_next/image?url=https%3A%2F%2Fwww.nhm.ac.uk%2Fresources%2Fnature-online%2Flife%2Fdinosaurs%2Fdinosaur-directory%2Fimages%2Freconstruction%2Fsmall%2FProcompsognathus.jpg&w=828&q=75,oklch(63.7% 0.237 25.331),,
1765016832-160,dinosaurs-carnivorous,range,Liliensternus,Liliensternus,-205000000,-202000000,https://fr.wikipedia.org/wiki/Liliensternus,https://en.wikipedia.org/wiki/Liliensternus,https://www.nhm.ac.uk/discover/dino-directory/liliensternus.html,Natural History Museum,5.0m,https://www.nhm.ac.uk/discover/dino-directory/_next/image?url=https%3A%2F%2Fwww.nhm.ac.uk%2Fresources%2Fnature-online%2Flife%2Fdinosaurs%2Fdinosaur-directory%2Fimages%2Freconstruction%2Fsmall%2FLiliensternus.jpg&w=828&q=75,oklch(63.7% 0.237 25.331),,
1765016828-158,dinosaurs-carnivorous,range,Lophostropheus,Lophostropheus,-203000000,-196000000,https://fr.wikipedia.org/wiki/Lophostropheus,https://en.wikipedia.org/wiki/Lophostropheus,https://www.nhm.ac.uk/discover/dino-directory/lophostropheus.html,Natural History Museum,6.2m,https://www.nhm.ac.uk/discover/dino-directory/_next/image?url=https%3A%2F%2Fwww.nhm.ac.uk%2Fresources%2Fnature-online%2Flife%2Fdinosaurs%2Fdinosaur-directory%2Fimages%2Freconstruction%2Fsmall%2Flophostropheus.jpg&w=828&q=75,oklch(63.7% 0.237 25.331),,
1765016653-72,dinosaurs-carnivorous,range,Sarcosaurus,Sarcosaurus,-202000000,-195000000,https://fr.wikipedia.org/wiki/Sarcosaurus,https://en.wikipedia.org/wiki/Sarcosaurus,https://www.nhm.ac.uk/discover/dino-directory/sarcosaurus.html,Natural History Museum,3.0m,https://www.nhm.ac.uk/discover/dino-directory/_next/image?url=https%3A%2F%2Fwww.nhm.ac.uk%2Fresources%2Fnature-online%2Flife%2Fdinosaurs%2Fdinosaur-directory%2Fimages%2Freconstruction%2Fsmall%2FSarcosaurus.jpg&w=828&q=75,oklch(63.7% 0.237 25.331),,
1765016702-96,dinosaurs-carnivorous,range,Podokesaurus,Podokesaurus,-195000000,-180000000,https://fr.wikipedia.org/wiki/Podokesaurus,https://en.wikipedia.org/wiki/Podokesaurus,https://www.nhm.ac.uk/discover/dino-directory/podokesaurus.html,Natural History Museum,0.9m,https://www.nhm.ac.uk/discover/dino-directory/_next/image?url=https%3A%2F%2Fwww.nhm.ac.uk%2Fresources%2Fnature-online%2Flife%2Fdinosaurs%2Fdinosaur-directory%2Fimages%2Freconstruction%2Fsmall%2FPodokesaurus.jpg&w=828&q=75,oklch(63.7% 0.237 25.331),,
1765016637-64,dinosaurs-carnivorous,range,Segisaurus,Segisaurus,-195000000,-180000000,https://fr.wikipedia.org/wiki/Segisaurus,https://en.wikipedia.org/wiki/Segisaurus,https://www.nhm.ac.uk/discover/dino-directory/segisaurus.html,Natural History Museum,1.5m,https://www.nhm.ac.uk/discover/dino-directory/_next/image?url=https%3A%2F%2Fwww.nhm.ac.uk%2Fresources%2Fnature-online%2Flife%2Fdinosaurs%2Fdinosaur-directory%2Fimages%2Freconstruction%2Fsmall%2FSegisaurus.jpg&w=828&q=75,oklch(63.7% 0.237 25.331),,
1765016990-238,dinosaurs-carnivorous,range,Dilophosaurus,Dilophosaurus,-184000000,-183000000,https://fr.wikipedia.org/wiki/Dilophosaurus,https://en.wikipedia.org/wiki/Dilophosaurus,https://www.nhm.ac.uk/discover/dino-directory/dilophosaurus.html,Natural History Museum,7.0m,https://www.nhm.ac.uk/discover/dino-directory/_next/image?url=https%3A%2F%2Fwww.nhm.ac.uk%2Fresources%2Fnature-online%2Flife%2Fdinosaurs%2Fdinosaur-directory%2Fimages%2Freconstruction%2Fsmall%2Fdilophosaurus.jpg&w=828&q=75,oklch(63.7% 0.237 25.331),,
1765016783-136,dinosaurs-carnivorous,range,Monolophosaurus,Monolophosaurus,-180000000,-159000000,https://fr.wikipedia.org/wiki/Monolophosaurus,https://en.wikipedia.org/wiki/Monolophosaurus,https://www.nhm.ac.uk/discover/dino-directory/monolophosaurus.html,Natural History Museum,5.7m,https://www.nhm.ac.uk/discover/dino-directory/_next/image?url=https%3A%2F%2Fwww.nhm.ac.uk%2Fresources%2Fnature-online%2Flife%2Fdinosaurs%2Fdinosaur-directory%2Fimages%2Freconstruction%2Fsmall%2FMonolophosaurus.jpg&w=828&q=75,oklch(63.7% 0.237 25.331),,
1765017006-246,dinosaurs-carnivorous,range,Cryolophosaurus,Cryolophosaurus,-170000000,-169000000,https://fr.wikipedia.org/wiki/Cryolophosaurus,https://en.wikipedia.org/wiki/Cryolophosaurus,https://www.nhm.ac.uk/discover/dino-directory/cryolophosaurus.html,Natural History Museum,8.0m,https://www.nhm.ac.uk/discover/dino-directory/_next/image?url=https%3A%2F%2Fwww.nhm.ac.uk%2Fresources%2Fnature-online%2Flife%2Fdinosaurs%2Fdinosaur-directory%2Fimages%2Freconstruction%2Fsmall%2Fcryolopho.jpg&w=828&q=75,oklch(63.7% 0.237 25.331),,
1765016929-208,dinosaurs-carnivorous,range,Gasosaurus,Gasosaurus,-170000000,-160000000,https://fr.wikipedia.org/wiki/Gasosaurus,https://en.wikipedia.org/wiki/Gasosaurus,https://www.nhm.ac.uk/discover/dino-directory/gasosaurus.html,Natural History Museum,4.0m,https://www.nhm.ac.uk/discover/dino-directory/_next/image?url=https%3A%2F%2Fwww.nhm.ac.uk%2Fresources%2Fnature-online%2Flife%2Fdinosaurs%2Fdinosaur-directory%2Fimages%2Freconstruction%2Fsmall%2Fgaso.jpg&w=828&q=75,oklch(63.7% 0.237 25.331),,
1765016974-230,dinosaurs-carnivorous,range,Dubreuillosaurus,Dubreuillosaurus,-169000000,-164000000,https://fr.wikipedia.org/wiki/Dubreuillosaurus,https://en.wikipedia.org/wiki/Dubreuillosaurus,https://www.nhm.ac.uk/discover/dino-directory/dubreuillosaurus.html,Natural History Museum,,https://www.nhm.ac.uk/discover/dino-directory/_next/image?url=https%3A%2F%2Fwww.nhm.ac.uk%2Fresources%2Fnature-online%2Flife%2Fdinosaurs%2Fdinosaur-directory%2Fimages%2Freconstruction%2Fsmall%2FDubreuillosaurus.jpg&w=828&q=75,oklch(63.7% 0.237 25.331),,
1765016700-95,dinosaurs-carnivorous,range,Poekilopleuron,Poekilopleuron,-169000000,-164000000,https://fr.wikipedia.org/wiki/Poekilopleuron,https://en.wikipedia.org/wiki/Poekilopleuron,https://www.nhm.ac.uk/discover/dino-directory/poekilopleuron.html,Natural History Museum,9.0m,https://www.nhm.ac.uk/discover/dino-directory/_next/image?url=https%3A%2F%2Fwww.nhm.ac.uk%2Fresources%2Fnature-online%2Flife%2Fdinosaurs%2Fdinosaur-directory%2Fimages%2Freconstruction%2Fsmall%2FPoekilopleuron.jpg&w=828&q=75,oklch(63.7% 0.237 25.331),,
1765016692-91,dinosaurs-carnivorous,range,Proceratosaurus,Proceratosaurus,-169000000,-164000000,https://fr.wikipedia.org/wiki/Proceratosaurus,https://en.wikipedia.org/wiki/Proceratosaurus,https://www.nhm.ac.uk/discover/dino-directory/proceratosaurus.html,Natural History Museum,4.1m,https://www.nhm.ac.uk/discover/dino-directory/_next/image?url=https%3A%2F%2Fwww.nhm.ac.uk%2Fresources%2Fnature-online%2Flife%2Fdinosaurs%2Fdinosaur-directory%2Fimages%2Freconstruction%2Fsmall%2FProceratosaurus.jpg&w=828&q=75,oklch(63.7% 0.237 25.331),,
1765016612-52,dinosaurs-carnivorous,range,Sinraptor,Sinraptor,-169000000,-142000000,https://fr.wikipedia.org/wiki/Sinraptor,https://en.wikipedia.org/wiki/Sinraptor,https://www.nhm.ac.uk/discover/dino-directory/sinraptor.html,Natural History Museum,7.6m,https://www.nhm.ac.uk/discover/dino-directory/_next/image?url=https%3A%2F%2Fwww.nhm.ac.uk%2Fresources%2Fnature-online%2Flife%2Fdinosaurs%2Fdinosaur-directory%2Fimages%2Freconstruction%2Fsmall%2FSinraptor.jpg&w=828&q=75,oklch(63.7% 0.237 25.331),,
1765016797-143,dinosaurs-carnivorous,range,Megalosaurus,Megalosaurus,-166000000,-165000000,https://fr.wikipedia.org/wiki/Megalosaurus,https://en.wikipedia.org/wiki/Megalosaurus,https://www.nhm.ac.uk/discover/dino-directory/megalosaurus.html,Natural History Museum,6.0m,https://www.nhm.ac.uk/discover/dino-directory/_next/image?url=https%3A%2F%2Fwww.nhm.ac.uk%2Fresources%2Fnature-online%2Flife%2Fdinosaurs%2Fdinosaur-directory%2Fimages%2Freconstruction%2Fsmall%2Fmegalosaurus.jpg&w=828&q=75,oklch(63.7% 0.237 25.331),,
1765017128-306,dinosaurs-carnivorous,range,Anchiornis,Anchiornis,-165000000,-153000000,https://fr.wikipedia.org/wiki/Anchiornis,https://en.wikipedia.org/wiki/Anchiornis,https://www.nhm.ac.uk/discover/dino-directory/anchiornis.html,Natural History Museum,0.6m,https://www.nhm.ac.uk/discover/dino-directory/_next/image?url=https%3A%2F%2Fwww.nhm.ac.uk%2Fresources%2Fnature-online%2Flife%2Fdinosaurs%2Fdinosaur-directory%2Fimages%2Freconstruction%2Fsmall%2Fanchiornis.jpg&w=828&q=75,oklch(63.7% 0.237 25.331),,
1765016941-214,dinosaurs-carnivorous,range,Eustreptospondylus,Eustreptospondylus,-165000000,-164000000,https://fr.wikipedia.org/wiki/Eustreptospondylus,https://en.wikipedia.org/wiki/Eustreptospondylus,https://www.nhm.ac.uk/discover/dino-directory/eustreptospondylus.html,Natural History Museum,7.0m,https://www.nhm.ac.uk/discover/dino-directory/_next/image?url=https%3A%2F%2Fwww.nhm.ac.uk%2Fresources%2Fnature-online%2Flife%2Fdinosaurs%2Fdinosaur-directory%2Fimages%2Freconstruction%2Fsmall%2FEustreptospondylus.jpg&w=828&q=75,oklch(63.7% 0.237 25.331),,
1765016562-27,dinosaurs-carnivorous,range,Torvosaurus,Torvosaurus,-165000000,-148000000,https://fr.wikipedia.org/wiki/Torvosaurus,https://en.wikipedia.org/wiki/Torvosaurus,https://www.nhm.ac.uk/discover/dino-directory/torvosaurus.html,Natural History Museum,10.0m,https://www.nhm.ac.uk/discover/dino-directory/_next/image?url=https%3A%2F%2Fwww.nhm.ac.uk%2Fresources%2Fnature-online%2Flife%2Fdinosaurs%2Fdinosaur-directory%2Fimages%2Freconstruction%2Fsmall%2Ftorvosaurus.jpg&w=828&q=75,oklch(63.7% 0.237 25.331),,
1765016708-99,dinosaurs-carnivorous,range,Piatnitzkysaurus,Piatnitzkysaurus,-164000000,-159000000,https://fr.wikipedia.org/wiki/Piatnitzkysaurus,https://en.wikipedia.org/wiki/Piatnitzkysaurus,https://www.nhm.ac.uk/discover/dino-directory/piatnitzkysaurus.html,Natural History Museum,4.2m,https://www.nhm.ac.uk/discover/dino-directory/_next/image?url=https%3A%2F%2Fwww.nhm.ac.uk%2Fresources%2Fnature-online%2Flife%2Fdinosaurs%2Fdinosaur-directory%2Fimages%2Freconstruction%2Fsmall%2FPiatnitzkysaurus.jpg&w=828&q=75,oklch(63.7% 0.237 25.331),,
1765016527-10,dinosaurs-carnivorous,range,Yangchuanosaurus,Yangchuanosaurus,-160000000,-144000000,https://fr.wikipedia.org/wiki/Yangchuanosaurus,https://en.wikipedia.org/wiki/Yangchuanosaurus,https://www.nhm.ac.uk/discover/dino-directory/yangchuanosaurus.html,Natural History Museum,10.0m,https://www.nhm.ac.uk/discover/dino-directory/_next/image?url=https%3A%2F%2Fwww.nhm.ac.uk%2Fresources%2Fnature-online%2Flife%2Fdinosaurs%2Fdinosaur-directory%2Fimages%2Freconstruction%2Fsmall%2Fyangchu.jpg&w=828&q=75,oklch(63.7% 0.237 25.331),,
1765016903-195,dinosaurs-carnivorous,range,Guanlong,Guanlong,-159000000,-154000000,https://fr.wikipedia.org/wiki/Guanlong,https://en.wikipedia.org/wiki/Guanlong,https://www.nhm.ac.uk/discover/dino-directory/guanlong.html,Natural History Museum,3.0m,https://www.nhm.ac.uk/discover/dino-directory/_next/image?url=https%3A%2F%2Fwww.nhm.ac.uk%2Fresources%2Fnature-online%2Flife%2Fdinosaurs%2Fdinosaur-directory%2Fimages%2Freconstruction%2Fsmall%2FGuanlong.jpg&w=828&q=75,oklch(63.7% 0.237 25.331),,
1765016793-141,dinosaurs-carnivorous,range,Metriacanthosaurus,Metriacanthosaurus,-159000000,-154000000,https://fr.wikipedia.org/wiki/Metriacanthosaurus,https://en.wikipedia.org/wiki/Metriacanthosaurus,https://www.nhm.ac.uk/discover/dino-directory/metriacanthosaurus.html,Natural History Museum,8.2m,https://www.nhm.ac.uk/discover/dino-directory/_next/image?url=https%3A%2F%2Fwww.nhm.ac.uk%2Fresources%2Fnature-online%2Flife%2Fdinosaurs%2Fdinosaur-directory%2Fimages%2Freconstruction%2Fsmall%2FMetriacanthosaurus.jpg&w=828&q=75,oklch(63.7% 0.237 25.331),,
1765016752-121,dinosaurs-carnivorous,range,Nqwebasaurus,Nqwebasaurus,-159000000,-132000000,https://fr.wikipedia.org/wiki/Nqwebasaurus,https://en.wikipedia.org/wiki/Nqwebasaurus,https://www.nhm.ac.uk/discover/dino-directory/nqwebasaurus.html,Natural History Museum,1.0m,https://www.nhm.ac.uk/discover/dino-directory/_next/image?url=https%3A%2F%2Fwww.nhm.ac.uk%2Fresources%2Fnature-online%2Flife%2Fdinosaurs%2Fdinosaur-directory%2Fimages%2Freconstruction%2Fsmall%2FNqwebasaurus.jpg&w=828&q=75,oklch(63.7% 0.237 25.331),,
1765017021-253,dinosaurs-carnivorous,range,Coelurus,Coelurus,-155000000,-145000000,https://fr.wikipedia.org/wiki/Coelurus,https://en.wikipedia.org/wiki/Coelurus,https://www.nhm.ac.uk/discover/dino-directory/coelurus.html,Natural History Museum,1.8m,https://www.nhm.ac.uk/discover/dino-directory/_next/image?url=https%3A%2F%2Fwww.nhm.ac.uk%2Fresources%2Fnature-online%2Flife%2Fdinosaurs%2Fdinosaur-directory%2Fimages%2Freconstruction%2Fsmall%2Fcoelurus.jpg&w=828&q=75,oklch(63.7% 0.237 25.331),,
1765016966-226,dinosaurs-carnivorous,range,Elaphrosaurus,Elaphrosaurus,-154000000,-151000000,https://fr.wikipedia.org/wiki/Elaphrosaurus,https://en.wikipedia.org/wiki/Elaphrosaurus,https://www.nhm.ac.uk/discover/dino-directory/elaphrosaurus.html,Natural History Museum,6.2m,https://www.nhm.ac.uk/discover/dino-directory/_next/image?url=https%3A%2F%2Fwww.nhm.ac.uk%2Fresources%2Fnature-online%2Flife%2Fdinosaurs%2Fdinosaur-directory%2Fimages%2Freconstruction%2Fsmall%2FElaphrosaurus.jpg&w=828&q=75,oklch(63.7% 0.237 25.331),,
1765016856-172,dinosaurs-carnivorous,range,Juravenator,Juravenator,-154000000,-151000000,https://fr.wikipedia.org/wiki/Juravenator,https://en.wikipedia.org/wiki/Juravenator,https://www.nhm.ac.uk/discover/dino-directory/juravenator.html,Natural History Museum,0.8m,https://www.nhm.ac.uk/discover/dino-directory/_next/image?url=https%3A%2F%2Fwww.nhm.ac.uk%2Fresources%2Fnature-online%2Flife%2Fdinosaurs%2Fdinosaur-directory%2Fimages%2Freconstruction%2Fsmall%2FJuravenator.jpg&w=828&q=75,oklch(63.7% 0.237 25.331),,
1765016805-147,dinosaurs-carnivorous,range,Marshosaurus,Marshosaurus,-154000000,-142000000,https://fr.wikipedia.org/wiki/Marshosaurus,https://en.wikipedia.org/wiki/Marshosaurus,https://www.nhm.ac.uk/discover/dino-directory/marshosaurus.html,Natural History Museum,6.0m,https://www.nhm.ac.uk/discover/dino-directory/_next/image?url=https%3A%2F%2Fwww.nhm.ac.uk%2Fresources%2Fnature-online%2Flife%2Fdinosaurs%2Fdinosaur-directory%2Fimages%2Freconstruction%2Fsmall%2FMarshosaurus.jpg&w=828&q=75,oklch(63.7% 0.237 25.331),,
1765016647-69,dinosaurs-carnivorous,range,Saurophaganax,Saurophaganax,-154000000,-142000000,https://fr.wikipedia.org/wiki/Saurophaganax,https://en.wikipedia.org/wiki/Saurophaganax,https://www.nhm.ac.uk/discover/dino-directory/saurophaganax.html,Natural History Museum,12.0m,https://www.nhm.ac.uk/discover/dino-directory/_next/image?url=https%3A%2F%2Fwww.nhm.ac.uk%2Fresources%2Fnature-online%2Flife%2Fdinosaurs%2Fdinosaur-directory%2Fimages%2Freconstruction%2Fsmall%2FSaurophaganax.jpg&w=828&q=75,oklch(63.7% 0.237 25.331),,
1765017143-313,dinosaurs-carnivorous,range,Allosaurus,Allosaurus,-152000000,-145000000,https://fr.wikipedia.org/wiki/Allosaurus,https://en.wikipedia.org/wiki/Allosaurus,https://www.nhm.ac.uk/discover/dino-directory/allosaurus.html,Natural History Museum,9.7m,https://www.nhm.ac.uk/discover/dino-directory/_next/image?url=https%3A%2F%2Fwww.nhm.ac.uk%2Fresources%2Fnature-online%2Flife%2Fdinosaurs%2Fdinosaur-directory%2Fimages%2Freconstruction%2Fsmall%2Fallosaurus-ml.jpg&w=828&q=75,oklch(63.7% 0.237 25.331),,
1765017045-265,dinosaurs-carnivorous,range,Ceratosaurus,Ceratosaurus,-152000000,-145000000,https://fr.wikipedia.org/wiki/Ceratosaurus,https://en.wikipedia.org/wiki/Ceratosaurus,https://www.nhm.ac.uk/discover/dino-directory/ceratosaurus.html,Natural History Museum,7.0m,https://www.nhm.ac.uk/discover/dino-directory/_next/image?url=https%3A%2F%2Fwww.nhm.ac.uk%2Fresources%2Fnature-online%2Flife%2Fdinosaurs%2Fdinosaur-directory%2Fimages%2Freconstruction%2Fsmall%2Fceratosaurus-ml.jpg&w=828&q=75,oklch(63.7% 0.237 25.331),,
1765016746-118,dinosaurs-carnivorous,range,Ornitholestes,Ornitholestes,-150000000,-144000000,https://fr.wikipedia.org/wiki/Ornitholestes,https://en.wikipedia.org/wiki/Ornitholestes,https://www.nhm.ac.uk/discover/dino-directory/ornitholestes.html,Natural History Museum,2.0m,https://www.nhm.ac.uk/discover/dino-directory/_next/image?url=https%3A%2F%2Fwww.nhm.ac.uk%2Fresources%2Fnature-online%2Flife%2Fdinosaurs%2Fdinosaur-directory%2Fimages%2Freconstruction%2Fsmall%2Fornithol.jpg&w=828&q=75,oklch(63.7% 0.237 25.331),,
1765017108-296,dinosaurs-carnivorous,range,Archaeopteryx,Archaeopteryx,-149000000,-145000000,https://fr.wikipedia.org/wiki/Archaeopteryx,https://en.wikipedia.org/wiki/Archaeopteryx,https://www.nhm.ac.uk/discover/dino-directory/archaeopteryx.html,Natural History Museum,0.5m,https://www.nhm.ac.uk/discover/dino-directory/_next/image?url=https%3A%2F%2Fwww.nhm.ac.uk%2Fresources%2Fnature-online%2Flife%2Fdinosaurs%2Fdinosaur-directory%2Fimages%2Freconstruction%2Fsmall%2Farchaeopteryx.jpg&w=828&q=75,oklch(63.7% 0.237 25.331),,
1765017017-251,dinosaurs-carnivorous,range,Compsognathus,Compsognathus,-145000000,-140000000,https://fr.wikipedia.org/wiki/Compsognathus,https://en.wikipedia.org/wiki/Compsognathus,https://www.nhm.ac.uk/discover/dino-directory/compsognathus.html,Natural History Museum,0.7m,https://www.nhm.ac.uk/discover/dino-directory/_next/image?url=https%3A%2F%2Fwww.nhm.ac.uk%2Fresources%2Fnature-online%2Flife%2Fdinosaurs%2Fdinosaur-directory%2Fimages%2Freconstruction%2Fsmall%2FCompsognathus.jpg&w=828&q=75,oklch(63.7% 0.237 25.331),,
1765017075-280,dinosaurs-carnivorous,range,Becklespinax,Becklespinax,-142000000,-132000000,https://fr.wikipedia.org/wiki/Becklespinax,https://en.wikipedia.org/wiki/Becklespinax,https://www.nhm.ac.uk/discover/dino-directory/becklespinax.html,Natural History Museum,5.0m,https://www.nhm.ac.uk/discover/dino-directory/_next/image?url=https%3A%2F%2Fwww.nhm.ac.uk%2Fresources%2Fnature-online%2Flife%2Fdinosaurs%2Fdinosaur-directory%2Fimages%2Freconstruction%2Fsmall%2FBecklespinax.jpg&w=828&q=75,oklch(63.7% 0.237 25.331),,
1765016537-15,dinosaurs-carnivorous,range,Utahraptor,Utahraptor,-139000000,-135000000,https://fr.wikipedia.org/wiki/Utahraptor,https://en.wikipedia.org/wiki/Utahraptor,https://www.nhm.ac.uk/discover/dino-directory/utahraptor.html,Natural History Museum,5.5m,https://www.nhm.ac.uk/discover/dino-directory/_next/image?url=https%3A%2F%2Fwww.nhm.ac.uk%2Fresources%2Fnature-online%2Flife%2Fdinosaurs%2Fdinosaur-directory%2Fimages%2Freconstruction%2Fsmall%2Futahraptor.jpg&w=828&q=75,oklch(63.7% 0.237 25.331),,
1765017157-320,dinosaurs-carnivorous,range,Afrovenator,Afrovenator,-132000000,-121000000,https://fr.wikipedia.org/wiki/Afrovenator,https://en.wikipedia.org/wiki/Afrovenator,https://www.nhm.ac.uk/discover/dino-directory/afrovenator.html,Natural History Museum,9.0m,https://www.nhm.ac.uk/discover/dino-directory/_next/image?url=https%3A%2F%2Fwww.nhm.ac.uk%2Fresources%2Fnature-online%2Flife%2Fdinosaurs%2Fdinosaur-directory%2Fimages%2Freconstruction%2Fsmall%2Fafrovenator.jpg&w=828&q=75,oklch(63.7% 0.237 25.331),,
1765017014-250,dinosaurs-carnivorous,range,Concavenator,Concavenator,-130000000,-125000000,https://fr.wikipedia.org/wiki/Concavenator,https://en.wikipedia.org/wiki/Concavenator,https://www.nhm.ac.uk/discover/dino-directory/concavenator.html,Natural History Museum,6.0m,https://www.nhm.ac.uk/discover/dino-directory/_next/image?url=https%3A%2F%2Fwww.nhm.ac.uk%2Fresources%2Fnature-online%2Flife%2Fdinosaurs%2Fdinosaur-directory%2Fimages%2Freconstruction%2Fsmall%2Fconcavenator.jpg&w=828&q=75,oklch(63.7% 0.237 25.331),,
1765017010-248,dinosaurs-carnivorous,range,Confuciusornis,Confuciusornis,-127000000,-121000000,https://fr.wikipedia.org/wiki/Confuciusornis,https://en.wikipedia.org/wiki/Confuciusornis,https://www.nhm.ac.uk/discover/dino-directory/confuciusornis.html,Natural History Museum,0.3m,https://www.nhm.ac.uk/discover/dino-directory/_next/image?url=https%3A%2F%2Fwww.nhm.ac.uk%2Fresources%2Fnature-online%2Flife%2Fdinosaurs%2Fdinosaur-directory%2Fimages%2Freconstruction%2Fsmall%2FConfuciusornis.jpg&w=828&q=75,oklch(63.7% 0.237 25.331),,
1765016956-221,dinosaurs-carnivorous,range,Eotyrannus,Eotyrannus,-127000000,-121000000,https://fr.wikipedia.org/wiki/Eotyrannus,https://en.wikipedia.org/wiki/Eotyrannus,https://www.nhm.ac.uk/discover/dino-directory/eotyrannus.html,Natural History Museum,5.0m,https://www.nhm.ac.uk/discover/dino-directory/_next/image?url=https%3A%2F%2Fwww.nhm.ac.uk%2Fresources%2Fnature-online%2Flife%2Fdinosaurs%2Fdinosaur-directory%2Fimages%2Freconstruction%2Fsmall%2FEotyrannus.jpg&w=828&q=75,oklch(63.7% 0.237 25.331),,
1765016769-129,dinosaurs-carnivorous,range,Neovenator,Neovenator,-127000000,-121000000,https://fr.wikipedia.org/wiki/Neovenator,https://en.wikipedia.org/wiki/Neovenator,https://www.nhm.ac.uk/discover/dino-directory/neovenator.html,Natural History Museum,7.4m,https://www.nhm.ac.uk/discover/dino-directory/_next/image?url=https%3A%2F%2Fwww.nhm.ac.uk%2Fresources%2Fnature-online%2Flife%2Fdinosaurs%2Fdinosaur-directory%2Fimages%2Freconstruction%2Fsmall%2FNeovenator.jpg&w=828&q=75,oklch(63.7% 0.237 25.331),,
1765016714-102,dinosaurs-carnivorous,range,Pelecanimimus,Pelecanimimus,-127000000,-121000000,https://fr.wikipedia.org/wiki/Pelecanimimus,https://en.wikipedia.org/wiki/Pelecanimimus,https://www.nhm.ac.uk/discover/dino-directory/pelecanimimus.html,Natural History Museum,2.5m,https://www.nhm.ac.uk/discover/dino-directory/_next/image?url=https%3A%2F%2Fwww.nhm.ac.uk%2Fresources%2Fnature-online%2Flife%2Fdinosaurs%2Fdinosaur-directory%2Fimages%2Freconstruction%2Fsmall%2FPelicanimimus.jpg&w=828&q=75,oklch(63.7% 0.237 25.331),,
1765016614-53,dinosaurs-carnivorous,range,Sinovenator,Sinovenator,-127000000,-121000000,https://fr.wikipedia.org/wiki/Sinovenator,https://en.wikipedia.org/wiki/Sinovenator,https://www.nhm.ac.uk/discover/dino-directory/sinovenator.html,Natural History Museum,1.0m,https://www.nhm.ac.uk/discover/dino-directory/_next/image?url=https%3A%2F%2Fwww.nhm.ac.uk%2Fresources%2Fnature-online%2Flife%2Fdinosaurs%2Fdinosaur-directory%2Fimages%2Freconstruction%2Fsmall%2FSinovenator.jpg&w=828&q=75,oklch(63.7% 0.237 25.331),,
1765016631-61,dinosaurs-carnivorous,range,Shanag,Shanag,-126000000,-142000000,https://fr.wikipedia.org/wiki/Shanag,https://en.wikipedia.org/wiki/Shanag,https://www.nhm.ac.uk/discover/dino-directory/shanag.html,Natural History Museum,0.5m,https://www.nhm.ac.uk/discover/dino-directory/_next/image?url=https%3A%2F%2Fwww.nhm.ac.uk%2Fresources%2Fnature-online%2Flife%2Fdinosaurs%2Fdinosaur-directory%2Fimages%2Freconstruction%2Fsmall%2Fshanag.jpg&w=828&q=75,oklch(63.7% 0.237 25.331),,
1765017077-281,dinosaurs-carnivorous,range,Baryonyx,Baryonyx,-125000000,-124000000,https://fr.wikipedia.org/wiki/Baryonyx,https://en.wikipedia.org/wiki/Baryonyx,https://www.nhm.ac.uk/discover/dino-directory/baryonyx.html,Natural History Museum,10.0m,https://www.nhm.ac.uk/discover/dino-directory/_next/image?url=https%3A%2F%2Fwww.nhm.ac.uk%2Fresources%2Fnature-online%2Flife%2Fdinosaurs%2Fdinosaur-directory%2Fimages%2Freconstruction%2Fsmall%2Fbary.jpg&w=828&q=75,oklch(63.7% 0.237 25.331),,
1765016620-56,dinosaurs-carnivorous,range,Sinocalliopteryx,Sinocalliopteryx,-125000000,-124000000,https://fr.wikipedia.org/wiki/Sinocalliopteryx,https://en.wikipedia.org/wiki/Sinocalliopteryx,https://www.nhm.ac.uk/discover/dino-directory/sinocalliopteryx.html,Natural History Museum,2.4m,https://www.nhm.ac.uk/discover/dino-directory/_next/image?url=https%3A%2F%2Fwww.nhm.ac.uk%2Fresources%2Fnature-online%2Flife%2Fdinosaurs%2Fdinosaur-directory%2Fimages%2Freconstruction%2Fsmall%2Fsinocalliopteryx.jpg&w=828&q=75,oklch(63.7% 0.237 25.331),,
1765016616-54,dinosaurs-carnivorous,range,Sinosauropteryx,Sinosauropteryx,-125000000,-122000000,https://fr.wikipedia.org/wiki/Sinosauropteryx,https://en.wikipedia.org/wiki/Sinosauropteryx,https://www.nhm.ac.uk/discover/dino-directory/sinosauropteryx.html,Natural History Museum,1.1m,https://www.nhm.ac.uk/discover/dino-directory/_next/image?url=https%3A%2F%2Fwww.nhm.ac.uk%2Fresources%2Fnature-online%2Flife%2Fdinosaurs%2Fdinosaur-directory%2Fimages%2Freconstruction%2Fsmall%2Fsinosauropteryx-ml.jpg&w=828&q=75,oklch(63.7% 0.237 25.331),,
1765016515-4,dinosaurs-carnivorous,range,Yutyrannus,Yutyrannus,-125000000,-124000000,https://fr.wikipedia.org/wiki/Yutyrannus,https://en.wikipedia.org/wiki/Yutyrannus,https://www.nhm.ac.uk/discover/dino-directory/yutyrannus.html,Natural History Museum,7.5m,https://www.nhm.ac.uk/discover/dino-directory/_next/image?url=https%3A%2F%2Fwww.nhm.ac.uk%2Fresources%2Fnature-online%2Flife%2Fdinosaurs%2Fdinosaur-directory%2Fimages%2Freconstruction%2Fsmall%2Fyutyrannus.jpg&w=828&q=75,oklch(63.7% 0.237 25.331),,
1765016685-88,dinosaurs-carnivorous,range,Protarchaeopteryx,Protarchaeopteryx,-122000000,-120000000,https://fr.wikipedia.org/wiki/Protarchaeopteryx,https://en.wikipedia.org/wiki/Protarchaeopteryx,https://www.nhm.ac.uk/discover/dino-directory/protarchaeopteryx.html,Natural History Museum,2.0m,https://www.nhm.ac.uk/discover/dino-directory/_next/image?url=https%3A%2F%2Fwww.nhm.ac.uk%2Fresources%2Fnature-online%2Flife%2Fdinosaurs%2Fdinosaur-directory%2Fimages%2Freconstruction%2Fsmall%2FProtarchaeopteryx.jpg&w=828&q=75,oklch(63.7% 0.237 25.331),,
1765016618-55,dinosaurs-carnivorous,range,Sinornithosaurus,Sinornithosaurus,-122000000,-120000000,https://fr.wikipedia.org/wiki/Sinornithosaurus,https://en.wikipedia.org/wiki/Sinornithosaurus,https://www.nhm.ac.uk/discover/dino-directory/sinornithosaurus.html,Natural History Museum,2.0m,https://www.nhm.ac.uk/discover/dino-directory/_next/image?url=https%3A%2F%2Fwww.nhm.ac.uk%2Fresources%2Fnature-online%2Flife%2Fdinosaurs%2Fdinosaur-directory%2Fimages%2Freconstruction%2Fsmall%2FSinornithosaurus.jpg&w=828&q=75,oklch(63.7% 0.237 25.331),,
1765016939-213,dinosaurs-carnivorous,range,Fukuiraptor,Fukuiraptor,-121000000,-99000000,https://fr.wikipedia.org/wiki/Fukuiraptor,https://en.wikipedia.org/wiki/Fukuiraptor,https://www.nhm.ac.uk/discover/dino-directory/fukuiraptor.html,Natural History Museum,4.2m,https://www.nhm.ac.uk/discover/dino-directory/_next/image?url=https%3A%2F%2Fwww.nhm.ac.uk%2Fresources%2Fnature-online%2Flife%2Fdinosaurs%2Fdinosaur-directory%2Fimages%2Freconstruction%2Fsmall%2FFukuiraptor.jpg&w=828&q=75,oklch(63.7% 0.237 25.331),,
1765016586-39,dinosaurs-carnivorous,range,Suchomimus,Suchomimus,-121000000,-112000000,https://fr.wikipedia.org/wiki/Suchomimus,https://en.wikipedia.org/wiki/Suchomimus,https://www.nhm.ac.uk/discover/dino-directory/suchomimus.html,Natural History Museum,11.0m,https://www.nhm.ac.uk/discover/dino-directory/_next/image?url=https%3A%2F%2Fwww.nhm.ac.uk%2Fresources%2Fnature-online%2Flife%2Fdinosaurs%2Fdinosaur-directory%2Fimages%2Freconstruction%2Fsmall%2FSuchomimus.jpg&w=828&q=75,oklch(63.7% 0.237 25.331),,
1765016787-138,dinosaurs-carnivorous,range,Microraptor,Microraptor,-120000000,-119000000,https://fr.wikipedia.org/wiki/Microraptor,https://en.wikipedia.org/wiki/Microraptor,https://www.nhm.ac.uk/discover/dino-directory/microraptor.html,Natural History Museum,0.8m,https://www.nhm.ac.uk/discover/dino-directory/_next/image?url=https%3A%2F%2Fwww.nhm.ac.uk%2Fresources%2Fnature-online%2Flife%2Fdinosaurs%2Fdinosaur-directory%2Fimages%2Freconstruction%2Fsmall%2Fmicroraptor.jpg&w=828&q=75,oklch(63.7% 0.237 25.331),,
1765017161-322,dinosaurs-carnivorous,range,Acrocanthosaurus,Acrocanthosaurus,-115000000,-105000000,https://fr.wikipedia.org/wiki/Acrocanthosaurus,https://en.wikipedia.org/wiki/Acrocanthosaurus,https://www.nhm.ac.uk/discover/dino-directory/acrocanthosaurus.html,Natural History Museum,12.0m,https://www.nhm.ac.uk/discover/dino-directory/_next/image?url=https%3A%2F%2Fwww.nhm.ac.uk%2Fresources%2Fnature-online%2Flife%2Fdinosaurs%2Fdinosaur-directory%2Fimages%2Freconstruction%2Fsmall%2Facrocantho.jpg&w=828&q=75,oklch(63.7% 0.237 25.331),,
1765016996-241,dinosaurs-carnivorous,range,Deinonychus,Deinonychus,-115000000,-108000000,https://fr.wikipedia.org/wiki/Deinonychus,https://en.wikipedia.org/wiki/Deinonychus,https://www.nhm.ac.uk/discover/dino-directory/deinonychus.html,Natural History Museum,3.4m,https://www.nhm.ac.uk/discover/dino-directory/_next/image?url=https%3A%2F%2Fwww.nhm.ac.uk%2Fresources%2Fnature-online%2Flife%2Fdinosaurs%2Fdinosaur-directory%2Fimages%2Freconstruction%2Fsmall%2Fdeinonychus.jpg&w=828&q=75,oklch(63.7% 0.237 25.331),,
1765016870-179,dinosaurs-carnivorous,range,Irritator,Irritator,-112000000,-99000000,https://fr.wikipedia.org/wiki/Irritator,https://en.wikipedia.org/wiki/Irritator,https://www.nhm.ac.uk/discover/dino-directory/irritator.html,Natural History Museum,6.5m,https://www.nhm.ac.uk/discover/dino-directory/_next/image?url=https%3A%2F%2Fwww.nhm.ac.uk%2Fresources%2Fnature-online%2Flife%2Fdinosaurs%2Fdinosaur-directory%2Fimages%2Freconstruction%2Fsmall%2FIrritator.jpg&w=828&q=75,oklch(63.7% 0.237 25.331),,
1765016545-19,dinosaurs-carnivorous,range,Tyrannotitan,Tyrannotitan,-101000000,-100000000,https://fr.wikipedia.org/wiki/Tyrannotitan,https://en.wikipedia.org/wiki/Tyrannotitan,https://www.nhm.ac.uk/discover/dino-directory/tyrannotitan.html,Natural History Museum,12.0m,https://www.nhm.ac.uk/discover/dino-directory/_next/image?url=https%3A%2F%2Fwww.nhm.ac.uk%2Fresources%2Fnature-online%2Flife%2Fdinosaurs%2Fdinosaur-directory%2Fimages%2Freconstruction%2Fsmall%2Ftyrannotitan-c.jpg&w=828&q=75,oklch(63.7% 0.237 25.331),,
1765016923-205,dinosaurs-carnivorous,range,Giganotosaurus,Giganotosaurus,-100000000,-95000000,https://fr.wikipedia.org/wiki/Giganotosaurus,https://en.wikipedia.org/wiki/Giganotosaurus,https://www.nhm.ac.uk/discover/dino-directory/giganotosaurus.html,Natural History Museum,13.0m,https://www.nhm.ac.uk/discover/dino-directory/_next/image?url=https%3A%2F%2Fwww.nhm.ac.uk%2Fresources%2Fnature-online%2Flife%2Fdinosaurs%2Fdinosaur-directory%2Fimages%2Freconstruction%2Fsmall%2Fgiganotosaurus-ml.jpg&w=828&q=75,oklch(63.7% 0.237 25.331),,
1765017163-323,dinosaurs-carnivorous,range,Achillobator,Achillobator,-99000000,-84000000,https://fr.wikipedia.org/wiki/Achillobator,https://en.wikipedia.org/wiki/Achillobator,https://www.nhm.ac.uk/discover/dino-directory/achillobator.html,Natural History Museum,5.0m,https://www.nhm.ac.uk/discover/dino-directory/_next/image?url=https%3A%2F%2Fwww.nhm.ac.uk%2Fresources%2Fnature-online%2Flife%2Fdinosaurs%2Fdinosaur-directory%2Fimages%2Freconstruction%2Fsmall%2FAchillobator.jpg&w=828&q=75,oklch(63.7% 0.237 25.331),,
1765017061-273,dinosaurs-carnivorous,range,Buitreraptor,Buitreraptor,-99000000,-90000000,https://fr.wikipedia.org/wiki/Buitreraptor,https://en.wikipedia.org/wiki/Buitreraptor,https://www.nhm.ac.uk/discover/dino-directory/buitreraptor.html,Natural History Museum,1.3m,https://www.nhm.ac.uk/discover/dino-directory/_next/image?url=https%3A%2F%2Fwww.nhm.ac.uk%2Fresources%2Fnature-online%2Flife%2Fdinosaurs%2Fdinosaur-directory%2Fimages%2Freconstruction%2Fsmall%2FBuitreraptor.jpg&w=828&q=75,oklch(63.7% 0.237 25.331),,
1765017055-270,dinosaurs-carnivorous,range,Carcharodontosaurus,Carcharodontosaurus,-99000000,-94000000,https://fr.wikipedia.org/wiki/Carcharodontosaurus,https://en.wikipedia.org/wiki/Carcharodontosaurus,https://www.nhm.ac.uk/discover/dino-directory/carcharodontosaurus.html,Natural History Museum,12.5m,https://www.nhm.ac.uk/discover/dino-directory/_next/image?url=https%3A%2F%2Fwww.nhm.ac.uk%2Fresources%2Fnature-online%2Flife%2Fdinosaurs%2Fdinosaur-directory%2Fimages%2Freconstruction%2Fsmall%2Fcarcharodontosaurus.jpg&w=828&q=75,oklch(63.7% 0.237 25.331),,
1765016994-240,dinosaurs-carnivorous,range,Deltadromeus,Deltadromeus,-99000000,-94000000,https://fr.wikipedia.org/wiki/Deltadromeus,https://en.wikipedia.org/wiki/Deltadromeus,https://www.nhm.ac.uk/discover/dino-directory/deltadromeus.html,Natural History Museum,8.1m,https://www.nhm.ac.uk/discover/dino-directory/_next/image?url=https%3A%2F%2Fwww.nhm.ac.uk%2Fresources%2Fnature-online%2Flife%2Fdinosaurs%2Fdinosaur-directory%2Fimages%2Freconstruction%2Fsmall%2FDeltadromeus.jpg&w=828&q=75,oklch(63.7% 0.237 25.331),,
1765016807-148,dinosaurs-carnivorous,range,Mapusaurus,Mapusaurus,-99000000,-94000000,https://fr.wikipedia.org/wiki/Mapusaurus,https://en.wikipedia.org/wiki/Mapusaurus,https://www.nhm.ac.uk/discover/dino-directory/mapusaurus.html,Natural History Museum,13.0m,https://www.nhm.ac.uk/discover/dino-directory/_next/image?url=https%3A%2F%2Fwww.nhm.ac.uk%2Fresources%2Fnature-online%2Flife%2Fdinosaurs%2Fdinosaur-directory%2Fimages%2Freconstruction%2Fsmall%2FMapusaurus.jpg&w=828&q=75,oklch(63.7% 0.237 25.331),,
1765016606-49,dinosaurs-carnivorous,range,Spinosaurus,Spinosaurus,-99000000,-94000000,https://fr.wikipedia.org/wiki/Spinosaurus,https://en.wikipedia.org/wiki/Spinosaurus,https://www.nhm.ac.uk/discover/dino-directory/spinosaurus.html,Natural History Museum,14.0m,https://www.nhm.ac.uk/discover/dino-directory/_next/image?url=https%3A%2F%2Fwww.nhm.ac.uk%2Fresources%2Fnature-online%2Flife%2Fdinosaurs%2Fdinosaur-directory%2Fimages%2Freconstruction%2Fsmall%2Fspinosaurus.jpg&w=828&q=75,oklch(63.7% 0.237 25.331),,
1765016635-63,dinosaurs-carnivorous,range,Segnosaurus,Segnosaurus,-97000000,-88000000,https://fr.wikipedia.org/wiki/Segnosaurus,https://en.wikipedia.org/wiki/Segnosaurus,https://www.nhm.ac.uk/discover/dino-directory/segnosaurus.html,Natural History Museum,4.0m,https://www.nhm.ac.uk/discover/dino-directory/_next/image?url=https%3A%2F%2Fwww.nhm.ac.uk%2Fresources%2Fnature-online%2Flife%2Fdinosaurs%2Fdinosaur-directory%2Fimages%2Freconstruction%2Fsmall%2Fsegno.jpg&w=828&q=75,oklch(63.7% 0.237 25.331),,
1765017106-295,dinosaurs-carnivorous,range,Archaeornithomimus,Archaeornithomimus,-95000000,-70000000,https://fr.wikipedia.org/wiki/Archaeornithomimus,https://en.wikipedia.org/wiki/Archaeornithomimus,https://www.nhm.ac.uk/discover/dino-directory/archaeornithomimus.html,Natural History Museum,3.5m,https://www.nhm.ac.uk/discover/dino-directory/_next/image?url=https%3A%2F%2Fwww.nhm.ac.uk%2Fresources%2Fnature-online%2Flife%2Fdinosaurs%2Fdinosaur-directory%2Fimages%2Freconstruction%2Fsmall%2Farchaeorn.jpg&w=828&q=75,oklch(63.7% 0.237 25.331),,
1765016659-75,dinosaurs-carnivorous,range,Rugops,Rugops,-95000000,-94000000,https://fr.wikipedia.org/wiki/Rugops,https://en.wikipedia.org/wiki/Rugops,https://www.nhm.ac.uk/discover/dino-directory/rugops.html,Natural History Museum,7.0m,https://www.nhm.ac.uk/discover/dino-directory/_next/image?url=https%3A%2F%2Fwww.nhm.ac.uk%2Fresources%2Fnature-online%2Flife%2Fdinosaurs%2Fdinosaur-directory%2Fimages%2Freconstruction%2Fsmall%2FRugops.jpg&w=828&q=75,oklch(63.7% 0.237 25.331),,
1765016539-16,dinosaurs-carnivorous,range,Urbacodon,Urbacodon,-95000000,-94000000,https://fr.wikipedia.org/wiki/Urbacodon,https://en.wikipedia.org/wiki/Urbacodon,https://www.nhm.ac.uk/discover/dino-directory/urbacodon.html,Natural History Museum,1.0m,https://www.nhm.ac.uk/discover/dino-directory/_next/image?url=https%3A%2F%2Fwww.nhm.ac.uk%2Fresources%2Fnature-online%2Flife%2Fdinosaurs%2Fdinosaur-directory%2Fimages%2Freconstruction%2Fsmall%2Furbacodon.jpg&w=828&q=75,oklch(63.7% 0.237 25.331),,
1765016541-17,dinosaurs-carnivorous,range,Unenlagia,Unenlagia,-94000000,-86000000,https://fr.wikipedia.org/wiki/Unenlagia,https://en.wikipedia.org/wiki/Unenlagia,https://www.nhm.ac.uk/discover/dino-directory/unenlagia.html,Natural History Museum,2.4m,https://www.nhm.ac.uk/discover/dino-directory/_next/image?url=https%3A%2F%2Fwww.nhm.ac.uk%2Fresources%2Fnature-online%2Flife%2Fdinosaurs%2Fdinosaur-directory%2Fimages%2Freconstruction%2Fsmall%2FUnenlagia.jpg&w=828&q=75,oklch(63.7% 0.237 25.331),,
1765017147-315,dinosaurs-carnivorous,range,Alectrosaurus,Alectrosaurus,-90000000,-70000000,https://fr.wikipedia.org/wiki/Alectrosaurus,https://en.wikipedia.org/wiki/Alectrosaurus,https://www.nhm.ac.uk/discover/dino-directory/alectrosaurus.html,Natural History Museum,5.0m,https://www.nhm.ac.uk/discover/dino-directory/_next/image?url=https%3A%2F%2Fwww.nhm.ac.uk%2Fresources%2Fnature-online%2Flife%2Fdinosaurs%2Fdinosaur-directory%2Fimages%2Freconstruction%2Fsmall%2Falectro.jpg&w=828&q=75,oklch(63.7% 0.237 25.331),,
1765017140-312,dinosaurs-carnivorous,range,Alvarezsaurus,Alvarezsaurus,-89000000,-85000000,https://fr.wikipedia.org/wiki/Alvarezsaurus,https://en.wikipedia.org/wiki/Alvarezsaurus,https://www.nhm.ac.uk/discover/dino-directory/alvarezsaurus.html,Natural History Museum,2.0m,https://www.nhm.ac.uk/discover/dino-directory/_next/image?url=https%3A%2F%2Fwww.nhm.ac.uk%2Fresources%2Fnature-online%2Flife%2Fdinosaurs%2Fdinosaur-directory%2Fimages%2Freconstruction%2Fsmall%2Falvarez.jpg&w=828&q=75,oklch(63.7% 0.237 25.331),,
1765016645-68,dinosaurs-carnivorous,range,Saurornithoides,Saurornithoides,-85000000,-80000000,https://fr.wikipedia.org/wiki/Saurornithoides,https://en.wikipedia.org/wiki/Saurornithoides,https://www.nhm.ac.uk/discover/dino-directory/saurornithoides.html,Natural History Museum,3.0m,https://www.nhm.ac.uk/discover/dino-directory/_next/image?url=https%3A%2F%2Fwww.nhm.ac.uk%2Fresources%2Fnature-online%2Flife%2Fdinosaurs%2Fdinosaur-directory%2Fimages%2Freconstruction%2Fsmall%2Fsaurorn.jpg&w=828&q=75,oklch(63.7% 0.237 25.331),,
1765017122-303,dinosaurs-carnivorous,range,Anserimimus,Anserimimus,-84000000,-66000000,https://fr.wikipedia.org/wiki/Anserimimus,https://en.wikipedia.org/wiki/Anserimimus,https://www.nhm.ac.uk/discover/dino-directory/anserimimus.html,Natural History Museum,3.5m,https://www.nhm.ac.uk/discover/dino-directory/_next/image?url=https%3A%2F%2Fwww.nhm.ac.uk%2Fresources%2Fnature-online%2Flife%2Fdinosaurs%2Fdinosaur-directory%2Fimages%2Freconstruction%2Fsmall%2Fanseri.jpg&w=828&q=75,oklch(63.7% 0.237 25.331),,
1765017096-290,dinosaurs-carnivorous,range,Aucasaurus,Aucasaurus,-84000000,-71000000,https://fr.wikipedia.org/wiki/Aucasaurus,https://en.wikipedia.org/wiki/Aucasaurus,https://www.nhm.ac.uk/discover/dino-directory/aucasaurus.html,Natural History Museum,5.0m,https://www.nhm.ac.uk/discover/dino-directory/_next/image?url=https%3A%2F%2Fwww.nhm.ac.uk%2Fresources%2Fnature-online%2Flife%2Fdinosaurs%2Fdinosaur-directory%2Fimages%2Freconstruction%2Fsmall%2FAucasaurus.jpg&w=828&q=75,oklch(63.7% 0.237 25.331),,
1765017084-284,dinosaurs-carnivorous,range,Bambiraptor,Bambiraptor,-84000000,-71000000,https://fr.wikipedia.org/wiki/Bambiraptor,https://en.wikipedia.org/wiki/Bambiraptor,https://www.nhm.ac.uk/discover/dino-directory/bambiraptor.html,Natural History Museum,1.0m,https://www.nhm.ac.uk/discover/dino-directory/_next/image?url=https%3A%2F%2Fwww.nhm.ac.uk%2Fresources%2Fnature-online%2Flife%2Fdinosaurs%2Fdinosaur-directory%2Fimages%2Freconstruction%2Fsmall%2FBambiraptor.jpg&w=828&q=75,oklch(63.7% 0.237 25.331),,
1765017069-277,dinosaurs-carnivorous,range,Borogovia,Borogovia,-84000000,-66000000,https://fr.wikipedia.org/wiki/Borogovia,https://en.wikipedia.org/wiki/Borogovia,https://www.nhm.ac.uk/discover/dino-directory/borogovia.html,Natural History Museum,1.5m,https://www.nhm.ac.uk/discover/dino-directory/_next/image?url=https%3A%2F%2Fwww.nhm.ac.uk%2Fresources%2Fnature-online%2Flife%2Fdinosaurs%2Fdinosaur-directory%2Fimages%2Freconstruction%2Fsmall%2FBorogovia.jpg&w=828&q=75,oklch(63.7% 0.237 25.331),,
1765016976-231,dinosaurs-carnivorous,range,Dryptosaurus,Dryptosaurus,-84000000,-66000000,https://fr.wikipedia.org/wiki/Dryptosaurus,https://en.wikipedia.org/wiki/Dryptosaurus,https://www.nhm.ac.uk/discover/dino-directory/dryptosaurus.html,Natural History Museum,6.4m,https://www.nhm.ac.uk/discover/dino-directory/_next/image?url=https%3A%2F%2Fwww.nhm.ac.uk%2Fresources%2Fnature-online%2Flife%2Fdinosaurs%2Fdinosaur-directory%2Fimages%2Freconstruction%2Fsmall%2Fdrypto.jpg&w=828&q=75,oklch(63.7% 0.237 25.331),,
1765016813-151,dinosaurs-carnivorous,range,Majungasaurus,Majungasaurus,-84000000,-71000000,https://fr.wikipedia.org/wiki/Majungasaurus,https://en.wikipedia.org/wiki/Majungasaurus,https://www.nhm.ac.uk/discover/dino-directory/majungasaurus.html,Natural History Museum,6.0m,https://www.nhm.ac.uk/discover/dino-directory/_next/image?url=https%3A%2F%2Fwww.nhm.ac.uk%2Fresources%2Fnature-online%2Flife%2Fdinosaurs%2Fdinosaur-directory%2Fimages%2Freconstruction%2Fsmall%2Fmajungasaurus.jpg&w=828&q=75,oklch(63.7% 0.237 25.331),,
1765016803-146,dinosaurs-carnivorous,range,Masiakasaurus,Masiakasaurus,-84000000,-71000000,https://fr.wikipedia.org/wiki/Masiakasaurus,https://en.wikipedia.org/wiki/Masiakasaurus,https://www.nhm.ac.uk/discover/dino-directory/masiakasaurus.html,Natural History Museum,2.0m,https://www.nhm.ac.uk/discover/dino-directory/_next/image?url=https%3A%2F%2Fwww.nhm.ac.uk%2Fresources%2Fnature-online%2Flife%2Fdinosaurs%2Fdinosaur-directory%2Fimages%2Freconstruction%2Fsmall%2FMasiakasaurus.jpg&w=828&q=75,oklch(63.7% 0.237 25.331),,
1765016761-125,dinosaurs-carnivorous,range,Noasaurus,Noasaurus,-84000000,-66000000,https://fr.wikipedia.org/wiki/Noasaurus,https://en.wikipedia.org/wiki/Noasaurus,https://www.nhm.ac.uk/discover/dino-directory/noasaurus.html,Natural History Museum,1.0m,https://www.nhm.ac.uk/discover/dino-directory/_next/image?url=https%3A%2F%2Fwww.nhm.ac.uk%2Fresources%2Fnature-online%2Flife%2Fdinosaurs%2Fdinosaur-directory%2Fimages%2Freconstruction%2Fsmall%2FNoasaurus.jpg&w=828&q=75,oklch(63.7% 0.237 25.331),,
1765016675-83,dinosaurs-carnivorous,range,Pyroraptor,Pyroraptor,-84000000,-71000000,https://fr.wikipedia.org/wiki/Pyroraptor,https://en.wikipedia.org/wiki/Pyroraptor,https://www.nhm.ac.uk/discover/dino-directory/pyroraptor.html,Natural History Museum,,https://www.nhm.ac.uk/discover/dino-directory/_next/image?url=https%3A%2F%2Fwww.nhm.ac.uk%2Fresources%2Fnature-online%2Flife%2Fdinosaurs%2Fdinosaur-directory%2Fimages%2Freconstruction%2Fsmall%2Fpyroraptor.jpg&w=828&q=75,oklch(63.7% 0.237 25.331),,
1765017012-249,dinosaurs-carnivorous,range,Conchoraptor,Conchoraptor,-81000000,-76000000,https://fr.wikipedia.org/wiki/Conchoraptor,https://en.wikipedia.org/wiki/Conchoraptor,https://www.nhm.ac.uk/discover/dino-directory/conchoraptor.html,Natural History Museum,1.5m,https://www.nhm.ac.uk/discover/dino-directory/_next/image?url=https%3A%2F%2Fwww.nhm.ac.uk%2Fresources%2Fnature-online%2Flife%2Fdinosaurs%2Fdinosaur-directory%2Fimages%2Freconstruction%2Fsmall%2FConchoraptor.jpg&w=828&q=75,oklch(63.7% 0.237 25.331),,
1765016781-135,dinosaurs-carnivorous,range,Mononykus,Mononykus,-81000000,-68000000,https://fr.wikipedia.org/wiki/Mononykus,https://en.wikipedia.org/wiki/Mononykus,https://www.nhm.ac.uk/discover/dino-directory/mononykus.html,Natural History Museum,1.0m,https://www.nhm.ac.uk/discover/dino-directory/_next/image?url=https%3A%2F%2Fwww.nhm.ac.uk%2Fresources%2Fnature-online%2Flife%2Fdinosaurs%2Fdinosaur-directory%2Fimages%2Freconstruction%2Fsmall%2FMononykus.jpg&w=828&q=75,oklch(63.7% 0.237 25.331),,
1765016913-200,dinosaurs-carnivorous,range,Gorgosaurus,Gorgosaurus,-80000000,-73000000,https://fr.wikipedia.org/wiki/Gorgosaurus,https://en.wikipedia.org/wiki/Gorgosaurus,https://www.nhm.ac.uk/discover/dino-directory/gorgosaurus.html,Natural History Museum,8.6m,https://www.nhm.ac.uk/discover/dino-directory/_next/image?url=https%3A%2F%2Fwww.nhm.ac.uk%2Fresources%2Fnature-online%2Flife%2Fdinosaurs%2Fdinosaur-directory%2Fimages%2Freconstruction%2Fsmall%2FGorgosaurus.jpg&w=828&q=75,oklch(63.7% 0.237 25.331),,
1765017149-316,dinosaurs-carnivorous,range,Albertosaurus,Albertosaurus,-76000000,-74000000,https://fr.wikipedia.org/wiki/Albertosaurus,https://en.wikipedia.org/wiki/Albertosaurus,https://www.nhm.ac.uk/discover/dino-directory/albertosaurus.html,Natural History Museum,9.0m,https://www.nhm.ac.uk/discover/dino-directory/_next/image?url=https%3A%2F%2Fwww.nhm.ac.uk%2Fresources%2Fnature-online%2Flife%2Fdinosaurs%2Fdinosaur-directory%2Fimages%2Freconstruction%2Fsmall%2Falbert.jpg&w=828&q=75,oklch(63.7% 0.237 25.331),,
1765017002-244,dinosaurs-carnivorous,range,Daspletosaurus,Daspletosaurus,-76000000,-74000000,https://fr.wikipedia.org/wiki/Daspletosaurus,https://en.wikipedia.org/wiki/Daspletosaurus,https://www.nhm.ac.uk/discover/dino-directory/daspletosaurus.html,Natural History Museum,9.0m,https://www.nhm.ac.uk/discover/dino-directory/_next/image?url=https%3A%2F%2Fwww.nhm.ac.uk%2Fresources%2Fnature-online%2Flife%2Fdinosaurs%2Fdinosaur-directory%2Fimages%2Freconstruction%2Fsmall%2Fdaspelet.jpg&w=828&q=75,oklch(63.7% 0.237 25.331),,
1765016982-234,dinosaurs-carnivorous,range,Dromaeosaurus,Dromaeosaurus,-76000000,-74000000,https://fr.wikipedia.org/wiki/Dromaeosaurus,https://en.wikipedia.org/wiki/Dromaeosaurus,https://www.nhm.ac.uk/discover/dino-directory/dromaeosaurus.html,Natural History Museum,1.8m,https://www.nhm.ac.uk/discover/dino-directory/_next/image?url=https%3A%2F%2Fwww.nhm.ac.uk%2Fresources%2Fnature-online%2Flife%2Fdinosaurs%2Fdinosaur-directory%2Fimages%2Freconstruction%2Fsmall%2Fdroma.jpg&w=828&q=75,oklch(63.7% 0.237 25.331),,
1765017167-325,dinosaurs-carnivorous,range,Abelisaurus,Abelisaurus,-74000000,-70000000,https://fr.wikipedia.org/wiki/Abelisaurus,https://en.wikipedia.org/wiki/Abelisaurus,https://www.nhm.ac.uk/discover/dino-directory/abelisaurus.html,Natural History Museum,9.0m,https://www.nhm.ac.uk/discover/dino-directory/_next/image?url=https%3A%2F%2Fwww.nhm.ac.uk%2Fresources%2Fnature-online%2Flife%2Fdinosaurs%2Fdinosaur-directory%2Fimages%2Freconstruction%2Fsmall%2Fabeli.jpg&w=828&q=75,oklch(63.7% 0.237 25.331),,
1765016578-35,dinosaurs-carnivorous,range,Tarbosaurus,Tarbosaurus,-74000000,-70000000,https://fr.wikipedia.org/wiki/Tarbosaurus,https://en.wikipedia.org/wiki/Tarbosaurus,https://www.nhm.ac.uk/discover/dino-directory/tarbosaurus.html,Natural History Museum,10.0m,https://www.nhm.ac.uk/discover/dino-directory/_next/image?url=https%3A%2F%2Fwww.nhm.ac.uk%2Fresources%2Fnature-online%2Flife%2Fdinosaurs%2Fdinosaur-directory%2Fimages%2Freconstruction%2Fsmall%2Ftarbo.jpg&w=828&q=75,oklch(63.7% 0.237 25.331),,
1765016533-13,dinosaurs-carnivorous,range,Velociraptor,Velociraptor,-74000000,-70000000,https://fr.wikipedia.org/wiki/Velociraptor,https://en.wikipedia.org/wiki/Velociraptor,https://www.nhm.ac.uk/discover/dino-directory/velociraptor.html,Natural History Museum,1.8m,https://www.nhm.ac.uk/discover/dino-directory/_next/image?url=https%3A%2F%2Fwww.nhm.ac.uk%2Fresources%2Fnature-online%2Flife%2Fdinosaurs%2Fdinosaur-directory%2Fimages%2Freconstruction%2Fsmall%2Fvelociraptor.jpg&w=828&q=75,oklch(63.7% 0.237 25.331),,
1765016671-81,dinosaurs-carnivorous,range,Rajasaurus,Rajasaurus,-72000000,-66000000,https://fr.wikipedia.org/wiki/Rajasaurus,https://en.wikipedia.org/wiki/Rajasaurus,https://www.nhm.ac.uk/discover/dino-directory/rajasaurus.html,Natural History Museum,6.6m,https://www.nhm.ac.uk/discover/dino-directory/_next/image?url=https%3A%2F%2Fwww.nhm.ac.uk%2Fresources%2Fnature-online%2Flife%2Fdinosaurs%2Fdinosaur-directory%2Fimages%2Freconstruction%2Fsmall%2Frajasaurus.jpg&w=828&q=75,oklch(63.7% 0.237 25.331),,
1765017145-314,dinosaurs-carnivorous,range,Alioramus,Alioramus,-71000000,-66000000,https://fr.wikipedia.org/wiki/Alioramus,https://en.wikipedia.org/wiki/Alioramus,https://www.nhm.ac.uk/discover/dino-directory/alioramus.html,Natural History Museum,6.0m,https://www.nhm.ac.uk/discover/dino-directory/_next/image?url=https%3A%2F%2Fwww.nhm.ac.uk%2Fresources%2Fnature-online%2Flife%2Fdinosaurs%2Fdinosaur-directory%2Fimages%2Freconstruction%2Fsmall%2FAlioramus.jpg&w=828&q=75,oklch(63.7% 0.237 25.331),,
1765016872-180,dinosaurs-carnivorous,range,Indosuchus,Indosuchus,-71000000,-66000000,https://fr.wikipedia.org/wiki/Indosuchus,https://en.wikipedia.org/wiki/Indosuchus,https://www.nhm.ac.uk/discover/dino-directory/indosuchus.html,Natural History Museum,7.0m,https://www.nhm.ac.uk/discover/dino-directory/_next/image?url=https%3A%2F%2Fwww.nhm.ac.uk%2Fresources%2Fnature-online%2Flife%2Fdinosaurs%2Fdinosaur-directory%2Fimages%2Freconstruction%2Fsmall%2FIndosuchus.jpg&w=828&q=75,oklch(63.7% 0.237 25.331),,
1765017098-291,dinosaurs-carnivorous,range,Atrociraptor,Atrociraptor,-69000000,-68000000,https://fr.wikipedia.org/wiki/Atrociraptor,https://en.wikipedia.org/wiki/Atrociraptor,https://www.nhm.ac.uk/discover/dino-directory/atrociraptor.html,Natural History Museum,2.0m,https://www.nhm.ac.uk/discover/dino-directory/_next/image?url=https%3A%2F%2Fwww.nhm.ac.uk%2Fresources%2Fnature-online%2Flife%2Fdinosaurs%2Fdinosaur-directory%2Fimages%2Freconstruction%2Fsmall%2Fatrociraptor.jpg&w=828&q=75,oklch(63.7% 0.237 25.331),,
1765017053-269,dinosaurs-carnivorous,range,Carnotaurus,Carnotaurus,-69000000,-71000000,https://fr.wikipedia.org/wiki/Carnotaurus,https://en.wikipedia.org/wiki/Carnotaurus,https://www.nhm.ac.uk/discover/dino-directory/carnotaurus.html,Natural History Museum,8.0m,https://www.nhm.ac.uk/discover/dino-directory/_next/image?url=https%3A%2F%2Fwww.nhm.ac.uk%2Fresources%2Fnature-online%2Flife%2Fdinosaurs%2Fdinosaur-directory%2Fimages%2Freconstruction%2Fsmall%2Fcarnotaurus.jpg&w=828&q=75,oklch(63.7% 0.237 25.331),,
1765016547-20,dinosaurs-carnivorous,range,Tyrannosaurus,Tyrannosaurus,-68000000,-66000000,https://fr.wikipedia.org/wiki/Tyrannosaurus,https://en.wikipedia.org/wiki/Tyrannosaurus,https://www.nhm.ac.uk/discover/dino-directory/tyrannosaurus.html,Natural History Museum,12.0m,https://www.nhm.ac.uk/discover/dino-directory/_next/image?url=https%3A%2F%2Fwww.nhm.ac.uk%2Fresources%2Fnature-online%2Flife%2Fdinosaurs%2Fdinosaur-directory%2Fimages%2Freconstruction%2Fsmall%2Ftyrannosaurus.jpg&w=828&q=75,oklch(63.7% 0.237 25.331),,
1765016905-196,dinosaurs-herbivorous,range,Guaibasaurus,Guaibasaurus,-221000000,-210000000,https://fr.wikipedia.org/wiki/Guaibasaurus,https://en.wikipedia.org/wiki/Guaibasaurus,https://www.nhm.ac.uk/discover/dino-directory/guaibasaurus.html,Natural History Museum,1.8m,https://www.nhm.ac.uk/discover/dino-directory/_next/image?url=https%3A%2F%2Fwww.nhm.ac.uk%2Fresources%2Fnature-online%2Flife%2Fdinosaurs%2Fdinosaur-directory%2Fimages%2Freconstruction%2Fsmall%2FGuaibasaurus.jpg&w=828&q=75,oklch(72.3% 0.219 149.579),,
1765016779-134,dinosaurs-herbivorous,range,Mussaurus,Mussaurus,-221000000,-210000000,https://fr.wikipedia.org/wiki/Mussaurus,https://en.wikipedia.org/wiki/Mussaurus,https://www.nhm.ac.uk/discover/dino-directory/mussaurus.html,Natural History Museum,3.0m,https://www.nhm.ac.uk/discover/dino-directory/_next/image?url=https%3A%2F%2Fwww.nhm.ac.uk%2Fresources%2Fnature-online%2Flife%2Fdinosaurs%2Fdinosaur-directory%2Fimages%2Freconstruction%2Fsmall%2Fmuss.jpg&w=828&q=75,oklch(72.3% 0.219 149.579),,
1765016838-163,dinosaurs-herbivorous,range,Lesothosaurus,Lesothosaurus,-213000000,-200000000,https://fr.wikipedia.org/wiki/Lesothosaurus,https://en.wikipedia.org/wiki/Lesothosaurus,https://www.nhm.ac.uk/discover/dino-directory/lesothosaurus.html,Natural History Museum,1.0m,https://www.nhm.ac.uk/discover/dino-directory/_next/image?url=https%3A%2F%2Fwww.nhm.ac.uk%2Fresources%2Fnature-online%2Flife%2Fdinosaurs%2Fdinosaur-directory%2Fimages%2Freconstruction%2Fsmall%2Flesotho.jpg&w=828&q=75,oklch(72.3% 0.219 149.579),,
1765016704-97,dinosaurs-herbivorous,range,Plateosaurus,Plateosaurus,-210000000,-209000000,https://fr.wikipedia.org/wiki/Plateosaurus,https://en.wikipedia.org/wiki/Plateosaurus,https://www.nhm.ac.uk/discover/dino-directory/plateosaurus.html,Natural History Museum,7.0m,https://www.nhm.ac.uk/discover/dino-directory/_next/image?url=https%3A%2F%2Fwww.nhm.ac.uk%2Fresources%2Fnature-online%2Flife%2Fdinosaurs%2Fdinosaur-directory%2Fimages%2Freconstruction%2Fsmall%2Fplateo.jpg&w=828&q=75,oklch(72.3% 0.219 149.579),,
1765016726-108,dinosaurs-herbivorous,range,Pantydraco,Pantydraco,-209000000,-201000000,https://fr.wikipedia.org/wiki/Pantydraco,https://en.wikipedia.org/wiki/Pantydraco,https://www.nhm.ac.uk/discover/dino-directory/pantydraco.html,Natural History Museum,3.0m,https://www.nhm.ac.uk/discover/dino-directory/_next/image?url=https%3A%2F%2Fwww.nhm.ac.uk%2Fresources%2Fnature-online%2Flife%2Fdinosaurs%2Fdinosaur-directory%2Fimages%2Freconstruction%2Fsmall%2Fpantydraco.jpg&w=828&q=75,oklch(72.3% 0.219 149.579),,
1765016643-67,dinosaurs-herbivorous,range,Scelidosaurus,Scelidosaurus,-208000000,-194000000,https://fr.wikipedia.org/wiki/Scelidosaurus,https://en.wikipedia.org/wiki/Scelidosaurus,https://www.nhm.ac.uk/discover/dino-directory/scelidosaurus.html,Natural History Museum,4.0m,https://www.nhm.ac.uk/discover/dino-directory/_next/image?url=https%3A%2F%2Fwww.nhm.ac.uk%2Fresources%2Fnature-online%2Flife%2Fdinosaurs%2Fdinosaur-directory%2Fimages%2Freconstruction%2Fsmall%2Fscelid.jpg&w=828&q=75,oklch(72.3% 0.219 149.579),,
1765016889-188,dinosaurs-herbivorous,range,Heterodontosaurus,Heterodontosaurus,-205000000,-204000000,https://fr.wikipedia.org/wiki/Heterodontosaurus,https://en.wikipedia.org/wiki/Heterodontosaurus,https://www.nhm.ac.uk/discover/dino-directory/heterodontosaurus.html,Natural History Museum,1.2m,https://www.nhm.ac.uk/discover/dino-directory/_next/image?url=https%3A%2F%2Fwww.nhm.ac.uk%2Fresources%2Fnature-online%2Flife%2Fdinosaurs%2Fdinosaur-directory%2Fimages%2Freconstruction%2Fsmall%2Fhetero.jpg&w=828&q=75,oklch(72.3% 0.219 149.579),,
1765016862-175,dinosaurs-herbivorous,range,Jingshanosaurus,Jingshanosaurus,-205000000,-190000000,https://fr.wikipedia.org/wiki/Jingshanosaurus,https://en.wikipedia.org/wiki/Jingshanosaurus,https://www.nhm.ac.uk/discover/dino-directory/jingshanosaurus.html,Natural History Museum,5.0m,https://www.nhm.ac.uk/discover/dino-directory/_next/image?url=https%3A%2F%2Fwww.nhm.ac.uk%2Fresources%2Fnature-online%2Flife%2Fdinosaurs%2Fdinosaur-directory%2Fimages%2Freconstruction%2Fsmall%2FJingshanosaurus.jpg&w=828&q=75,oklch(72.3% 0.219 149.579),,
1765016850-169,dinosaurs-herbivorous,range,Kotasaurus,Kotasaurus,-205000000,-180000000,https://fr.wikipedia.org/wiki/Kotasaurus,https://en.wikipedia.org/wiki/Kotasaurus,https://www.nhm.ac.uk/discover/dino-directory/kotasaurus.html,Natural History Museum,9.0m,https://www.nhm.ac.uk/discover/dino-directory/_next/image?url=https%3A%2F%2Fwww.nhm.ac.uk%2Fresources%2Fnature-online%2Flife%2Fdinosaurs%2Fdinosaur-directory%2Fimages%2Freconstruction%2Fsmall%2FKotasaurus.jpg&w=828&q=75,oklch(72.3% 0.219 149.579),,
1765016819-154,dinosaurs-herbivorous,range,Lycorhinus,Lycorhinus,-205000000,-195000000,https://fr.wikipedia.org/wiki/Lycorhinus,https://en.wikipedia.org/wiki/Lycorhinus,https://www.nhm.ac.uk/discover/dino-directory/lycorhinus.html,Natural History Museum,1.2m,https://www.nhm.ac.uk/discover/dino-directory/_next/image?url=https%3A%2F%2Fwww.nhm.ac.uk%2Fresources%2Fnature-online%2Flife%2Fdinosaurs%2Fdinosaur-directory%2Fimages%2Freconstruction%2Fsmall%2FLycorhinus.jpg&w=828&q=75,oklch(72.3% 0.219 149.579),,
1765016641-66,dinosaurs-herbivorous,range,Scutellosaurus,Scutellosaurus,-205000000,-202000000,https://fr.wikipedia.org/wiki/Scutellosaurus,https://en.wikipedia.org/wiki/Scutellosaurus,https://www.nhm.ac.uk/discover/dino-directory/scutellosaurus.html,Natural History Museum,1.2m,https://www.nhm.ac.uk/discover/dino-directory/_next/image?url=https%3A%2F%2Fwww.nhm.ac.uk%2Fresources%2Fnature-online%2Flife%2Fdinosaurs%2Fdinosaur-directory%2Fimages%2Freconstruction%2Fsmall%2FScutellosaurus.jpg&w=828&q=75,oklch(72.3% 0.219 149.579),,
1765016531-12,dinosaurs-herbivorous,range,Vulcanodon,Vulcanodon,-205000000,-202000000,https://fr.wikipedia.org/wiki/Vulcanodon,https://en.wikipedia.org/wiki/Vulcanodon,https://www.nhm.ac.uk/discover/dino-directory/vulcanodon.html,Natural History Museum,6.5m,https://www.nhm.ac.uk/discover/dino-directory/_next/image?url=https%3A%2F%2Fwww.nhm.ac.uk%2Fresources%2Fnature-online%2Flife%2Fdinosaurs%2Fdinosaur-directory%2Fimages%2Freconstruction%2Fsmall%2FVulcanodon.jpg&w=828&q=75,oklch(72.3% 0.219 149.579),,
1765017170-326,dinosaurs-herbivorous,range,Aardonyx,Aardonyx,-200000000,-190000000,https://fr.wikipedia.org/wiki/Aardonyx,https://en.wikipedia.org/wiki/Aardonyx,https://www.nhm.ac.uk/discover/dino-directory/aardonyx.html,Natural History Museum,8.0m,https://www.nhm.ac.uk/discover/dino-directory/_next/image?url=https%3A%2F%2Fwww.nhm.ac.uk%2Fresources%2Fnature-online%2Flife%2Fdinosaurs%2Fdinosaur-directory%2Fimages%2Freconstruction%2Fsmall%2Faardonyx.jpg&w=828&q=75,oklch(72.3% 0.219 149.579),,
1765016826-157,dinosaurs-herbivorous,range,Lufengosaurus,Lufengosaurus,-200000000,-195000000,https://fr.wikipedia.org/wiki/Lufengosaurus,https://en.wikipedia.org/wiki/Lufengosaurus,https://www.nhm.ac.uk/discover/dino-directory/lufengosaurus.html,Natural History Museum,6.0m,https://www.nhm.ac.uk/discover/dino-directory/_next/image?url=https%3A%2F%2Fwww.nhm.ac.uk%2Fresources%2Fnature-online%2Flife%2Fdinosaurs%2Fdinosaur-directory%2Fimages%2Freconstruction%2Fsmall%2Flufengos.jpg&w=828&q=75,oklch(72.3% 0.219 149.579),,
1765017136-310,dinosaurs-herbivorous,range,Ammosaurus,Ammosaurus,-195000000,-180000000,https://fr.wikipedia.org/wiki/Ammosaurus,https://en.wikipedia.org/wiki/Ammosaurus,https://www.nhm.ac.uk/discover/dino-directory/ammosaurus.html,Natural History Museum,5.0m,https://www.nhm.ac.uk/discover/dino-directory/_next/image?url=https%3A%2F%2Fwww.nhm.ac.uk%2Fresources%2Fnature-online%2Flife%2Fdinosaurs%2Fdinosaur-directory%2Fimages%2Freconstruction%2Fsmall%2Fammo.jpg&w=828&q=75,oklch(72.3% 0.219 149.579),,
1765016525-9,dinosaurs-herbivorous,range,Yimenosaurus,Yimenosaurus,-195000000,-190000000,https://fr.wikipedia.org/wiki/Yimenosaurus,https://en.wikipedia.org/wiki/Yimenosaurus,https://www.nhm.ac.uk/discover/dino-directory/yimenosaurus.html,Natural History Museum,9.0m,https://www.nhm.ac.uk/discover/dino-directory/_next/image?url=https%3A%2F%2Fwww.nhm.ac.uk%2Fresources%2Fnature-online%2Flife%2Fdinosaurs%2Fdinosaur-directory%2Fimages%2Freconstruction%2Fsmall%2FYimenosaurus.jpg&w=828&q=75,oklch(72.3% 0.219 149.579),,
1765017126-305,dinosaurs-herbivorous,range,Anchisaurus,Anchisaurus,-190000000,-189000000,https://fr.wikipedia.org/wiki/Anchisaurus,https://en.wikipedia.org/wiki/Anchisaurus,https://www.nhm.ac.uk/discover/dino-directory/anchisaurus.html,Natural History Museum,2.0m,https://www.nhm.ac.uk/discover/dino-directory/_next/image?url=https%3A%2F%2Fwww.nhm.ac.uk%2Fresources%2Fnature-online%2Flife%2Fdinosaurs%2Fdinosaur-directory%2Fimages%2Freconstruction%2Fsmall%2Fanchi.jpg&w=828&q=75,oklch(72.3% 0.219 149.579),,
1765016964-225,dinosaurs-herbivorous,range,Emausaurus,Emausaurus,-190000000,-180000000,https://fr.wikipedia.org/wiki/Emausaurus,https://en.wikipedia.org/wiki/Emausaurus,https://www.nhm.ac.uk/discover/dino-directory/emausaurus.html,Natural History Museum,2.0m,https://www.nhm.ac.uk/discover/dino-directory/_next/image?url=https%3A%2F%2Fwww.nhm.ac.uk%2Fresources%2Fnature-online%2Flife%2Fdinosaurs%2Fdinosaur-directory%2Fimages%2Freconstruction%2Fsmall%2FEmausaurus.jpg&w=828&q=75,oklch(72.3% 0.219 149.579),,
1765017082-283,dinosaurs-herbivorous,range,Barapasaurus,Barapasaurus,-185000000,-170000000,https://fr.wikipedia.org/wiki/Barapasaurus,https://en.wikipedia.org/wiki/Barapasaurus,https://www.nhm.ac.uk/discover/dino-directory/barapasaurus.html,Natural History Museum,14.0m,https://www.nhm.ac.uk/discover/dino-directory/_next/image?url=https%3A%2F%2Fwww.nhm.ac.uk%2Fresources%2Fnature-online%2Flife%2Fdinosaurs%2Fdinosaur-directory%2Fimages%2Freconstruction%2Fsmall%2Fbarapa.jpg&w=828&q=75,oklch(72.3% 0.219 149.579),,
1765017071-278,dinosaurs-herbivorous,range,Bellusaurus,Bellusaurus,-180000000,-159000000,https://fr.wikipedia.org/wiki/Bellusaurus,https://en.wikipedia.org/wiki/Bellusaurus,https://www.nhm.ac.uk/discover/dino-directory/bellusaurus.html,Natural History Museum,5.0m,https://www.nhm.ac.uk/discover/dino-directory/_next/image?url=https%3A%2F%2Fwww.nhm.ac.uk%2Fresources%2Fnature-online%2Flife%2Fdinosaurs%2Fdinosaur-directory%2Fimages%2Freconstruction%2Fsmall%2FBellusaurus.jpg&w=828&q=75,oklch(72.3% 0.219 149.579),,
1765016519-6,dinosaurs-herbivorous,range,Yuanmousaurus,Yuanmousaurus,-180000000,-159000000,https://fr.wikipedia.org/wiki/Yuanmousaurus,https://en.wikipedia.org/wiki/Yuanmousaurus,https://www.nhm.ac.uk/discover/dino-directory/yuanmousaurus.html,Natural History Museum,17.0m,https://www.nhm.ac.uk/discover/dino-directory/_next/image?url=https%3A%2F%2Fwww.nhm.ac.uk%2Fresources%2Fnature-online%2Flife%2Fdinosaurs%2Fdinosaur-directory%2Fimages%2Freconstruction%2Fsmall%2FYuanmousaurus.jpg&w=828&q=75,oklch(72.3% 0.219 149.579),,
1765017132-308,dinosaurs-herbivorous,range,Amygdalodon,Amygdalodon,-177000000,-169000000,https://fr.wikipedia.org/wiki/Amygdalodon,https://en.wikipedia.org/wiki/Amygdalodon,https://www.nhm.ac.uk/discover/dino-directory/amygdalodon.html,Natural History Museum,15.0m,https://www.nhm.ac.uk/discover/dino-directory/_next/image?url=https%3A%2F%2Fwww.nhm.ac.uk%2Fresources%2Fnature-online%2Flife%2Fdinosaurs%2Fdinosaur-directory%2Fimages%2Freconstruction%2Fsmall%2FAmygdalodon.jpg&w=828&q=75,oklch(72.3% 0.219 149.579),,
1765016665-78,dinosaurs-herbivorous,range,Rhoetosaurus,Rhoetosaurus,-177000000,-169000000,https://fr.wikipedia.org/wiki/Rhoetosaurus,https://en.wikipedia.org/wiki/Rhoetosaurus,https://www.nhm.ac.uk/discover/dino-directory/rhoetosaurus.html,Natural History Museum,15.0m,https://www.nhm.ac.uk/discover/dino-directory/_next/image?url=https%3A%2F%2Fwww.nhm.ac.uk%2Fresources%2Fnature-online%2Flife%2Fdinosaurs%2Fdinosaur-directory%2Fimages%2Freconstruction%2Fsmall%2FRhoetosaurus.jpg&w=828&q=75,oklch(72.3% 0.219 149.579),,
1765017043-264,dinosaurs-herbivorous,range,Cetiosauriscus,Cetiosauriscus,-175000000,-160000000,https://fr.wikipedia.org/wiki/Cetiosauriscus,https://en.wikipedia.org/wiki/Cetiosauriscus,https://www.nhm.ac.uk/discover/dino-directory/cetiosauriscus.html,Natural History Museum,15.0m,https://www.nhm.ac.uk/discover/dino-directory/_next/image?url=https%3A%2F%2Fwww.nhm.ac.uk%2Fresources%2Fnature-online%2Flife%2Fdinosaurs%2Fdinosaur-directory%2Fimages%2Freconstruction%2Fsmall%2Fcetios.jpg&w=828&q=75,oklch(72.3% 0.219 149.579),,
1765017041-263,dinosaurs-herbivorous,range,Cetiosaurus,Cetiosaurus,-170000000,-160000000,https://fr.wikipedia.org/wiki/Cetiosaurus,https://en.wikipedia.org/wiki/Cetiosaurus,https://www.nhm.ac.uk/discover/dino-directory/cetiosaurus.html,Natural History Museum,18.0m,https://www.nhm.ac.uk/discover/dino-directory/_next/image?url=https%3A%2F%2Fwww.nhm.ac.uk%2Fresources%2Fnature-online%2Flife%2Fdinosaurs%2Fdinosaur-directory%2Fimages%2Freconstruction%2Fsmall%2Fcetio.jpg&w=828&q=75,oklch(72.3% 0.219 149.579),,
1765017000-243,dinosaurs-herbivorous,range,Datousaurus,Datousaurus,-170000000,-169000000,https://fr.wikipedia.org/wiki/Datousaurus,https://en.wikipedia.org/wiki/Datousaurus,https://www.nhm.ac.uk/discover/dino-directory/datousaurus.html,Natural History Museum,15.0m,https://www.nhm.ac.uk/discover/dino-directory/_next/image?url=https%3A%2F%2Fwww.nhm.ac.uk%2Fresources%2Fnature-online%2Flife%2Fdinosaurs%2Fdinosaur-directory%2Fimages%2Freconstruction%2Fsmall%2Fdatou.jpg&w=828&q=75,oklch(72.3% 0.219 149.579),,
1765016882-185,dinosaurs-herbivorous,range,Huayangosaurus,Huayangosaurus,-170000000,-160000000,https://fr.wikipedia.org/wiki/Huayangosaurus,https://en.wikipedia.org/wiki/Huayangosaurus,https://www.nhm.ac.uk/discover/dino-directory/huayangosaurus.html,Natural History Museum,4.5m,https://www.nhm.ac.uk/discover/dino-directory/_next/image?url=https%3A%2F%2Fwww.nhm.ac.uk%2Fresources%2Fnature-online%2Flife%2Fdinosaurs%2Fdinosaur-directory%2Fimages%2Freconstruction%2Fsmall%2Fhuayango.jpg&w=828&q=75,oklch(72.3% 0.219 149.579),,
1765016627-59,dinosaurs-herbivorous,range,Shunosaurus,Shunosaurus,-170000000,-160000000,https://fr.wikipedia.org/wiki/Shunosaurus,https://en.wikipedia.org/wiki/Shunosaurus,https://www.nhm.ac.uk/discover/dino-directory/shunosaurus.html,Natural History Museum,10.0m,https://www.nhm.ac.uk/discover/dino-directory/_next/image?url=https%3A%2F%2Fwww.nhm.ac.uk%2Fresources%2Fnature-online%2Flife%2Fdinosaurs%2Fdinosaur-directory%2Fimages%2Freconstruction%2Fsmall%2Fshuno.jpg&w=828&q=75,oklch(72.3% 0.219 149.579),,
1765017155-319,dinosaurs-herbivorous,range,Agilisaurus,Agilisaurus,-169000000,-159000000,https://fr.wikipedia.org/wiki/Agilisaurus,https://en.wikipedia.org/wiki/Agilisaurus,https://www.nhm.ac.uk/discover/dino-directory/agilisaurus.html,Natural History Museum,1.5m,https://www.nhm.ac.uk/discover/dino-directory/_next/image?url=https%3A%2F%2Fwww.nhm.ac.uk%2Fresources%2Fnature-online%2Flife%2Fdinosaurs%2Fdinosaur-directory%2Fimages%2Freconstruction%2Fsmall%2FAgilisaurus.jpg&w=828&q=75,oklch(72.3% 0.219 149.579),,
1765016844-166,dinosaurs-herbivorous,range,Lapparentosaurus,Lapparentosaurus,-169000000,-164000000,https://fr.wikipedia.org/wiki/Lapparentosaurus,https://en.wikipedia.org/wiki/Lapparentosaurus,https://www.nhm.ac.uk/discover/dino-directory/lapparentosaurus.html,Natural History Museum,,https://www.nhm.ac.uk/discover/dino-directory/_next/image?url=https%3A%2F%2Fwww.nhm.ac.uk%2Fresources%2Fnature-online%2Flife%2Fdinosaurs%2Fdinosaur-directory%2Fimages%2Freconstruction%2Fsmall%2FLapparentosaurus.jpg&w=828&q=75,oklch(72.3% 0.219 149.579),,
1765016750-120,dinosaurs-herbivorous,range,Omeisaurus,Omeisaurus,-169000000,-159000000,https://fr.wikipedia.org/wiki/Omeisaurus,https://en.wikipedia.org/wiki/Omeisaurus,https://www.nhm.ac.uk/discover/dino-directory/omeisaurus.html,Natural History Museum,20.0m,https://www.nhm.ac.uk/discover/dino-directory/_next/image?url=https%3A%2F%2Fwww.nhm.ac.uk%2Fresources%2Fnature-online%2Flife%2Fdinosaurs%2Fdinosaur-directory%2Fimages%2Freconstruction%2Fsmall%2FOmeisaurus.jpg&w=828&q=75,oklch(72.3% 0.219 149.579),,
1765016529-11,dinosaurs-herbivorous,range,Yandusaurus,Yandusaurus,-169000000,-159000000,https://fr.wikipedia.org/wiki/Yandusaurus,https://en.wikipedia.org/wiki/Yandusaurus,https://www.nhm.ac.uk/discover/dino-directory/yandusaurus.html,Natural History Museum,3.0m,https://www.nhm.ac.uk/discover/dino-directory/_next/image?url=https%3A%2F%2Fwww.nhm.ac.uk%2Fresources%2Fnature-online%2Flife%2Fdinosaurs%2Fdinosaur-directory%2Fimages%2Freconstruction%2Fsmall%2FYandusaurus.jpg&w=828&q=75,oklch(72.3% 0.219 149.579),,
1765016608-50,dinosaurs-herbivorous,range,Spicomellus,Spicomellus,-167000000,-163000000,https://fr.wikipedia.org/wiki/Spicomellus,https://en.wikipedia.org/wiki/Spicomellus,https://www.nhm.ac.uk/discover/dino-directory/spicomellus.html,Natural History Museum,4.0m,https://www.nhm.ac.uk/discover/dino-directory/_next/image?url=https%3A%2F%2Fwww.nhm.ac.uk%2Fresources%2Fnature-online%2Flife%2Fdinosaurs%2Fdinosaur-directory%2Fimages%2Freconstruction%2Fsmall%2Fspicomellus-ml.jpg&w=828&q=75,oklch(72.3% 0.219 149.579),,
1765016718-104,dinosaurs-herbivorous,range,Patagosaurus,Patagosaurus,-164000000,-159000000,https://fr.wikipedia.org/wiki/Patagosaurus,https://en.wikipedia.org/wiki/Patagosaurus,https://www.nhm.ac.uk/discover/dino-directory/patagosaurus.html,Natural History Museum,18.0m,https://www.nhm.ac.uk/discover/dino-directory/_next/image?url=https%3A%2F%2Fwww.nhm.ac.uk%2Fresources%2Fnature-online%2Flife%2Fdinosaurs%2Fdinosaur-directory%2Fimages%2Freconstruction%2Fsmall%2FPatagosaurus.jpg&w=828&q=75,oklch(72.3% 0.219 149.579),,
1765017033-259,dinosaurs-herbivorous,range,Chinshakiangosaurus,Chinshakiangosaurus,-159000000,-142000000,https://fr.wikipedia.org/wiki/Chinshakiangosaurus,https://en.wikipedia.org/wiki/Chinshakiangosaurus,https://www.nhm.ac.uk/discover/dino-directory/chinshakiangosaurus.html,Natural History Museum,11.0m,https://www.nhm.ac.uk/discover/dino-directory/_next/image?url=https%3A%2F%2Fwww.nhm.ac.uk%2Fresources%2Fnature-online%2Flife%2Fdinosaurs%2Fdinosaur-directory%2Fimages%2Freconstruction%2Fsmall%2FChinshakiangosaurus.jpg&w=828&q=75,oklch(72.3% 0.219 149.579),,
1765017027-256,dinosaurs-herbivorous,range,Chungkingosaurus,Chungkingosaurus,-159000000,-142000000,https://fr.wikipedia.org/wiki/Chungkingosaurus,https://en.wikipedia.org/wiki/Chungkingosaurus,https://www.nhm.ac.uk/discover/dino-directory/chungkingosaurus.html,Natural History Museum,4.0m,https://www.nhm.ac.uk/discover/dino-directory/_next/image?url=https%3A%2F%2Fwww.nhm.ac.uk%2Fresources%2Fnature-online%2Flife%2Fdinosaurs%2Fdinosaur-directory%2Fimages%2Freconstruction%2Fsmall%2FChungkingosaurus.jpg&w=828&q=75,oklch(72.3% 0.219 149.579),,
1765016523-8,dinosaurs-herbivorous,range,Yingshanosaurus,Yingshanosaurus,-159000000,-142000000,https://fr.wikipedia.org/wiki/Yingshanosaurus,https://en.wikipedia.org/wiki/Yingshanosaurus,https://www.nhm.ac.uk/discover/dino-directory/yingshanosaurus.html,Natural History Museum,,https://www.nhm.ac.uk/discover/dino-directory/_next/image?url=https%3A%2F%2Fwww.nhm.ac.uk%2Fresources%2Fnature-online%2Flife%2Fdinosaurs%2Fdinosaur-directory%2Fimages%2Freconstruction%2Fsmall%2FYingshanosaurus.jpg&w=828&q=75,oklch(72.3% 0.219 149.579),,
1765016521-7,dinosaurs-herbivorous,range,Yinlong,Yinlong,-159000000,-154000000,https://fr.wikipedia.org/wiki/Yinlong,https://en.wikipedia.org/wiki/Yinlong,https://www.nhm.ac.uk/discover/dino-directory/yinlong.html,Natural History Museum,1.2m,https://www.nhm.ac.uk/discover/dino-directory/_next/image?url=https%3A%2F%2Fwww.nhm.ac.uk%2Fresources%2Fnature-online%2Flife%2Fdinosaurs%2Fdinosaur-directory%2Fimages%2Freconstruction%2Fsmall%2FYinlong.jpg&w=828&q=75,oklch(72.3% 0.219 149.579),,
1765016551-22,dinosaurs-herbivorous,range,Tuojiangosaurus,Tuojiangosaurus,-157000000,-154000000,https://fr.wikipedia.org/wiki/Tuojiangosaurus,https://en.wikipedia.org/wiki/Tuojiangosaurus,https://www.nhm.ac.uk/discover/dino-directory/tuojiangosaurus.html,Natural History Museum,7.0m,https://www.nhm.ac.uk/discover/dino-directory/_next/image?url=https%3A%2F%2Fwww.nhm.ac.uk%2Fresources%2Fnature-online%2Flife%2Fdinosaurs%2Fdinosaur-directory%2Fimages%2Freconstruction%2Fsmall%2Ftuojiang.jpg&w=828&q=75,oklch(72.3% 0.219 149.579),,
1765017080-282,dinosaurs-herbivorous,range,Barosaurus,Barosaurus,-155000000,-145000000,https://fr.wikipedia.org/wiki/Barosaurus,https://en.wikipedia.org/wiki/Barosaurus,https://www.nhm.ac.uk/discover/dino-directory/barosaurus.html,Natural History Museum,24.0m,https://www.nhm.ac.uk/discover/dino-directory/_next/image?url=https%3A%2F%2Fwww.nhm.ac.uk%2Fresources%2Fnature-online%2Flife%2Fdinosaurs%2Fdinosaur-directory%2Fimages%2Freconstruction%2Fsmall%2Fbaro.jpg&w=828&q=75,oklch(72.3% 0.219 149.579),,
1765017057-271,dinosaurs-herbivorous,range,Camptosaurus,Camptosaurus,-155000000,-145000000,https://fr.wikipedia.org/wiki/Camptosaurus,https://en.wikipedia.org/wiki/Camptosaurus,https://www.nhm.ac.uk/discover/dino-directory/camptosaurus.html,Natural History Museum,5.0m,https://www.nhm.ac.uk/discover/dino-directory/_next/image?url=https%3A%2F%2Fwww.nhm.ac.uk%2Fresources%2Fnature-online%2Flife%2Fdinosaurs%2Fdinosaur-directory%2Fimages%2Freconstruction%2Fsmall%2Fcampto.jpg&w=828&q=75,oklch(72.3% 0.219 149.579),,
1765016978-232,dinosaurs-herbivorous,range,Dryosaurus,Dryosaurus,-155000000,-140000000,https://fr.wikipedia.org/wiki/Dryosaurus,https://en.wikipedia.org/wiki/Dryosaurus,https://www.nhm.ac.uk/discover/dino-directory/dryosaurus.html,Natural History Museum,4.0m,https://www.nhm.ac.uk/discover/dino-directory/_next/image?url=https%3A%2F%2Fwww.nhm.ac.uk%2Fresources%2Fnature-online%2Flife%2Fdinosaurs%2Fdinosaur-directory%2Fimages%2Freconstruction%2Fsmall%2Fdryo.jpg&w=828&q=75,oklch(72.3% 0.219 149.579),,
1765016854-171,dinosaurs-herbivorous,range,Kentrosaurus,Kentrosaurus,-155000000,-150000000,https://fr.wikipedia.org/wiki/Kentrosaurus,https://en.wikipedia.org/wiki/Kentrosaurus,https://www.nhm.ac.uk/discover/dino-directory/kentrosaurus.html,Natural History Museum,5.0m,https://www.nhm.ac.uk/discover/dino-directory/_next/image?url=https%3A%2F%2Fwww.nhm.ac.uk%2Fresources%2Fnature-online%2Flife%2Fdinosaurs%2Fdinosaur-directory%2Fimages%2Freconstruction%2Fsmall%2Fkentro.jpg&w=828&q=75,oklch(72.3% 0.219 149.579),,
1765016809-149,dinosaurs-herbivorous,range,Mamenchisaurus,Mamenchisaurus,-155000000,-145000000,https://fr.wikipedia.org/wiki/Mamenchisaurus,https://en.wikipedia.org/wiki/Mamenchisaurus,https://www.nhm.ac.uk/discover/dino-directory/mamenchisaurus.html,Natural History Museum,22.0m,https://www.nhm.ac.uk/discover/dino-directory/_next/image?url=https%3A%2F%2Fwww.nhm.ac.uk%2Fresources%2Fnature-online%2Flife%2Fdinosaurs%2Fdinosaur-directory%2Fimages%2Freconstruction%2Fsmall%2Fmamench.jpg&w=828&q=75,oklch(72.3% 0.219 149.579),,
1765017004-245,dinosaurs-herbivorous,range,Dacentrurus,Dacentrurus,-154000000,-150000000,https://fr.wikipedia.org/wiki/Dacentrurus,https://en.wikipedia.org/wiki/Dacentrurus,https://www.nhm.ac.uk/discover/dino-directory/dacentrurus.html,Natural History Museum,6.0m,https://www.nhm.ac.uk/discover/dino-directory/_next/image?url=https%3A%2F%2Fwww.nhm.ac.uk%2Fresources%2Fnature-online%2Flife%2Fdinosaurs%2Fdinosaur-directory%2Fimages%2Freconstruction%2Fsmall%2Fdacentr.jpg&w=828&q=75,oklch(72.3% 0.219 149.579),,
1765016947-217,dinosaurs-herbivorous,range,Euhelopus,Euhelopus,-154000000,-142000000,https://fr.wikipedia.org/wiki/Euhelopus,https://en.wikipedia.org/wiki/Euhelopus,https://www.nhm.ac.uk/discover/dino-directory/euhelopus.html,Natural History Museum,10.0m,https://www.nhm.ac.uk/discover/dino-directory/_next/image?url=https%3A%2F%2Fwww.nhm.ac.uk%2Fresources%2Fnature-online%2Flife%2Fdinosaurs%2Fdinosaur-directory%2Fimages%2Freconstruction%2Fsmall%2FEuhelopus.jpg&w=828&q=75,oklch(72.3% 0.219 149.579),,
1765016943-215,dinosaurs-herbivorous,range,Europasaurus,Europasaurus,-154000000,-151000000,https://fr.wikipedia.org/wiki/Europasaurus,https://en.wikipedia.org/wiki/Europasaurus,https://www.nhm.ac.uk/discover/dino-directory/europasaurus.html,Natural History Museum,6.2m,https://www.nhm.ac.uk/discover/dino-directory/_next/image?url=https%3A%2F%2Fwww.nhm.ac.uk%2Fresources%2Fnature-online%2Flife%2Fdinosaurs%2Fdinosaur-directory%2Fimages%2Freconstruction%2Fsmall%2FEuropasaurus.jpg&w=828&q=75,oklch(72.3% 0.219 149.579),,
1765016933-210,dinosaurs-herbivorous,range,Gargoyleosaurus,Gargoyleosaurus,-154000000,-142000000,https://fr.wikipedia.org/wiki/Gargoyleosaurus,https://en.wikipedia.org/wiki/Gargoyleosaurus,https://www.nhm.ac.uk/discover/dino-directory/gargoyleosaurus.html,Natural History Museum,4.0m,https://www.nhm.ac.uk/discover/dino-directory/_next/image?url=https%3A%2F%2Fwww.nhm.ac.uk%2Fresources%2Fnature-online%2Flife%2Fdinosaurs%2Fdinosaur-directory%2Fimages%2Freconstruction%2Fsmall%2FGargoyleosaurus.jpg&w=828&q=75,oklch(72.3% 0.219 149.579),,
1765016917-202,dinosaurs-herbivorous,range,Giraffatitan,Giraffatitan,-154000000,-142000000,https://fr.wikipedia.org/wiki/Giraffatitan,https://en.wikipedia.org/wiki/Giraffatitan,https://www.nhm.ac.uk/discover/dino-directory/giraffatitan.html,Natural History Museum,23.0m,https://www.nhm.ac.uk/discover/dino-directory/_next/image?url=https%3A%2F%2Fwww.nhm.ac.uk%2Fresources%2Fnature-online%2Flife%2Fdinosaurs%2Fdinosaur-directory%2Fimages%2Freconstruction%2Fsmall%2FGiraffatitan.jpg&w=828&q=75,oklch(72.3% 0.219 149.579),,
1765016897-192,dinosaurs-herbivorous,range,Haplocanthosaurus,Haplocanthosaurus,-154000000,-142000000,https://fr.wikipedia.org/wiki/Haplocanthosaurus,https://en.wikipedia.org/wiki/Haplocanthosaurus,https://www.nhm.ac.uk/discover/dino-directory/haplocanthosaurus.html,Natural History Museum,21.5m,https://www.nhm.ac.uk/discover/dino-directory/_next/image?url=https%3A%2F%2Fwww.nhm.ac.uk%2Fresources%2Fnature-online%2Flife%2Fdinosaurs%2Fdinosaur-directory%2Fimages%2Freconstruction%2Fsmall%2FHaplocanthosaurus.jpg&w=828&q=75,oklch(72.3% 0.219 149.579),,
1765016891-189,dinosaurs-herbivorous,range,Hesperosaurus,Hesperosaurus,-154000000,-142000000,https://fr.wikipedia.org/wiki/Hesperosaurus,https://en.wikipedia.org/wiki/Hesperosaurus,https://www.nhm.ac.uk/discover/dino-directory/hesperosaurus.html,Natural History Museum,6.0m,https://www.nhm.ac.uk/discover/dino-directory/_next/image?url=https%3A%2F%2Fwww.nhm.ac.uk%2Fresources%2Fnature-online%2Flife%2Fdinosaurs%2Fdinosaur-directory%2Fimages%2Freconstruction%2Fsmall%2FHesperosaurus.jpg&w=828&q=75,oklch(72.3% 0.219 149.579),,
1765016866-177,dinosaurs-herbivorous,range,Janenschia,Janenschia,-154000000,-151000000,https://fr.wikipedia.org/wiki/Janenschia,https://en.wikipedia.org/wiki/Janenschia,https://www.nhm.ac.uk/discover/dino-directory/janenschia.html,Natural History Museum,20.0m,https://www.nhm.ac.uk/discover/dino-directory/_next/image?url=https%3A%2F%2Fwww.nhm.ac.uk%2Fresources%2Fnature-online%2Flife%2Fdinosaurs%2Fdinosaur-directory%2Fimages%2Freconstruction%2Fsmall%2FJanenschia.jpg&w=828&q=75,oklch(72.3% 0.219 149.579),,
1765016738-114,dinosaurs-herbivorous,range,Othnielia,Othnielia,-154000000,-142000000,https://fr.wikipedia.org/wiki/Othnielia,https://en.wikipedia.org/wiki/Othnielia,https://www.nhm.ac.uk/discover/dino-directory/othnielia.html,Natural History Museum,1.4m,https://www.nhm.ac.uk/discover/dino-directory/_next/image?url=https%3A%2F%2Fwww.nhm.ac.uk%2Fresources%2Fnature-online%2Flife%2Fdinosaurs%2Fdinosaur-directory%2Fimages%2Freconstruction%2Fsmall%2FOthnielia.jpg&w=828&q=75,oklch(72.3% 0.219 149.579),,
1765016584-38,dinosaurs-herbivorous,range,Supersaurus,Supersaurus,-154000000,-142000000,https://fr.wikipedia.org/wiki/Supersaurus,https://en.wikipedia.org/wiki/Supersaurus,https://www.nhm.ac.uk/discover/dino-directory/supersaurus.html,Natural History Museum,35.0m,https://www.nhm.ac.uk/discover/dino-directory/_next/image?url=https%3A%2F%2Fwww.nhm.ac.uk%2Fresources%2Fnature-online%2Flife%2Fdinosaurs%2Fdinosaur-directory%2Fimages%2Freconstruction%2Fsmall%2FSupersaurus.jpg&w=828&q=75,oklch(72.3% 0.219 149.579),,
1765017118-301,dinosaurs-herbivorous,range,Apatosaurus,Apatosaurus,-152000000,-145000000,https://fr.wikipedia.org/wiki/Apatosaurus,https://en.wikipedia.org/wiki/Apatosaurus,https://www.nhm.ac.uk/discover/dino-directory/apatosaurus.html,Natural History Museum,21.0m,https://www.nhm.ac.uk/discover/dino-directory/_next/image?url=https%3A%2F%2Fwww.nhm.ac.uk%2Fresources%2Fnature-online%2Flife%2Fdinosaurs%2Fdinosaur-directory%2Fimages%2Freconstruction%2Fsmall%2Fapatosaurus-art.jpg&w=828&q=75,oklch(72.3% 0.219 149.579),,
1765017067-276,dinosaurs-herbivorous,range,Brachiosaurus,Brachiosaurus,-152000000,-145000000,https://fr.wikipedia.org/wiki/Brachiosaurus,https://en.wikipedia.org/wiki/Brachiosaurus,https://www.nhm.ac.uk/discover/dino-directory/brachiosaurus.html,Natural History Museum,22.0m,https://www.nhm.ac.uk/discover/dino-directory/_next/image?url=https%3A%2F%2Fwww.nhm.ac.uk%2Fresources%2Fnature-online%2Flife%2Fdinosaurs%2Fdinosaur-directory%2Fimages%2Freconstruction%2Fsmall%2Fbrachiosaurus-ml.jpg&w=828&q=75,oklch(72.3% 0.219 149.579),,
1765017039-262,dinosaurs-herbivorous,range,Chaoyangsaurus,Chaoyangsaurus,-152000000,-145000000,https://fr.wikipedia.org/wiki/Chaoyangsaurus,https://en.wikipedia.org/wiki/Chaoyangsaurus,https://www.nhm.ac.uk/discover/dino-directory/chaoyangsaurus.html,Natural History Museum,1.1m,https://www.nhm.ac.uk/discover/dino-directory/_next/image?url=https%3A%2F%2Fwww.nhm.ac.uk%2Fresources%2Fnature-online%2Flife%2Fdinosaurs%2Fdinosaur-directory%2Fimages%2Freconstruction%2Fsmall%2FChaoyangsaurus.jpg&w=828&q=75,oklch(72.3% 0.219 149.579),,
1765016988-237,dinosaurs-herbivorous,range,Diplodocus,Diplodocus,-152000000,-145000000,https://fr.wikipedia.org/wiki/Diplodocus,https://en.wikipedia.org/wiki/Diplodocus,https://www.nhm.ac.uk/discover/dino-directory/diplodocus.html,Natural History Museum,26.0m,https://www.nhm.ac.uk/discover/dino-directory/_next/image?url=https%3A%2F%2Fwww.nhm.ac.uk%2Fresources%2Fnature-online%2Flife%2Fdinosaurs%2Fdinosaur-directory%2Fimages%2Freconstruction%2Fsmall%2Fdiplodocus.jpg&w=828&q=75,oklch(72.3% 0.219 149.579),,
1765016962-224,dinosaurs-herbivorous,range,Enigmacursor,Enigmacursor,-152000000,-145000000,https://fr.wikipedia.org/wiki/Enigmacursor,https://en.wikipedia.org/wiki/Enigmacursor,https://www.nhm.ac.uk/discover/dino-directory/enigmacursor.html,Natural History Museum,1.8m,https://www.nhm.ac.uk/discover/dino-directory/_next/image?url=https%3A%2F%2Fwww.nhm.ac.uk%2Fresources%2Fnature-online%2Flife%2Fdinosaurs%2Fdinosaur-directory%2Fimages%2Freconstruction%2Fsmall%2Fenigmacursor-ml.jpg&w=828&q=75,oklch(72.3% 0.219 149.579),,
1765016600-46,dinosaurs-herbivorous,range,Stegosaurus,Stegosaurus,-152000000,-145000000,https://fr.wikipedia.org/wiki/Stegosaurus,https://en.wikipedia.org/wiki/Stegosaurus,https://www.nhm.ac.uk/discover/dino-directory/stegosaurus.html,Natural History Museum,9.0m,https://www.nhm.ac.uk/discover/dino-directory/_next/image?url=https%3A%2F%2Fwww.nhm.ac.uk%2Fresources%2Fnature-online%2Flife%2Fdinosaurs%2Fdinosaur-directory%2Fimages%2Freconstruction%2Fsmall%2Fstego.jpg&w=828&q=75,oklch(72.3% 0.219 149.579),,
1765017063-274,dinosaurs-herbivorous,range,Brachytrachelopan,Brachytrachelopan,-150000000,-149000000,https://fr.wikipedia.org/wiki/Brachytrachelopan,https://en.wikipedia.org/wiki/Brachytrachelopan,https://www.nhm.ac.uk/discover/dino-directory/brachytrachelopan.html,Natural History Museum,10.0m,https://www.nhm.ac.uk/discover/dino-directory/_next/image?url=https%3A%2F%2Fwww.nhm.ac.uk%2Fresources%2Fnature-online%2Flife%2Fdinosaurs%2Fdinosaur-directory%2Fimages%2Freconstruction%2Fsmall%2FBrachytrachelopan.jpg&w=828&q=75,oklch(72.3% 0.219 149.579),,
1765017059-272,dinosaurs-herbivorous,range,Camarasaurus,Camarasaurus,-150000000,-140000000,https://fr.wikipedia.org/wiki/Camarasaurus,https://en.wikipedia.org/wiki/Camarasaurus,https://www.nhm.ac.uk/discover/dino-directory/camarasaurus.html,Natural History Museum,23.0m,https://www.nhm.ac.uk/discover/dino-directory/_next/image?url=https%3A%2F%2Fwww.nhm.ac.uk%2Fresources%2Fnature-online%2Flife%2Fdinosaurs%2Fdinosaur-directory%2Fimages%2Freconstruction%2Fsmall%2Fcamara.jpg&w=828&q=75,oklch(72.3% 0.219 149.579),,
1765016992-239,dinosaurs-herbivorous,range,Dicraeosaurus,Dicraeosaurus,-150000000,-135000000,https://fr.wikipedia.org/wiki/Dicraeosaurus,https://en.wikipedia.org/wiki/Dicraeosaurus,https://www.nhm.ac.uk/discover/dino-directory/dicraeosaurus.html,Natural History Museum,20.0m,https://www.nhm.ac.uk/discover/dino-directory/_next/image?url=https%3A%2F%2Fwww.nhm.ac.uk%2Fresources%2Fnature-online%2Flife%2Fdinosaurs%2Fdinosaur-directory%2Fimages%2Freconstruction%2Fsmall%2FDicraeosaurus.jpg&w=828&q=75,oklch(72.3% 0.219 149.579),,
1765016880-184,dinosaurs-herbivorous,range,Hylaeosaurus,Hylaeosaurus,-150000000,-135000000,https://fr.wikipedia.org/wiki/Hylaeosaurus,https://en.wikipedia.org/wiki/Hylaeosaurus,https://www.nhm.ac.uk/discover/dino-directory/hylaeosaurus.html,Natural History Museum,5.0m,https://www.nhm.ac.uk/discover/dino-directory/_next/image?url=https%3A%2F%2Fwww.nhm.ac.uk%2Fresources%2Fnature-online%2Flife%2Fdinosaurs%2Fdinosaur-directory%2Fimages%2Freconstruction%2Fsmall%2Fhylaeo.jpg&w=828&q=75,oklch(72.3% 0.219 149.579),,
1765016821-155,dinosaurs-herbivorous,range,Lusotitan,Lusotitan,-150000000,-143000000,https://fr.wikipedia.org/wiki/Lusotitan,https://en.wikipedia.org/wiki/Lusotitan,https://www.nhm.ac.uk/discover/dino-directory/lusotitan.html,Natural History Museum,21.0m,https://www.nhm.ac.uk/discover/dino-directory/_next/image?url=https%3A%2F%2Fwww.nhm.ac.uk%2Fresources%2Fnature-online%2Flife%2Fdinosaurs%2Fdinosaur-directory%2Fimages%2Freconstruction%2Fsmall%2Flusotitan-ml.jpg&w=828&q=75,oklch(72.3% 0.219 149.579),,
1765017049-267,dinosaurs-herbivorous,range,Cedarpelta,Cedarpelta,-142000000,-127000000,https://fr.wikipedia.org/wiki/Cedarpelta,https://en.wikipedia.org/wiki/Cedarpelta,https://www.nhm.ac.uk/discover/dino-directory/cedarpelta.html,Natural History Museum,10.0m,https://www.nhm.ac.uk/discover/dino-directory/_next/image?url=https%3A%2F%2Fwww.nhm.ac.uk%2Fresources%2Fnature-online%2Flife%2Fdinosaurs%2Fdinosaur-directory%2Fimages%2Freconstruction%2Fsmall%2FCedarpelta.jpg&w=828&q=75,oklch(72.3% 0.219 149.579),,
1765016925-206,dinosaurs-herbivorous,range,Gastonia,Gastonia,-142000000,-127000000,https://fr.wikipedia.org/wiki/Gastonia,https://en.wikipedia.org/wiki/Gastonia,https://www.nhm.ac.uk/discover/dino-directory/gastonia.html,Natural History Museum,4.6m,https://www.nhm.ac.uk/discover/dino-directory/_next/image?url=https%3A%2F%2Fwww.nhm.ac.uk%2Fresources%2Fnature-online%2Flife%2Fdinosaurs%2Fdinosaur-directory%2Fimages%2Freconstruction%2Fsmall%2FGastonia.jpg&w=828&q=75,oklch(72.3% 0.219 149.579),,
1765016535-14,dinosaurs-herbivorous,range,Valdosaurus,Valdosaurus,-142000000,-121000000,https://fr.wikipedia.org/wiki/Valdosaurus,https://en.wikipedia.org/wiki/Valdosaurus,https://www.nhm.ac.uk/discover/dino-directory/valdosaurus.html,Natural History Museum,3.0m,https://www.nhm.ac.uk/discover/dino-directory/_next/image?url=https%3A%2F%2Fwww.nhm.ac.uk%2Fresources%2Fnature-online%2Flife%2Fdinosaurs%2Fdinosaur-directory%2Fimages%2Freconstruction%2Fsmall%2FValdosaurus.jpg&w=828&q=75,oklch(72.3% 0.219 149.579),,
1765016874-181,dinosaurs-herbivorous,range,Iguanodon,Iguanodon,-140000000,-110000000,https://fr.wikipedia.org/wiki/Iguanodon,https://en.wikipedia.org/wiki/Iguanodon,https://www.nhm.ac.uk/discover/dino-directory/iguanodon.html,Natural History Museum,10.0m,https://www.nhm.ac.uk/discover/dino-directory/_next/image?url=https%3A%2F%2Fwww.nhm.ac.uk%2Fresources%2Fnature-online%2Flife%2Fdinosaurs%2Fdinosaur-directory%2Fimages%2Freconstruction%2Fsmall%2Figuano.jpg&w=828&q=75,oklch(72.3% 0.219 149.579),,
1765017138-311,dinosaurs-herbivorous,range,Amargasaurus,Amargasaurus,-132000000,-127000000,https://fr.wikipedia.org/wiki/Amargasaurus,https://en.wikipedia.org/wiki/Amargasaurus,https://www.nhm.ac.uk/discover/dino-directory/amargasaurus.html,Natural History Museum,12.0m,https://www.nhm.ac.uk/discover/dino-directory/_next/image?url=https%3A%2F%2Fwww.nhm.ac.uk%2Fresources%2Fnature-online%2Flife%2Fdinosaurs%2Fdinosaur-directory%2Fimages%2Freconstruction%2Fsmall%2FAmargasaurus.jpg&w=828&q=75,oklch(72.3% 0.219 149.579),,
1765017114-299,dinosaurs-herbivorous,range,Aragosaurus,Aragosaurus,-132000000,-121000000,https://fr.wikipedia.org/wiki/Aragosaurus,https://en.wikipedia.org/wiki/Aragosaurus,https://www.nhm.ac.uk/discover/dino-directory/aragosaurus.html,Natural History Museum,18.0m,https://www.nhm.ac.uk/discover/dino-directory/_next/image?url=https%3A%2F%2Fwww.nhm.ac.uk%2Fresources%2Fnature-online%2Flife%2Fdinosaurs%2Fdinosaur-directory%2Fimages%2Freconstruction%2Fsmall%2FAragosaurus.jpg&w=828&q=75,oklch(72.3% 0.219 149.579),,
1765016858-173,dinosaurs-herbivorous,range,Jobaria,Jobaria,-132000000,-94000000,https://fr.wikipedia.org/wiki/Jobaria,https://en.wikipedia.org/wiki/Jobaria,https://www.nhm.ac.uk/discover/dino-directory/jobaria.html,Natural History Museum,21.0m,https://www.nhm.ac.uk/discover/dino-directory/_next/image?url=https%3A%2F%2Fwww.nhm.ac.uk%2Fresources%2Fnature-online%2Flife%2Fdinosaurs%2Fdinosaur-directory%2Fimages%2Freconstruction%2Fsmall%2FJobaria.jpg&w=828&q=75,oklch(72.3% 0.219 149.579),,
1765016876-182,dinosaurs-herbivorous,range,Hypsilophodon,Hypsilophodon,-130000000,-125000000,https://fr.wikipedia.org/wiki/Hypsilophodon,https://en.wikipedia.org/wiki/Hypsilophodon,https://www.nhm.ac.uk/discover/dino-directory/hypsilophodon.html,Natural History Museum,2.0m,https://www.nhm.ac.uk/discover/dino-directory/_next/image?url=https%3A%2F%2Fwww.nhm.ac.uk%2Fresources%2Fnature-online%2Flife%2Fdinosaurs%2Fdinosaur-directory%2Fimages%2Freconstruction%2Fsmall%2Fhypsilophodon.jpg&w=828&q=75,oklch(72.3% 0.219 149.579),,
1765016954-220,dinosaurs-herbivorous,range,Equijubus,Equijubus,-127000000,-99000000,https://fr.wikipedia.org/wiki/Equijubus,https://en.wikipedia.org/wiki/Equijubus,https://www.nhm.ac.uk/discover/dino-directory/equijubus.html,Natural History Museum,,https://www.nhm.ac.uk/discover/dino-directory/_next/image?url=https%3A%2F%2Fwww.nhm.ac.uk%2Fresources%2Fnature-online%2Flife%2Fdinosaurs%2Fdinosaur-directory%2Fimages%2Freconstruction%2Fsmall%2FEquijubus.jpg&w=828&q=75,oklch(72.3% 0.219 149.579),,
1765016860-174,dinosaurs-herbivorous,range,Jinzhousaurus,Jinzhousaurus,-127000000,-121000000,https://fr.wikipedia.org/wiki/Jinzhousaurus,https://en.wikipedia.org/wiki/Jinzhousaurus,https://www.nhm.ac.uk/discover/dino-directory/jinzhousaurus.html,Natural History Museum,,https://www.nhm.ac.uk/discover/dino-directory/_next/image?url=https%3A%2F%2Fwww.nhm.ac.uk%2Fresources%2Fnature-online%2Flife%2Fdinosaurs%2Fdinosaur-directory%2Fimages%2Freconstruction%2Fsmall%2FJinzhousaurus.jpg&w=828&q=75,oklch(72.3% 0.219 149.579),,
1765016836-162,dinosaurs-herbivorous,range,Liaoceratops,Liaoceratops,-127000000,-121000000,https://fr.wikipedia.org/wiki/Liaoceratops,https://en.wikipedia.org/wiki/Liaoceratops,https://www.nhm.ac.uk/discover/dino-directory/liaoceratops.html,Natural History Museum,,https://www.nhm.ac.uk/discover/dino-directory/_next/image?url=https%3A%2F%2Fwww.nhm.ac.uk%2Fresources%2Fnature-online%2Flife%2Fdinosaurs%2Fdinosaur-directory%2Fimages%2Freconstruction%2Fsmall%2FLiaoceratops.jpg&w=828&q=75,oklch(72.3% 0.219 149.579),,
1765016596-44,dinosaurs-herbivorous,range,Stenopelix,Stenopelix,-127000000,-121000000,https://fr.wikipedia.org/wiki/Stenopelix,https://en.wikipedia.org/wiki/Stenopelix,https://www.nhm.ac.uk/discover/dino-directory/stenopelix.html,Natural History Museum,1.5m,https://www.nhm.ac.uk/discover/dino-directory/_next/image?url=https%3A%2F%2Fwww.nhm.ac.uk%2Fresources%2Fnature-online%2Flife%2Fdinosaurs%2Fdinosaur-directory%2Fimages%2Freconstruction%2Fsmall%2FStenopelix.jpg&w=828&q=75,oklch(72.3% 0.219 149.579),,
1765016712-101,dinosaurs-herbivorous,range,Pelorosaurus,Pelorosaurus,-125000000,-124000000,https://fr.wikipedia.org/wiki/Pelorosaurus,https://en.wikipedia.org/wiki/Pelorosaurus,https://www.nhm.ac.uk/discover/dino-directory/pelorosaurus.html,Natural History Museum,25.0m,https://www.nhm.ac.uk/discover/dino-directory/_next/image?url=https%3A%2F%2Fwww.nhm.ac.uk%2Fresources%2Fnature-online%2Flife%2Fdinosaurs%2Fdinosaur-directory%2Fimages%2Freconstruction%2Fsmall%2Fpelo.jpg&w=828&q=75,oklch(72.3% 0.219 149.579),,
1765016698-94,dinosaurs-herbivorous,range,Polacanthus,Polacanthus,-125000000,-124000000,https://fr.wikipedia.org/wiki/Polacanthus,https://en.wikipedia.org/wiki/Polacanthus,https://www.nhm.ac.uk/discover/dino-directory/polacanthus.html,Natural History Museum,5.0m,https://www.nhm.ac.uk/discover/dino-directory/_next/image?url=https%3A%2F%2Fwww.nhm.ac.uk%2Fresources%2Fnature-online%2Flife%2Fdinosaurs%2Fdinosaur-directory%2Fimages%2Freconstruction%2Fsmall%2Fpolac.jpg&w=828&q=75,oklch(72.3% 0.219 149.579),,
1765017110-297,dinosaurs-herbivorous,range,Archaeoceratops,Archaeoceratops,-121000000,-99000000,https://fr.wikipedia.org/wiki/Archaeoceratops,https://en.wikipedia.org/wiki/Archaeoceratops,https://www.nhm.ac.uk/discover/dino-directory/archaeoceratops.html,Natural History Museum,1.3m,https://www.nhm.ac.uk/discover/dino-directory/_next/image?url=https%3A%2F%2Fwww.nhm.ac.uk%2Fresources%2Fnature-online%2Flife%2Fdinosaurs%2Fdinosaur-directory%2Fimages%2Freconstruction%2Fsmall%2FArchaeoceratops.jpg&w=828&q=75,oklch(72.3% 0.219 149.579),,
1765017100-292,dinosaurs-herbivorous,range,Atlascopcosaurus,Atlascopcosaurus,-121000000,-97000000,https://fr.wikipedia.org/wiki/Atlascopcosaurus,https://en.wikipedia.org/wiki/Atlascopcosaurus,https://www.nhm.ac.uk/discover/dino-directory/atlascopcosaurus.html,Natural History Museum,3.0m,https://www.nhm.ac.uk/discover/dino-directory/_next/image?url=https%3A%2F%2Fwww.nhm.ac.uk%2Fresources%2Fnature-online%2Flife%2Fdinosaurs%2Fdinosaur-directory%2Fimages%2Freconstruction%2Fsmall%2FAtlascopcosaurus.jpg&w=828&q=75,oklch(72.3% 0.219 149.579),,
1765016937-212,dinosaurs-herbivorous,range,Fukuisaurus,Fukuisaurus,-121000000,-99000000,https://fr.wikipedia.org/wiki/Fukuisaurus,https://en.wikipedia.org/wiki/Fukuisaurus,https://www.nhm.ac.uk/discover/dino-directory/fukuisaurus.html,Natural History Museum,4.7m,https://www.nhm.ac.uk/discover/dino-directory/_next/image?url=https%3A%2F%2Fwww.nhm.ac.uk%2Fresources%2Fnature-online%2Flife%2Fdinosaurs%2Fdinosaur-directory%2Fimages%2Freconstruction%2Fsmall%2FFukuisaurus.jpg&w=828&q=75,oklch(72.3% 0.219 149.579),,
1765016915-201,dinosaurs-herbivorous,range,Gobisaurus,Gobisaurus,-121000000,-99000000,https://fr.wikipedia.org/wiki/Gobisaurus,https://en.wikipedia.org/wiki/Gobisaurus,https://www.nhm.ac.uk/discover/dino-directory/gobisaurus.html,Natural History Museum,5.0m,https://www.nhm.ac.uk/discover/dino-directory/_next/image?url=https%3A%2F%2Fwww.nhm.ac.uk%2Fresources%2Fnature-online%2Flife%2Fdinosaurs%2Fdinosaur-directory%2Fimages%2Freconstruction%2Fsmall%2FGobisaurus.jpg&w=828&q=75,oklch(72.3% 0.219 149.579),,
1765016834-161,dinosaurs-herbivorous,range,Ligabuesaurus,Ligabuesaurus,-121000000,-99000000,https://fr.wikipedia.org/wiki/Ligabuesaurus,https://en.wikipedia.org/wiki/Ligabuesaurus,https://www.nhm.ac.uk/discover/dino-directory/ligabuesaurus.html,Natural History Museum,24.0m,https://www.nhm.ac.uk/discover/dino-directory/_next/image?url=https%3A%2F%2Fwww.nhm.ac.uk%2Fresources%2Fnature-online%2Flife%2Fdinosaurs%2Fdinosaur-directory%2Fimages%2Freconstruction%2Fsmall%2FLigabuesaurus.jpg&w=828&q=75,oklch(72.3% 0.219 149.579),,
1765016824-156,dinosaurs-herbivorous,range,Lurdusaurus,Lurdusaurus,-121000000,-112000000,https://fr.wikipedia.org/wiki/Lurdusaurus,https://en.wikipedia.org/wiki/Lurdusaurus,https://www.nhm.ac.uk/discover/dino-directory/lurdusaurus.html,Natural History Museum,9.0m,https://www.nhm.ac.uk/discover/dino-directory/_next/image?url=https%3A%2F%2Fwww.nhm.ac.uk%2Fresources%2Fnature-online%2Flife%2Fdinosaurs%2Fdinosaur-directory%2Fimages%2Freconstruction%2Fsmall%2FLurdusaurus.jpg&w=828&q=75,oklch(72.3% 0.219 149.579),,
1765016811-150,dinosaurs-herbivorous,range,Malawisaurus,Malawisaurus,-121000000,-112000000,https://fr.wikipedia.org/wiki/Malawisaurus,https://en.wikipedia.org/wiki/Malawisaurus,https://www.nhm.ac.uk/discover/dino-directory/malawisaurus.html,Natural History Museum,9.0m,https://www.nhm.ac.uk/discover/dino-directory/_next/image?url=https%3A%2F%2Fwww.nhm.ac.uk%2Fresources%2Fnature-online%2Flife%2Fdinosaurs%2Fdinosaur-directory%2Fimages%2Freconstruction%2Fsmall%2FMalawisaurus.jpg&w=828&q=75,oklch(72.3% 0.219 149.579),,
1765016785-137,dinosaurs-herbivorous,range,Minmi,Minmi,-121000000,-112000000,https://fr.wikipedia.org/wiki/Minmi,https://en.wikipedia.org/wiki/Minmi,https://www.nhm.ac.uk/discover/dino-directory/minmi.html,Natural History Museum,3.0m,https://www.nhm.ac.uk/discover/dino-directory/_next/image?url=https%3A%2F%2Fwww.nhm.ac.uk%2Fresources%2Fnature-online%2Flife%2Fdinosaurs%2Fdinosaur-directory%2Fimages%2Freconstruction%2Fsmall%2FMinmi.jpg&w=828&q=75,oklch(72.3% 0.219 149.579),,
1765016765-127,dinosaurs-herbivorous,range,Nigersaurus,Nigersaurus,-121000000,-99000000,https://fr.wikipedia.org/wiki/Nigersaurus,https://en.wikipedia.org/wiki/Nigersaurus,https://www.nhm.ac.uk/discover/dino-directory/nigersaurus.html,Natural History Museum,15.0m,https://www.nhm.ac.uk/discover/dino-directory/_next/image?url=https%3A%2F%2Fwww.nhm.ac.uk%2Fresources%2Fnature-online%2Flife%2Fdinosaurs%2Fdinosaur-directory%2Fimages%2Freconstruction%2Fsmall%2FNigersaurus.jpg&w=828&q=75,oklch(72.3% 0.219 149.579),,
1765016694-92,dinosaurs-herbivorous,range,Probactrosaurus,Probactrosaurus,-121000000,-99000000,https://fr.wikipedia.org/wiki/Probactrosaurus,https://en.wikipedia.org/wiki/Probactrosaurus,https://www.nhm.ac.uk/discover/dino-directory/probactrosaurus.html,Natural History Museum,6.0m,https://www.nhm.ac.uk/discover/dino-directory/_next/image?url=https%3A%2F%2Fwww.nhm.ac.uk%2Fresources%2Fnature-online%2Flife%2Fdinosaurs%2Fdinosaur-directory%2Fimages%2Freconstruction%2Fsmall%2FProbactrosaurus.jpg&w=828&q=75,oklch(72.3% 0.219 149.579),,
1765016649-70,dinosaurs-herbivorous,range,Sauropelta,Sauropelta,-121000000,-94000000,https://fr.wikipedia.org/wiki/Sauropelta,https://en.wikipedia.org/wiki/Sauropelta,https://www.nhm.ac.uk/discover/dino-directory/sauropelta.html,Natural History Museum,6.5m,https://www.nhm.ac.uk/discover/dino-directory/_next/image?url=https%3A%2F%2Fwww.nhm.ac.uk%2Fresources%2Fnature-online%2Flife%2Fdinosaurs%2Fdinosaur-directory%2Fimages%2Freconstruction%2Fsmall%2FSauropelta.jpg&w=828&q=75,oklch(72.3% 0.219 149.579),,
1765016633-62,dinosaurs-herbivorous,range,Shamosaurus,Shamosaurus,-121000000,-99000000,https://fr.wikipedia.org/wiki/Shamosaurus,https://en.wikipedia.org/wiki/Shamosaurus,https://www.nhm.ac.uk/discover/dino-directory/shamosaurus.html,Natural History Museum,,https://www.nhm.ac.uk/discover/dino-directory/_next/image?url=https%3A%2F%2Fwww.nhm.ac.uk%2Fresources%2Fnature-online%2Flife%2Fdinosaurs%2Fdinosaur-directory%2Fimages%2Freconstruction%2Fsmall%2FShamosaurus.jpg&w=828&q=75,oklch(72.3% 0.219 149.579),,
1765016622-57,dinosaurs-herbivorous,range,Silvisaurus,Silvisaurus,-121000000,-112000000,https://fr.wikipedia.org/wiki/Silvisaurus,https://en.wikipedia.org/wiki/Silvisaurus,https://www.nhm.ac.uk/discover/dino-directory/silvisaurus.html,Natural History Museum,4.0m,https://www.nhm.ac.uk/discover/dino-directory/_next/image?url=https%3A%2F%2Fwww.nhm.ac.uk%2Fresources%2Fnature-online%2Flife%2Fdinosaurs%2Fdinosaur-directory%2Fimages%2Freconstruction%2Fsmall%2FSilvisaurus.jpg&w=828&q=75,oklch(72.3% 0.219 149.579),,
1765016679-85,dinosaurs-herbivorous,range,Psittacosaurus,Psittacosaurus,-120000000,-100000000,https://fr.wikipedia.org/wiki/Psittacosaurus,https://en.wikipedia.org/wiki/Psittacosaurus,https://www.nhm.ac.uk/discover/dino-directory/psittacosaurus.html,Natural History Museum,2.0m,https://www.nhm.ac.uk/discover/dino-directory/_next/image?url=https%3A%2F%2Fwww.nhm.ac.uk%2Fresources%2Fnature-online%2Flife%2Fdinosaurs%2Fdinosaur-directory%2Fimages%2Freconstruction%2Fsmall%2Fpsittaco.jpg&w=828&q=75,oklch(72.3% 0.219 149.579),,
1765016572-32,dinosaurs-herbivorous,range,Tenontosaurus,Tenontosaurus,-120000000,-110000000,https://fr.wikipedia.org/wiki/Tenontosaurus,https://en.wikipedia.org/wiki/Tenontosaurus,https://www.nhm.ac.uk/discover/dino-directory/tenontosaurus.html,Natural History Museum,7.0m,https://www.nhm.ac.uk/discover/dino-directory/_next/image?url=https%3A%2F%2Fwww.nhm.ac.uk%2Fresources%2Fnature-online%2Flife%2Fdinosaurs%2Fdinosaur-directory%2Fimages%2Freconstruction%2Fsmall%2Ftenonto.jpg&w=828&q=75,oklch(72.3% 0.219 149.579),,
1765016511-2,dinosaurs-herbivorous,range,Zephyrosaurus,Zephyrosaurus,-120000000,-110000000,https://fr.wikipedia.org/wiki/Zephyrosaurus,https://en.wikipedia.org/wiki/Zephyrosaurus,https://www.nhm.ac.uk/discover/dino-directory/zephyrosaurus.html,Natural History Museum,1.8m,https://www.nhm.ac.uk/discover/dino-directory/_next/image?url=https%3A%2F%2Fwww.nhm.ac.uk%2Fresources%2Fnature-online%2Flife%2Fdinosaurs%2Fdinosaur-directory%2Fimages%2Freconstruction%2Fsmall%2Fzephyro.jpg&w=828&q=75,oklch(72.3% 0.219 149.579),,
1765016842-165,dinosaurs-herbivorous,range,Leaellynasaura,Leaellynasaura,-115000000,-110000000,https://fr.wikipedia.org/wiki/Leaellynasaura,https://en.wikipedia.org/wiki/Leaellynasaura,https://www.nhm.ac.uk/discover/dino-directory/leaellynasaura.html,Natural History Museum,2.0m,https://www.nhm.ac.uk/discover/dino-directory/_next/image?url=https%3A%2F%2Fwww.nhm.ac.uk%2Fresources%2Fnature-online%2Flife%2Fdinosaurs%2Fdinosaur-directory%2Fimages%2Freconstruction%2Fsmall%2FLeaellynasaura.jpg&w=828&q=75,oklch(72.3% 0.219 149.579),,
1765016736-113,dinosaurs-herbivorous,range,Ouranosaurus,Ouranosaurus,-115000000,-100000000,https://fr.wikipedia.org/wiki/Ouranosaurus,https://en.wikipedia.org/wiki/Ouranosaurus,https://www.nhm.ac.uk/discover/dino-directory/ouranosaurus.html,Natural History Museum,7.0m,https://www.nhm.ac.uk/discover/dino-directory/_next/image?url=https%3A%2F%2Fwww.nhm.ac.uk%2Fresources%2Fnature-online%2Flife%2Fdinosaurs%2Fdinosaur-directory%2Fimages%2Freconstruction%2Fsmall%2Fourano.jpg&w=828&q=75,oklch(72.3% 0.219 149.579),,
1765017094-289,dinosaurs-herbivorous,range,Austrosaurus,Austrosaurus,-112000000,-99000000,https://fr.wikipedia.org/wiki/Austrosaurus,https://en.wikipedia.org/wiki/Austrosaurus,https://www.nhm.ac.uk/discover/dino-directory/austrosaurus.html,Natural History Museum,15.0m,https://www.nhm.ac.uk/discover/dino-directory/_next/image?url=https%3A%2F%2Fwww.nhm.ac.uk%2Fresources%2Fnature-online%2Flife%2Fdinosaurs%2Fdinosaur-directory%2Fimages%2Freconstruction%2Fsmall%2FAustrosaurus.jpg&w=828&q=75,oklch(72.3% 0.219 149.579),,
1765017029-257,dinosaurs-herbivorous,range,Chubutisaurus,Chubutisaurus,-112000000,-99000000,https://fr.wikipedia.org/wiki/Chubutisaurus,https://en.wikipedia.org/wiki/Chubutisaurus,https://www.nhm.ac.uk/discover/dino-directory/chubutisaurus.html,Natural History Museum,23.0m,https://www.nhm.ac.uk/discover/dino-directory/_next/image?url=https%3A%2F%2Fwww.nhm.ac.uk%2Fresources%2Fnature-online%2Flife%2Fdinosaurs%2Fdinosaur-directory%2Fimages%2Freconstruction%2Fsmall%2FChubutisaurus.jpg&w=828&q=75,oklch(72.3% 0.219 149.579),,
1765016669-80,dinosaurs-herbivorous,range,Rebbachisaurus,Rebbachisaurus,-112000000,-99000000,https://fr.wikipedia.org/wiki/Rebbachisaurus,https://en.wikipedia.org/wiki/Rebbachisaurus,https://www.nhm.ac.uk/discover/dino-directory/rebbachisaurus.html,Natural History Museum,20.0m,https://www.nhm.ac.uk/discover/dino-directory/_next/image?url=https%3A%2F%2Fwww.nhm.ac.uk%2Fresources%2Fnature-online%2Flife%2Fdinosaurs%2Fdinosaur-directory%2Fimages%2Freconstruction%2Fsmall%2FRebbachisaurus.jpg&w=828&q=75,oklch(72.3% 0.219 149.579),,
1765016777-133,dinosaurs-herbivorous,range,Muttaburrasaurus,Muttaburrasaurus,-110000000,-100000000,https://fr.wikipedia.org/wiki/Muttaburrasaurus,https://en.wikipedia.org/wiki/Muttaburrasaurus,https://www.nhm.ac.uk/discover/dino-directory/muttaburrasaurus.html,Natural History Museum,7.0m,https://www.nhm.ac.uk/discover/dino-directory/_next/image?url=https%3A%2F%2Fwww.nhm.ac.uk%2Fresources%2Fnature-online%2Flife%2Fdinosaurs%2Fdinosaur-directory%2Fimages%2Freconstruction%2Fsmall%2Fmuttab.jpg&w=828&q=75,oklch(72.3% 0.219 149.579),,
1765016758-124,dinosaurs-herbivorous,range,Nodosaurus,Nodosaurus,-110000000,-100000000,https://fr.wikipedia.org/wiki/Nodosaurus,https://en.wikipedia.org/wiki/Nodosaurus,https://www.nhm.ac.uk/discover/dino-directory/nodosaurus.html,Natural History Museum,5.0m,https://www.nhm.ac.uk/discover/dino-directory/_next/image?url=https%3A%2F%2Fwww.nhm.ac.uk%2Fresources%2Fnature-online%2Flife%2Fdinosaurs%2Fdinosaur-directory%2Fimages%2Freconstruction%2Fsmall%2Fnodo.jpg&w=828&q=75,oklch(72.3% 0.219 149.579),,
1765017116-300,dinosaurs-herbivorous,range,Aquilops,Aquilops,-109000000,-104000000,https://fr.wikipedia.org/wiki/Aquilops,https://en.wikipedia.org/wiki/Aquilops,https://www.nhm.ac.uk/discover/dino-directory/aquilops.html,Natural History Museum,0.6m,https://www.nhm.ac.uk/discover/dino-directory/_next/image?url=https%3A%2F%2Fwww.nhm.ac.uk%2Fresources%2Fnature-online%2Flife%2Fdinosaurs%2Fdinosaur-directory%2Fimages%2Freconstruction%2Fsmall%2Faquilops-ml.jpg&w=828&q=75,oklch(72.3% 0.219 149.579),,
1765016716-103,dinosaurs-herbivorous,range,Patagotitan,Patagotitan,-101000000,-100000000,https://fr.wikipedia.org/wiki/Patagotitan,https://en.wikipedia.org/wiki/Patagotitan,https://www.nhm.ac.uk/discover/dino-directory/patagotitan.html,Natural History Museum,37.5m,https://www.nhm.ac.uk/discover/dino-directory/_next/image?url=https%3A%2F%2Fwww.nhm.ac.uk%2Fresources%2Fnature-online%2Flife%2Fdinosaurs%2Fdinosaur-directory%2Fimages%2Freconstruction%2Fsmall%2Fpatagotitan-mef-c.jpg&w=828&q=75,oklch(72.3% 0.219 149.579),,
1765016960-223,dinosaurs-herbivorous,range,Eolambia,Eolambia,-99000000,-94000000,https://fr.wikipedia.org/wiki/Eolambia,https://en.wikipedia.org/wiki/Eolambia,https://www.nhm.ac.uk/discover/dino-directory/eolambia.html,Natural History Museum,,https://www.nhm.ac.uk/discover/dino-directory/_next/image?url=https%3A%2F%2Fwww.nhm.ac.uk%2Fresources%2Fnature-online%2Flife%2Fdinosaurs%2Fdinosaur-directory%2Fimages%2Freconstruction%2Fsmall%2FEolambia.jpg&w=828&q=75,oklch(72.3% 0.219 149.579),,
1765016909-198,dinosaurs-herbivorous,range,Graciliceratops,Graciliceratops,-99000000,-84000000,https://fr.wikipedia.org/wiki/Graciliceratops,https://en.wikipedia.org/wiki/Graciliceratops,https://www.nhm.ac.uk/discover/dino-directory/graciliceratops.html,Natural History Museum,,https://www.nhm.ac.uk/discover/dino-directory/_next/image?url=https%3A%2F%2Fwww.nhm.ac.uk%2Fresources%2Fnature-online%2Flife%2Fdinosaurs%2Fdinosaur-directory%2Fimages%2Freconstruction%2Fsmall%2FGraciliceratops.jpg&w=828&q=75,oklch(72.3% 0.219 149.579),,
1765016740-115,dinosaurs-herbivorous,range,Oryctodromeus,Oryctodromeus,-99000000,-94000000,https://fr.wikipedia.org/wiki/Oryctodromeus,https://en.wikipedia.org/wiki/Oryctodromeus,https://www.nhm.ac.uk/discover/dino-directory/oryctodromeus.html,Natural History Museum,2.1m,https://www.nhm.ac.uk/discover/dino-directory/_next/image?url=https%3A%2F%2Fwww.nhm.ac.uk%2Fresources%2Fnature-online%2Flife%2Fdinosaurs%2Fdinosaur-directory%2Fimages%2Freconstruction%2Fsmall%2Foryctodromeus.jpg&w=828&q=75,oklch(72.3% 0.219 149.579),,
1765016724-107,dinosaurs-herbivorous,range,Paralititan,Paralititan,-99000000,-94000000,https://fr.wikipedia.org/wiki/Paralititan,https://en.wikipedia.org/wiki/Paralititan,https://www.nhm.ac.uk/discover/dino-directory/paralititan.html,Natural History Museum,28.0m,https://www.nhm.ac.uk/discover/dino-directory/_next/image?url=https%3A%2F%2Fwww.nhm.ac.uk%2Fresources%2Fnature-online%2Flife%2Fdinosaurs%2Fdinosaur-directory%2Fimages%2Freconstruction%2Fsmall%2FParalititan.jpg&w=828&q=75,oklch(72.3% 0.219 149.579),,
1765016681-86,dinosaurs-herbivorous,range,Protohadros,Protohadros,-99000000,-94000000,https://fr.wikipedia.org/wiki/Protohadros,https://en.wikipedia.org/wiki/Protohadros,https://www.nhm.ac.uk/discover/dino-directory/protohadros.html,Natural History Museum,6.0m,https://www.nhm.ac.uk/discover/dino-directory/_next/image?url=https%3A%2F%2Fwww.nhm.ac.uk%2Fresources%2Fnature-online%2Flife%2Fdinosaurs%2Fdinosaur-directory%2Fimages%2Freconstruction%2Fsmall%2FProtohadros.jpg&w=828&q=75,oklch(72.3% 0.219 149.579),,
1765016582-37,dinosaurs-herbivorous,range,Talarurus,Talarurus,-99000000,-89000000,https://fr.wikipedia.org/wiki/Talarurus,https://en.wikipedia.org/wiki/Talarurus,https://www.nhm.ac.uk/discover/dino-directory/talarurus.html,Natural History Museum,6.0m,https://www.nhm.ac.uk/discover/dino-directory/_next/image?url=https%3A%2F%2Fwww.nhm.ac.uk%2Fresources%2Fnature-online%2Flife%2Fdinosaurs%2Fdinosaur-directory%2Fimages%2Freconstruction%2Fsmall%2FTalarurus.jpg&w=828&q=75,oklch(72.3% 0.219 149.579),,
1765016555-24,dinosaurs-herbivorous,range,Tsagantegia,Tsagantegia,-99000000,-84000000,https://en.wikipedia.org/wiki/Tsagantegia,https://en.wikipedia.org/wiki/Tsagantegia,https://www.nhm.ac.uk/discover/dino-directory/tsagantegia.html,Natural History Museum,,https://www.nhm.ac.uk/discover/dino-directory/_next/image?url=https%3A%2F%2Fwww.nhm.ac.uk%2Fresources%2Fnature-online%2Flife%2Fdinosaurs%2Fdinosaur-directory%2Fimages%2Freconstruction%2Fsmall%2FTsagantegia.jpg&w=828&q=75,oklch(72.3% 0.219 149.579),,
1765017159-321,dinosaurs-herbivorous,range,Aegyptosaurus,Aegyptosaurus,-98000000,-93000000,https://fr.wikipedia.org/wiki/Aegyptosaurus,https://en.wikipedia.org/wiki/Aegyptosaurus,https://www.nhm.ac.uk/discover/dino-directory/aegyptosaurus.html,Natural History Museum,15.0m,https://www.nhm.ac.uk/discover/dino-directory/_next/image?url=https%3A%2F%2Fwww.nhm.ac.uk%2Fresources%2Fnature-online%2Flife%2Fdinosaurs%2Fdinosaur-directory%2Fimages%2Freconstruction%2Fsmall%2Faegypto.jpg&w=828&q=75,oklch(72.3% 0.219 149.579),,
1765016952-219,dinosaurs-herbivorous,range,Erketu,Erketu,-96000000,-89000000,https://fr.wikipedia.org/wiki/Erketu,https://en.wikipedia.org/wiki/Erketu,https://www.nhm.ac.uk/discover/dino-directory/erketu.html,Natural History Museum,15.0m,https://www.nhm.ac.uk/discover/dino-directory/_next/image?url=https%3A%2F%2Fwww.nhm.ac.uk%2Fresources%2Fnature-online%2Flife%2Fdinosaurs%2Fdinosaur-directory%2Fimages%2Freconstruction%2Fsmall%2FErketu.jpg&w=828&q=75,oklch(72.3% 0.219 149.579),,
1765017112-298,dinosaurs-herbivorous,range,Aralosaurus,Aralosaurus,-94000000,-84000000,https://fr.wikipedia.org/wiki/Aralosaurus,https://en.wikipedia.org/wiki/Aralosaurus,https://www.nhm.ac.uk/discover/dino-directory/aralosaurus.html,Natural History Museum,8.0m,https://www.nhm.ac.uk/discover/dino-directory/_next/image?url=https%3A%2F%2Fwww.nhm.ac.uk%2Fresources%2Fnature-online%2Flife%2Fdinosaurs%2Fdinosaur-directory%2Fimages%2Freconstruction%2Fsmall%2FAralosaurus.jpg&w=828&q=75,oklch(72.3% 0.219 149.579),,
1765016864-176,dinosaurs-herbivorous,range,Jaxartosaurus,Jaxartosaurus,-94000000,-84000000,https://fr.wikipedia.org/wiki/Jaxartosaurus,https://en.wikipedia.org/wiki/Jaxartosaurus,https://www.nhm.ac.uk/discover/dino-directory/jaxartosaurus.html,Natural History Museum,9.0m,https://www.nhm.ac.uk/discover/dino-directory/_next/image?url=https%3A%2F%2Fwww.nhm.ac.uk%2Fresources%2Fnature-online%2Flife%2Fdinosaurs%2Fdinosaur-directory%2Fimages%2Freconstruction%2Fsmall%2FJaxartosaurus.jpg&w=828&q=75,oklch(72.3% 0.219 149.579),,
1765016509-1,dinosaurs-herbivorous,range,Zuniceratops,Zuniceratops,-94000000,-89000000,https://fr.wikipedia.org/wiki/Zuniceratops,https://en.wikipedia.org/wiki/Zuniceratops,https://www.nhm.ac.uk/discover/dino-directory/zuniceratops.html,Natural History Museum,,https://www.nhm.ac.uk/discover/dino-directory/_next/image?url=https%3A%2F%2Fwww.nhm.ac.uk%2Fresources%2Fnature-online%2Flife%2Fdinosaurs%2Fdinosaur-directory%2Fimages%2Freconstruction%2Fsmall%2FZuniceratops.jpg&w=828&q=75,oklch(72.3% 0.219 149.579),,
1765017104-294,dinosaurs-herbivorous,range,Argentinosaurus,Argentinosaurus,-90000000,-89000000,https://fr.wikipedia.org/wiki/Argentinosaurus,https://en.wikipedia.org/wiki/Argentinosaurus,https://www.nhm.ac.uk/discover/dino-directory/argentinosaurus.html,Natural History Museum,35.0m,https://www.nhm.ac.uk/discover/dino-directory/_next/image?url=https%3A%2F%2Fwww.nhm.ac.uk%2Fresources%2Fnature-online%2Flife%2Fdinosaurs%2Fdinosaur-directory%2Fimages%2Freconstruction%2Fsmall%2Fargent.jpg&w=828&q=75,oklch(72.3% 0.219 149.579),,
1765017065-275,dinosaurs-herbivorous,range,Brachylophosaurus,Brachylophosaurus,-89000000,-88000000,https://fr.wikipedia.org/wiki/Brachylophosaurus,https://en.wikipedia.org/wiki/Brachylophosaurus,https://www.nhm.ac.uk/discover/dino-directory/brachylophosaurus.html,Natural History Museum,7.0m,https://www.nhm.ac.uk/discover/dino-directory/_next/image?url=https%3A%2F%2Fwww.nhm.ac.uk%2Fresources%2Fnature-online%2Flife%2Fdinosaurs%2Fdinosaur-directory%2Fimages%2Freconstruction%2Fsmall%2FBrachylophosaurus.jpg&w=828&q=75,oklch(72.3% 0.219 149.579),,
1765016763-126,dinosaurs-herbivorous,range,Nipponosaurus,Nipponosaurus,-89000000,-84000000,https://fr.wikipedia.org/wiki/Nipponosaurus,https://en.wikipedia.org/wiki/Nipponosaurus,https://www.nhm.ac.uk/discover/dino-directory/nipponosaurus.html,Natural History Museum,,https://www.nhm.ac.uk/discover/dino-directory/_next/image?url=https%3A%2F%2Fwww.nhm.ac.uk%2Fresources%2Fnature-online%2Flife%2Fdinosaurs%2Fdinosaur-directory%2Fimages%2Freconstruction%2Fsmall%2FNipponosaurus.jpg&w=828&q=75,oklch(72.3% 0.219 149.579),,
1765016610-51,dinosaurs-herbivorous,range,Sonidosaurus,Sonidosaurus,-89000000,-66000000,https://fr.wikipedia.org/wiki/Sonidosaurus,https://en.wikipedia.org/wiki/Sonidosaurus,https://www.nhm.ac.uk/discover/dino-directory/sonidosaurus.html,Natural History Museum,9.0m,https://www.nhm.ac.uk/discover/dino-directory/_next/image?url=https%3A%2F%2Fwww.nhm.ac.uk%2Fresources%2Fnature-online%2Flife%2Fdinosaurs%2Fdinosaur-directory%2Fimages%2Freconstruction%2Fsmall%2FSonidosaurus.jpg&w=828&q=75,oklch(72.3% 0.219 149.579),,
1765016580-36,dinosaurs-herbivorous,range,Tanius,Tanius,-89000000,-66000000,https://fr.wikipedia.org/wiki/Tanius,https://en.wikipedia.org/wiki/Tanius,https://www.nhm.ac.uk/discover/dino-directory/tanius.html,Natural History Museum,,https://www.nhm.ac.uk/discover/dino-directory/_next/image?url=https%3A%2F%2Fwww.nhm.ac.uk%2Fresources%2Fnature-online%2Flife%2Fdinosaurs%2Fdinosaur-directory%2Fimages%2Freconstruction%2Fsmall%2FTanius.jpg&w=828&q=75,oklch(72.3% 0.219 149.579),,
1765016927-207,dinosaurs-herbivorous,range,Gasparinisaura,Gasparinisaura,-86000000,-71000000,https://fr.wikipedia.org/wiki/Gasparinisaura,https://en.wikipedia.org/wiki/Gasparinisaura,https://www.nhm.ac.uk/discover/dino-directory/gasparinisaura.html,Natural History Museum,0.8m,https://www.nhm.ac.uk/discover/dino-directory/_next/image?url=https%3A%2F%2Fwww.nhm.ac.uk%2Fresources%2Fnature-online%2Flife%2Fdinosaurs%2Fdinosaur-directory%2Fimages%2Freconstruction%2Fsmall%2FGasparinisaura.jpg&w=828&q=75,oklch(72.3% 0.219 149.579),,
1765016907-197,dinosaurs-herbivorous,range,Gryposaurus,Gryposaurus,-86000000,-71000000,https://fr.wikipedia.org/wiki/Gryposaurus,https://en.wikipedia.org/wiki/Gryposaurus,https://www.nhm.ac.uk/discover/dino-directory/gryposaurus.html,Natural History Museum,10.0m,https://www.nhm.ac.uk/discover/dino-directory/_next/image?url=https%3A%2F%2Fwww.nhm.ac.uk%2Fresources%2Fnature-online%2Flife%2Fdinosaurs%2Fdinosaur-directory%2Fimages%2Freconstruction%2Fsmall%2FGryposaurus.jpg&w=828&q=75,oklch(72.3% 0.219 149.579),,
1765016791-140,dinosaurs-herbivorous,range,Microceratus,Microceratus,-86000000,-66000000,https://fr.wikipedia.org/wiki/Microceratus,https://en.wikipedia.org/wiki/Microceratus,https://www.nhm.ac.uk/discover/dino-directory/microceratus.html,Natural History Museum,0.5m,https://www.nhm.ac.uk/discover/dino-directory/_next/image?url=https%3A%2F%2Fwww.nhm.ac.uk%2Fresources%2Fnature-online%2Flife%2Fdinosaurs%2Fdinosaur-directory%2Fimages%2Freconstruction%2Fsmall%2Fmicroceratus.jpg&w=828&q=75,oklch(72.3% 0.219 149.579),,
1765016673-82,dinosaurs-herbivorous,range,Quaesitosaurus,Quaesitosaurus,-86000000,-84000000,https://fr.wikipedia.org/wiki/Quaesitosaurus,https://en.wikipedia.org/wiki/Quaesitosaurus,https://www.nhm.ac.uk/discover/dino-directory/quaesitosaurus.html,Natural History Museum,23.0m,https://www.nhm.ac.uk/discover/dino-directory/_next/image?url=https%3A%2F%2Fwww.nhm.ac.uk%2Fresources%2Fnature-online%2Flife%2Fdinosaurs%2Fdinosaur-directory%2Fimages%2Freconstruction%2Fsmall%2FQuaesitosaurus.jpg&w=828&q=75,oklch(72.3% 0.219 149.579),,
1765017086-285,dinosaurs-herbivorous,range,Bagaceratops,Bagaceratops,-85000000,-80000000,https://fr.wikipedia.org/wiki/Bagaceratops,https://en.wikipedia.org/wiki/Bagaceratops,https://www.nhm.ac.uk/discover/dino-directory/bagaceratops.html,Natural History Museum,1.0m,https://www.nhm.ac.uk/discover/dino-directory/_next/image?url=https%3A%2F%2Fwww.nhm.ac.uk%2Fresources%2Fnature-online%2Flife%2Fdinosaurs%2Fdinosaur-directory%2Fimages%2Freconstruction%2Fsmall%2FBagaceratops.jpg&w=828&q=75,oklch(72.3% 0.219 149.579),,
1765017120-302,dinosaurs-herbivorous,range,Antarctosaurus,Antarctosaurus,-84000000,-78000000,https://fr.wikipedia.org/wiki/Antarctosaurus,https://en.wikipedia.org/wiki/Antarctosaurus,https://www.nhm.ac.uk/discover/dino-directory/antarctosaurus.html,Natural History Museum,18.0m,https://www.nhm.ac.uk/discover/dino-directory/_next/image?url=https%3A%2F%2Fwww.nhm.ac.uk%2Fresources%2Fnature-online%2Flife%2Fdinosaurs%2Fdinosaur-directory%2Fimages%2Freconstruction%2Fsmall%2Fantarcto.jpg&w=828&q=75,oklch(72.3% 0.219 149.579),,
1765017088-286,dinosaurs-herbivorous,range,Bactrosaurus,Bactrosaurus,-84000000,-71000000,https://fr.wikipedia.org/wiki/Bactrosaurus,https://en.wikipedia.org/wiki/Bactrosaurus,https://www.nhm.ac.uk/discover/dino-directory/bactrosaurus.html,Natural History Museum,6.0m,https://www.nhm.ac.uk/discover/dino-directory/_next/image?url=https%3A%2F%2Fwww.nhm.ac.uk%2Fresources%2Fnature-online%2Flife%2Fdinosaurs%2Fdinosaur-directory%2Fimages%2Freconstruction%2Fsmall%2FBactrosaurus.jpg&w=828&q=75,oklch(72.3% 0.219 149.579),,
1765016830-159,dinosaurs-herbivorous,range,Lophorhothon,Lophorhothon,-84000000,-71000000,https://fr.wikipedia.org/wiki/Lophorhothon,https://en.wikipedia.org/wiki/Lophorhothon,https://www.nhm.ac.uk/discover/dino-directory/lophorhothon.html,Natural History Museum,4.5m,https://www.nhm.ac.uk/discover/dino-directory/_next/image?url=https%3A%2F%2Fwww.nhm.ac.uk%2Fresources%2Fnature-online%2Flife%2Fdinosaurs%2Fdinosaur-directory%2Fimages%2Freconstruction%2Fsmall%2FLophorhothon.jpg&w=828&q=75,oklch(72.3% 0.219 149.579),,
1765016789-139,dinosaurs-herbivorous,range,Micropachycephalosaurus,Micropachycephalosaurus,-84000000,-71000000,https://fr.wikipedia.org/wiki/Micropachycephalosaurus,https://en.wikipedia.org/wiki/Micropachycephalosaurus,https://www.nhm.ac.uk/discover/dino-directory/micropachycephalosaurus.html,Natural History Museum,0.6m,https://www.nhm.ac.uk/discover/dino-directory/_next/image?url=https%3A%2F%2Fwww.nhm.ac.uk%2Fresources%2Fnature-online%2Flife%2Fdinosaurs%2Fdinosaur-directory%2Fimages%2Freconstruction%2Fsmall%2FMicropachycephalosaurus.jpg&w=828&q=75,oklch(72.3% 0.219 149.579),,
1765016574-33,dinosaurs-herbivorous,range,Telmatosaurus,Telmatosaurus,-84000000,-66000000,https://fr.wikipedia.org/wiki/Telmatosaurus,https://en.wikipedia.org/wiki/Telmatosaurus,https://www.nhm.ac.uk/discover/dino-directory/telmatosaurus.html,Natural History Museum,5.0m,https://www.nhm.ac.uk/discover/dino-directory/_next/image?url=https%3A%2F%2Fwww.nhm.ac.uk%2Fresources%2Fnature-online%2Flife%2Fdinosaurs%2Fdinosaur-directory%2Fimages%2Freconstruction%2Fsmall%2FTelmatosaurus.jpg&w=828&q=75,oklch(72.3% 0.219 149.579),,
1765016553-23,dinosaurs-herbivorous,range,Tsintaosaurus,Tsintaosaurus,-84000000,-71000000,https://fr.wikipedia.org/wiki/Tsintaosaurus,https://en.wikipedia.org/wiki/Tsintaosaurus,https://www.nhm.ac.uk/discover/dino-directory/tsintaosaurus.html,Natural History Museum,12.0m,https://www.nhm.ac.uk/discover/dino-directory/_next/image?url=https%3A%2F%2Fwww.nhm.ac.uk%2Fresources%2Fnature-online%2Flife%2Fdinosaurs%2Fdinosaur-directory%2Fimages%2Freconstruction%2Fsmall%2FTsintaosaurus.jpg&w=828&q=75,oklch(72.3% 0.219 149.579),,
1765017165-324,dinosaurs-herbivorous,range,Achelousaurus,Achelousaurus,-83000000,-70000000,https://fr.wikipedia.org/wiki/Achelousaurus,https://en.wikipedia.org/wiki/Achelousaurus,https://www.nhm.ac.uk/discover/dino-directory/achelousaurus.html,Natural History Museum,6.0m,https://www.nhm.ac.uk/discover/dino-directory/_next/image?url=https%3A%2F%2Fwww.nhm.ac.uk%2Fresources%2Fnature-online%2Flife%2Fdinosaurs%2Fdinosaur-directory%2Fimages%2Freconstruction%2Fsmall%2Fachelou.jpg&w=828&q=75,oklch(72.3% 0.219 149.579),,
1765016592-42,dinosaurs-herbivorous,range,Struthiosaurus,Struthiosaurus,-83000000,-75000000,https://fr.wikipedia.org/wiki/Struthiosaurus,https://en.wikipedia.org/wiki/Struthiosaurus,https://www.nhm.ac.uk/discover/dino-directory/struthiosaurus.html,Natural History Museum,2.5m,https://www.nhm.ac.uk/discover/dino-directory/_next/image?url=https%3A%2F%2Fwww.nhm.ac.uk%2Fresources%2Fnature-online%2Flife%2Fdinosaurs%2Fdinosaur-directory%2Fimages%2Freconstruction%2Fsmall%2FStruthiosaurus.jpg&w=828&q=75,oklch(72.3% 0.219 149.579),,
1765016911-199,dinosaurs-herbivorous,range,Goyocephale,Goyocephale,-81000000,-75000000,https://fr.wikipedia.org/wiki/Goyocephale,https://en.wikipedia.org/wiki/Goyocephale,https://www.nhm.ac.uk/discover/dino-directory/goyocephale.html,Natural History Museum,2.0m,https://www.nhm.ac.uk/discover/dino-directory/_next/image?url=https%3A%2F%2Fwww.nhm.ac.uk%2Fresources%2Fnature-online%2Flife%2Fdinosaurs%2Fdinosaur-directory%2Fimages%2Freconstruction%2Fsmall%2FGoyocephale.jpg&w=828&q=75,oklch(72.3% 0.219 149.579),,
1765016706-98,dinosaurs-herbivorous,range,Pinacosaurus,Pinacosaurus,-81000000,-75000000,https://fr.wikipedia.org/wiki/Pinacosaurus,https://en.wikipedia.org/wiki/Pinacosaurus,https://www.nhm.ac.uk/discover/dino-directory/pinacosaurus.html,Natural History Museum,5.0m,https://www.nhm.ac.uk/discover/dino-directory/_next/image?url=https%3A%2F%2Fwww.nhm.ac.uk%2Fresources%2Fnature-online%2Flife%2Fdinosaurs%2Fdinosaur-directory%2Fimages%2Freconstruction%2Fsmall%2FPinacosaurus.jpg&w=828&q=75,oklch(72.3% 0.219 149.579),,
1765016543-18,dinosaurs-herbivorous,range,Udanoceratops,Udanoceratops,-81000000,-75000000,https://fr.wikipedia.org/wiki/Udanoceratops,https://en.wikipedia.org/wiki/Udanoceratops,https://www.nhm.ac.uk/discover/dino-directory/udanoceratops.html,Natural History Museum,,https://www.nhm.ac.uk/discover/dino-directory/_next/image?url=https%3A%2F%2Fwww.nhm.ac.uk%2Fresources%2Fnature-online%2Flife%2Fdinosaurs%2Fdinosaur-directory%2Fimages%2Freconstruction%2Fsmall%2FUdanoceratops.jpg&w=828&q=75,oklch(72.3% 0.219 149.579),,
1765017151-317,dinosaurs-herbivorous,range,Albertaceratops,Albertaceratops,-80000000,-75000000,https://fr.wikipedia.org/wiki/Albertaceratops,https://en.wikipedia.org/wiki/Albertaceratops,https://www.nhm.ac.uk/discover/dino-directory/albertaceratops.html,Natural History Museum,7.0m,https://www.nhm.ac.uk/discover/dino-directory/_next/image?url=https%3A%2F%2Fwww.nhm.ac.uk%2Fresources%2Fnature-online%2Flife%2Fdinosaurs%2Fdinosaur-directory%2Fimages%2Freconstruction%2Fsmall%2Falbertaceratops.jpg&w=828&q=75,oklch(72.3% 0.219 149.579),,
1765017092-288,dinosaurs-herbivorous,range,Avaceratops,Avaceratops,-80000000,-75000000,https://fr.wikipedia.org/wiki/Avaceratops,https://en.wikipedia.org/wiki/Avaceratops,https://www.nhm.ac.uk/discover/dino-directory/avaceratops.html,Natural History Museum,2.3m,https://www.nhm.ac.uk/discover/dino-directory/_next/image?url=https%3A%2F%2Fwww.nhm.ac.uk%2Fresources%2Fnature-online%2Flife%2Fdinosaurs%2Fdinosaur-directory%2Fimages%2Freconstruction%2Fsmall%2FAvaceratops.jpg&w=828&q=75,oklch(72.3% 0.219 149.579),,
1765016815-152,dinosaurs-herbivorous,range,Maiasaura,Maiasaura,-80000000,-75000000,https://fr.wikipedia.org/wiki/Maiasaura,https://en.wikipedia.org/wiki/Maiasaura,https://www.nhm.ac.uk/discover/dino-directory/maiasaura.html,Natural History Museum,9.0m,https://www.nhm.ac.uk/discover/dino-directory/_next/image?url=https%3A%2F%2Fwww.nhm.ac.uk%2Fresources%2Fnature-online%2Flife%2Fdinosaurs%2Fdinosaur-directory%2Fimages%2Freconstruction%2Fsmall%2Fmaia.jpg&w=828&q=75,oklch(72.3% 0.219 149.579),,
1765016799-144,dinosaurs-herbivorous,range,Maxakalisaurus,Maxakalisaurus,-80000000,-79000000,https://fr.wikipedia.org/wiki/Maxakalisaurus,https://en.wikipedia.org/wiki/Maxakalisaurus,https://www.nhm.ac.uk/discover/dino-directory/maxakalisaurus.html,Natural History Museum,13.0m,https://www.nhm.ac.uk/discover/dino-directory/_next/image?url=https%3A%2F%2Fwww.nhm.ac.uk%2Fresources%2Fnature-online%2Flife%2Fdinosaurs%2Fdinosaur-directory%2Fimages%2Freconstruction%2Fsmall%2FMaxakalisaurus.jpg&w=828&q=75,oklch(72.3% 0.219 149.579),,
1765016696-93,dinosaurs-herbivorous,range,Prenocephale,Prenocephale,-80000000,-66000000,https://fr.wikipedia.org/wiki/Prenocephale,https://en.wikipedia.org/wiki/Prenocephale,https://www.nhm.ac.uk/discover/dino-directory/prenocephale.html,Natural History Museum,2.4m,https://www.nhm.ac.uk/discover/dino-directory/_next/image?url=https%3A%2F%2Fwww.nhm.ac.uk%2Fresources%2Fnature-online%2Flife%2Fdinosaurs%2Fdinosaur-directory%2Fimages%2Freconstruction%2Fsmall%2FPrenocephale.jpg&w=828&q=75,oklch(72.3% 0.219 149.579),,
1765016657-74,dinosaurs-herbivorous,range,Saichania,Saichania,-80000000,-79000000,https://fr.wikipedia.org/wiki/Saichania,https://en.wikipedia.org/wiki/Saichania,https://www.nhm.ac.uk/discover/dino-directory/saichania.html,Natural History Museum,6.6m,https://www.nhm.ac.uk/discover/dino-directory/_next/image?url=https%3A%2F%2Fwww.nhm.ac.uk%2Fresources%2Fnature-online%2Flife%2Fdinosaurs%2Fdinosaur-directory%2Fimages%2Freconstruction%2Fsmall%2Fsaich.jpg&w=828&q=75,oklch(72.3% 0.219 149.579),,
1765016728-109,dinosaurs-herbivorous,range,Panoplosaurus,Panoplosaurus,-79000000,-75000000,https://fr.wikipedia.org/wiki/Panoplosaurus,https://en.wikipedia.org/wiki/Panoplosaurus,https://www.nhm.ac.uk/discover/dino-directory/panoplosaurus.html,Natural History Museum,7.0m,https://www.nhm.ac.uk/discover/dino-directory/_next/image?url=https%3A%2F%2Fwww.nhm.ac.uk%2Fresources%2Fnature-online%2Flife%2Fdinosaurs%2Fdinosaur-directory%2Fimages%2Freconstruction%2Fsmall%2FPanoplosaurus.jpg&w=828&q=75,oklch(72.3% 0.219 149.579),,
1765016901-194,dinosaurs-herbivorous,range,Hadrosaurus,Hadrosaurus,-78000000,-74000000,https://fr.wikipedia.org/wiki/Hadrosaurus,https://en.wikipedia.org/wiki/Hadrosaurus,https://www.nhm.ac.uk/discover/dino-directory/hadrosaurus.html,Natural History Museum,9.0m,https://www.nhm.ac.uk/discover/dino-directory/_next/image?url=https%3A%2F%2Fwww.nhm.ac.uk%2Fresources%2Fnature-online%2Flife%2Fdinosaurs%2Fdinosaur-directory%2Fimages%2Freconstruction%2Fsmall%2Fhadro.jpg&w=828&q=75,oklch(72.3% 0.219 149.579),,
1765016848-168,dinosaurs-herbivorous,range,Kritosaurus,Kritosaurus,-78000000,-74000000,https://fr.wikipedia.org/wiki/Kritosaurus,https://en.wikipedia.org/wiki/Kritosaurus,https://www.nhm.ac.uk/discover/dino-directory/kritosaurus.html,Natural History Museum,8.0m,https://www.nhm.ac.uk/discover/dino-directory/_next/image?url=https%3A%2F%2Fwww.nhm.ac.uk%2Fresources%2Fnature-online%2Flife%2Fdinosaurs%2Fdinosaur-directory%2Fimages%2Freconstruction%2Fsmall%2Fkrito.jpg&w=828&q=75,oklch(72.3% 0.219 149.579),,
1765016629-60,dinosaurs-herbivorous,range,Shantungosaurus,Shantungosaurus,-78000000,-74000000,https://fr.wikipedia.org/wiki/Shantungosaurus,https://en.wikipedia.org/wiki/Shantungosaurus,https://www.nhm.ac.uk/discover/dino-directory/shantungosaurus.html,Natural History Museum,15.0m,https://www.nhm.ac.uk/discover/dino-directory/_next/image?url=https%3A%2F%2Fwww.nhm.ac.uk%2Fresources%2Fnature-online%2Flife%2Fdinosaurs%2Fdinosaur-directory%2Fimages%2Freconstruction%2Fsmall%2Fshantung.jpg&w=828&q=75,oklch(72.3% 0.219 149.579),,
1765016722-106,dinosaurs-herbivorous,range,Parasaurolophus,Parasaurolophus,-77000000,-73000000,https://fr.wikipedia.org/wiki/Parasaurolophus,https://en.wikipedia.org/wiki/Parasaurolophus,https://www.nhm.ac.uk/discover/dino-directory/parasaurolophus.html,Natural History Museum,9.0m,https://www.nhm.ac.uk/discover/dino-directory/_next/image?url=https%3A%2F%2Fwww.nhm.ac.uk%2Fresources%2Fnature-online%2Flife%2Fdinosaurs%2Fdinosaur-directory%2Fimages%2Freconstruction%2Fsmall%2Fparasaurolophus.jpg&w=828&q=75,oklch(72.3% 0.219 149.579),,
1765016687-89,dinosaurs-herbivorous,range,Prosaurolophus,Prosaurolophus,-77000000,-75000000,https://fr.wikipedia.org/wiki/Prosaurolophus,https://en.wikipedia.org/wiki/Prosaurolophus,https://www.nhm.ac.uk/discover/dino-directory/prosaurolophus.html,Natural History Museum,7.6m,https://www.nhm.ac.uk/discover/dino-directory/_next/image?url=https%3A%2F%2Fwww.nhm.ac.uk%2Fresources%2Fnature-online%2Flife%2Fdinosaurs%2Fdinosaur-directory%2Fimages%2Freconstruction%2Fsmall%2FProsaurolophus.jpg&w=828&q=75,oklch(72.3% 0.219 149.579),,
1765017047-266,dinosaurs-herbivorous,range,Centrosaurus,Centrosaurus,-76000000,-74000000,https://fr.wikipedia.org/wiki/Centrosaurus,https://en.wikipedia.org/wiki/Centrosaurus,https://www.nhm.ac.uk/discover/dino-directory/centrosaurus.html,Natural History Museum,6.0m,https://www.nhm.ac.uk/discover/dino-directory/_next/image?url=https%3A%2F%2Fwww.nhm.ac.uk%2Fresources%2Fnature-online%2Flife%2Fdinosaurs%2Fdinosaur-directory%2Fimages%2Freconstruction%2Fsmall%2Fcentro.jpg&w=828&q=75,oklch(72.3% 0.219 149.579),,
1765017037-261,dinosaurs-herbivorous,range,Chasmosaurus,Chasmosaurus,-76000000,-74000000,https://fr.wikipedia.org/wiki/Chasmosaurus,https://en.wikipedia.org/wiki/Chasmosaurus,https://www.nhm.ac.uk/discover/dino-directory/chasmosaurus.html,Natural History Museum,5.0m,https://www.nhm.ac.uk/discover/dino-directory/_next/image?url=https%3A%2F%2Fwww.nhm.ac.uk%2Fresources%2Fnature-online%2Flife%2Fdinosaurs%2Fdinosaur-directory%2Fimages%2Freconstruction%2Fsmall%2Fchasmo.jpg&w=828&q=75,oklch(72.3% 0.219 149.579),,
1765017008-247,dinosaurs-herbivorous,range,Corythosaurus,Corythosaurus,-76000000,-74000000,https://fr.wikipedia.org/wiki/Corythosaurus,https://en.wikipedia.org/wiki/Corythosaurus,https://www.nhm.ac.uk/discover/dino-directory/corythosaurus.html,Natural History Museum,10.0m,https://www.nhm.ac.uk/discover/dino-directory/_next/image?url=https%3A%2F%2Fwww.nhm.ac.uk%2Fresources%2Fnature-online%2Flife%2Fdinosaurs%2Fdinosaur-directory%2Fimages%2Freconstruction%2Fsmall%2Fcoryth.jpg&w=828&q=75,oklch(72.3% 0.219 149.579),,
1765016984-235,dinosaurs-herbivorous,range,Dreadnoughtus,Dreadnoughtus,-76000000,-70000000,https://fr.wikipedia.org/wiki/Dreadnoughtus,https://en.wikipedia.org/wiki/Dreadnoughtus,https://www.nhm.ac.uk/discover/dino-directory/dreadnoughtus.html,Natural History Museum,26.0m,https://www.nhm.ac.uk/discover/dino-directory/_next/image?url=https%3A%2F%2Fwww.nhm.ac.uk%2Fresources%2Fnature-online%2Flife%2Fdinosaurs%2Fdinosaur-directory%2Fimages%2Freconstruction%2Fsmall%2Fdreadnoughtus-c.jpg&w=828&q=75,oklch(72.3% 0.219 149.579),,
1765016972-229,dinosaurs-herbivorous,range,Edmontonia,Edmontonia,-76000000,-74000000,https://fr.wikipedia.org/wiki/Edmontonia,https://en.wikipedia.org/wiki/Edmontonia,https://www.nhm.ac.uk/discover/dino-directory/edmontonia.html,Natural History Museum,4.0m,https://www.nhm.ac.uk/discover/dino-directory/_next/image?url=https%3A%2F%2Fwww.nhm.ac.uk%2Fresources%2Fnature-online%2Flife%2Fdinosaurs%2Fdinosaur-directory%2Fimages%2Freconstruction%2Fsmall%2FEdmontonia.jpg&w=828&q=75,oklch(72.3% 0.219 149.579),,
1765016970-228,dinosaurs-herbivorous,range,Edmontosaurus,Edmontosaurus,-76000000,-66000000,https://fr.wikipedia.org/wiki/Edmontosaurus,https://en.wikipedia.org/wiki/Edmontosaurus,https://www.nhm.ac.uk/discover/dino-directory/edmontosaurus.html,Natural History Museum,13.0m,https://www.nhm.ac.uk/discover/dino-directory/_next/image?url=https%3A%2F%2Fwww.nhm.ac.uk%2Fresources%2Fnature-online%2Flife%2Fdinosaurs%2Fdinosaur-directory%2Fimages%2Freconstruction%2Fsmall%2Fedmonto.jpg&w=828&q=75,oklch(72.3% 0.219 149.579),,
1765016945-216,dinosaurs-herbivorous,range,Euoplocephalus,Euoplocephalus,-76000000,-70000000,https://fr.wikipedia.org/wiki/Euoplocephalus,https://en.wikipedia.org/wiki/Euoplocephalus,https://www.nhm.ac.uk/discover/dino-directory/euoplocephalus.html,Natural History Museum,7.0m,https://www.nhm.ac.uk/discover/dino-directory/_next/image?url=https%3A%2F%2Fwww.nhm.ac.uk%2Fresources%2Fnature-online%2Flife%2Fdinosaurs%2Fdinosaur-directory%2Fimages%2Freconstruction%2Fsmall%2Feuoplo.jpg&w=828&q=75,oklch(72.3% 0.219 149.579),,
1765016919-203,dinosaurs-herbivorous,range,Gilmoreosaurus,Gilmoreosaurus,-76000000,-70000000,https://fr.wikipedia.org/wiki/Gilmoreosaurus,https://en.wikipedia.org/wiki/Gilmoreosaurus,https://www.nhm.ac.uk/discover/dino-directory/gilmoreosaurus.html,Natural History Museum,6.0m,https://www.nhm.ac.uk/discover/dino-directory/_next/image?url=https%3A%2F%2Fwww.nhm.ac.uk%2Fresources%2Fnature-online%2Flife%2Fdinosaurs%2Fdinosaur-directory%2Fimages%2Freconstruction%2Fsmall%2Fgilmore.jpg&w=828&q=75,oklch(72.3% 0.219 149.579),,
1765016846-167,dinosaurs-herbivorous,range,Lambeosaurus,Lambeosaurus,-76000000,-74000000,https://fr.wikipedia.org/wiki/Lambeosaurus,https://en.wikipedia.org/wiki/Lambeosaurus,https://www.nhm.ac.uk/discover/dino-directory/lambeosaurus.html,Natural History Museum,9.0m,https://www.nhm.ac.uk/discover/dino-directory/_next/image?url=https%3A%2F%2Fwww.nhm.ac.uk%2Fresources%2Fnature-online%2Flife%2Fdinosaurs%2Fdinosaur-directory%2Fimages%2Freconstruction%2Fsmall%2Flambeo.jpg&w=828&q=75,oklch(72.3% 0.219 149.579),,
1765016720-105,dinosaurs-herbivorous,range,Parksosaurus,Parksosaurus,-76000000,-74000000,https://fr.wikipedia.org/wiki/Parksosaurus,https://en.wikipedia.org/wiki/Parksosaurus,https://www.nhm.ac.uk/discover/dino-directory/parksosaurus.html,Natural History Museum,3.0m,https://www.nhm.ac.uk/discover/dino-directory/_next/image?url=https%3A%2F%2Fwww.nhm.ac.uk%2Fresources%2Fnature-online%2Flife%2Fdinosaurs%2Fdinosaur-directory%2Fimages%2Freconstruction%2Fsmall%2Fparkso.jpg&w=828&q=75,oklch(72.3% 0.219 149.579),,
1765016710-100,dinosaurs-herbivorous,range,Pentaceratops,Pentaceratops,-76000000,-74000000,https://fr.wikipedia.org/wiki/Pentaceratops,https://en.wikipedia.org/wiki/Pentaceratops,https://www.nhm.ac.uk/discover/dino-directory/pentaceratops.html,Natural History Museum,6.8m,https://www.nhm.ac.uk/discover/dino-directory/_next/image?url=https%3A%2F%2Fwww.nhm.ac.uk%2Fresources%2Fnature-online%2Flife%2Fdinosaurs%2Fdinosaur-directory%2Fimages%2Freconstruction%2Fsmall%2FPentaceratops.jpg&w=828&q=75,oklch(72.3% 0.219 149.579),,
1765016677-84,dinosaurs-herbivorous,range,Puertasaurus,Puertasaurus,-76000000,-70000000,https://fr.wikipedia.org/wiki/Puertasaurus,https://en.wikipedia.org/wiki/Puertasaurus,https://www.nhm.ac.uk/discover/dino-directory/puertasaurus.html,Natural History Museum,30.0m,https://www.nhm.ac.uk/discover/dino-directory/_next/image?url=https%3A%2F%2Fwww.nhm.ac.uk%2Fresources%2Fnature-online%2Flife%2Fdinosaurs%2Fdinosaur-directory%2Fimages%2Freconstruction%2Fsmall%2Fpuertasaurus-c.jpg&w=828&q=75,oklch(72.3% 0.219 149.579),,
1765016667-79,dinosaurs-herbivorous,range,Rhabdodon,Rhabdodon,-76000000,-70000000,https://fr.wikipedia.org/wiki/Rhabdodon,https://en.wikipedia.org/wiki/Rhabdodon,https://www.nhm.ac.uk/discover/dino-directory/rhabdodon.html,Natural History Museum,4.0m,https://www.nhm.ac.uk/discover/dino-directory/_next/image?url=https%3A%2F%2Fwww.nhm.ac.uk%2Fresources%2Fnature-online%2Flife%2Fdinosaurs%2Fdinosaur-directory%2Fimages%2Freconstruction%2Fsmall%2Frhab.jpg&w=828&q=75,oklch(72.3% 0.219 149.579),,
1765016602-47,dinosaurs-herbivorous,range,Stegoceras,Stegoceras,-76000000,-74000000,https://fr.wikipedia.org/wiki/Stegoceras,https://en.wikipedia.org/wiki/Stegoceras,https://www.nhm.ac.uk/discover/dino-directory/stegoceras.html,Natural History Museum,2.4m,https://www.nhm.ac.uk/discover/dino-directory/_next/image?url=https%3A%2F%2Fwww.nhm.ac.uk%2Fresources%2Fnature-online%2Flife%2Fdinosaurs%2Fdinosaur-directory%2Fimages%2Freconstruction%2Fsmall%2Fstegoceras.jpg&w=828&q=75,oklch(72.3% 0.219 149.579),,
1765016588-40,dinosaurs-herbivorous,range,Styracosaurus,Styracosaurus,-76000000,-75000000,https://fr.wikipedia.org/wiki/Styracosaurus,https://en.wikipedia.org/wiki/Styracosaurus,https://www.nhm.ac.uk/discover/dino-directory/styracosaurus.html,Natural History Museum,5.5m,https://www.nhm.ac.uk/discover/dino-directory/_next/image?url=https%3A%2F%2Fwww.nhm.ac.uk%2Fresources%2Fnature-online%2Flife%2Fdinosaurs%2Fdinosaur-directory%2Fimages%2Freconstruction%2Fsmall%2Fstyracosaurus.jpg&w=828&q=75,oklch(72.3% 0.219 149.579),,
1765016566-29,dinosaurs-herbivorous,range,Thescelosaurus,Thescelosaurus,-76000000,-66000000,https://fr.wikipedia.org/wiki/Thescelosaurus,https://en.wikipedia.org/wiki/Thescelosaurus,https://www.nhm.ac.uk/discover/dino-directory/thescelosaurus.html,Natural History Museum,3.5m,https://www.nhm.ac.uk/discover/dino-directory/_next/image?url=https%3A%2F%2Fwww.nhm.ac.uk%2Fresources%2Fnature-online%2Flife%2Fdinosaurs%2Fdinosaur-directory%2Fimages%2Freconstruction%2Fsmall%2Fthescelo.jpg&w=828&q=75,oklch(72.3% 0.219 149.579),,
1765016576-34,dinosaurs-herbivorous,range,Tarchia,Tarchia,-75000000,-70000000,https://fr.wikipedia.org/wiki/Tarchia,https://en.wikipedia.org/wiki/Tarchia,https://www.nhm.ac.uk/discover/dino-directory/tarchia.html,Natural History Museum,5.5m,https://www.nhm.ac.uk/discover/dino-directory/_next/image?url=https%3A%2F%2Fwww.nhm.ac.uk%2Fresources%2Fnature-online%2Flife%2Fdinosaurs%2Fdinosaur-directory%2Fimages%2Freconstruction%2Fsmall%2Ftarchia-ml.jpg&w=828&q=75,oklch(72.3% 0.219 149.579),,
1765016549-21,dinosaurs-herbivorous,range,Tylocephale,Tylocephale,-75000000,-72000000,https://fr.wikipedia.org/wiki/Tylocephale,https://en.wikipedia.org/wiki/Tylocephale,https://www.nhm.ac.uk/discover/dino-directory/tylocephale.html,Natural History Museum,1.4m,https://www.nhm.ac.uk/discover/dino-directory/_next/image?url=https%3A%2F%2Fwww.nhm.ac.uk%2Fresources%2Fnature-online%2Flife%2Fdinosaurs%2Fdinosaur-directory%2Fimages%2Freconstruction%2Fsmall%2FTylocephale.jpg&w=828&q=75,oklch(72.3% 0.219 149.579),,
1765017130-307,dinosaurs-herbivorous,range,Anchiceratops,Anchiceratops,-74000000,-70000000,https://fr.wikipedia.org/wiki/Anchiceratops,https://en.wikipedia.org/wiki/Anchiceratops,https://www.nhm.ac.uk/discover/dino-directory/anchiceratops.html,Natural History Museum,6.0m,https://www.nhm.ac.uk/discover/dino-directory/_next/image?url=https%3A%2F%2Fwww.nhm.ac.uk%2Fresources%2Fnature-online%2Flife%2Fdinosaurs%2Fdinosaur-directory%2Fimages%2Freconstruction%2Fsmall%2Fanchi2.jpg&w=828&q=75,oklch(72.3% 0.219 149.579),,
1765016968-227,dinosaurs-herbivorous,range,Einiosaurus,Einiosaurus,-74000000,-73000000,https://fr.wikipedia.org/wiki/Einiosaurus,https://en.wikipedia.org/wiki/Einiosaurus,https://www.nhm.ac.uk/discover/dino-directory/einiosaurus.html,Natural History Museum,6.0m,https://www.nhm.ac.uk/discover/dino-directory/_next/image?url=https%3A%2F%2Fwww.nhm.ac.uk%2Fresources%2Fnature-online%2Flife%2Fdinosaurs%2Fdinosaur-directory%2Fimages%2Freconstruction%2Fsmall%2FEiniosaurus.jpg&w=828&q=75,oklch(72.3% 0.219 149.579),,
1765016742-116,dinosaurs-herbivorous,range,Orodromeus,Orodromeus,-74000000,-73000000,https://fr.wikipedia.org/wiki/Orodromeus,https://en.wikipedia.org/wiki/Orodromeus,https://www.nhm.ac.uk/discover/dino-directory/orodromeus.html,Natural History Museum,2.0m,https://www.nhm.ac.uk/discover/dino-directory/_next/image?url=https%3A%2F%2Fwww.nhm.ac.uk%2Fresources%2Fnature-online%2Flife%2Fdinosaurs%2Fdinosaur-directory%2Fimages%2Freconstruction%2Fsmall%2Forodro.jpg&w=828&q=75,oklch(72.3% 0.219 149.579),,
1765016730-110,dinosaurs-herbivorous,range,Pachyrhinosaurus,Pachyrhinosaurus,-74000000,-68000000,https://fr.wikipedia.org/wiki/Pachyrhinosaurus,https://en.wikipedia.org/wiki/Pachyrhinosaurus,https://www.nhm.ac.uk/discover/dino-directory/pachyrhinosaurus.html,Natural History Museum,8.0m,https://www.nhm.ac.uk/discover/dino-directory/_next/image?url=https%3A%2F%2Fwww.nhm.ac.uk%2Fresources%2Fnature-online%2Flife%2Fdinosaurs%2Fdinosaur-directory%2Fimages%2Freconstruction%2Fsmall%2Fpachyrhinosaurus-ml.jpg&w=828&q=75,oklch(72.3% 0.219 149.579),,
1765016683-87,dinosaurs-herbivorous,range,Protoceratops,Protoceratops,-74000000,-70000000,https://fr.wikipedia.org/wiki/Protoceratops,https://en.wikipedia.org/wiki/Protoceratops,https://www.nhm.ac.uk/discover/dino-directory/protoceratops.html,Natural History Museum,1.8m,https://www.nhm.ac.uk/discover/dino-directory/_next/image?url=https%3A%2F%2Fwww.nhm.ac.uk%2Fresources%2Fnature-online%2Flife%2Fdinosaurs%2Fdinosaur-directory%2Fimages%2Freconstruction%2Fsmall%2Fproto.jpg&w=828&q=75,oklch(72.3% 0.219 149.579),,
1765016651-71,dinosaurs-herbivorous,range,Saurolophus,Saurolophus,-74000000,-70000000,https://fr.wikipedia.org/wiki/Saurolophus,https://en.wikipedia.org/wiki/Saurolophus,https://www.nhm.ac.uk/discover/dino-directory/saurolophus.html,Natural History Museum,9.0m,https://www.nhm.ac.uk/discover/dino-directory/_next/image?url=https%3A%2F%2Fwww.nhm.ac.uk%2Fresources%2Fnature-online%2Flife%2Fdinosaurs%2Fdinosaur-directory%2Fimages%2Freconstruction%2Fsmall%2Fsauro.jpg&w=828&q=75,oklch(72.3% 0.219 149.579),,
1765017102-293,dinosaurs-herbivorous,range,Arrhinoceratops,Arrhinoceratops,-72000000,-67000000,https://fr.wikipedia.org/wiki/Arrhinoceratops,https://en.wikipedia.org/wiki/Arrhinoceratops,https://www.nhm.ac.uk/discover/dino-directory/arrhinoceratops.html,Natural History Museum,6.0m,https://www.nhm.ac.uk/discover/dino-directory/_next/image?url=https%3A%2F%2Fwww.nhm.ac.uk%2Fresources%2Fnature-online%2Flife%2Fdinosaurs%2Fdinosaur-directory%2Fimages%2Freconstruction%2Fsmall%2FArrhinoceratops.jpg&w=828&q=75,oklch(72.3% 0.219 149.579),,
1765016884-186,dinosaurs-herbivorous,range,Homalocephale,Homalocephale,-72000000,-68000000,https://fr.wikipedia.org/wiki/Homalocephale,https://en.wikipedia.org/wiki/Homalocephale,https://www.nhm.ac.uk/discover/dino-directory/homalocephale.html,Natural History Museum,1.5m,https://www.nhm.ac.uk/discover/dino-directory/_next/image?url=https%3A%2F%2Fwww.nhm.ac.uk%2Fresources%2Fnature-online%2Flife%2Fdinosaurs%2Fdinosaur-directory%2Fimages%2Freconstruction%2Fsmall%2FHomalocephale.jpg&w=828&q=75,oklch(72.3% 0.219 149.579),,
1765016771-130,dinosaurs-herbivorous,range,Nemegtosaurus,Nemegtosaurus,-72000000,-68000000,https://fr.wikipedia.org/wiki/Nemegtosaurus,https://en.wikipedia.org/wiki/Nemegtosaurus,https://www.nhm.ac.uk/discover/dino-directory/nemegtosaurus.html,Natural History Museum,13.0m,https://www.nhm.ac.uk/discover/dino-directory/_next/image?url=https%3A%2F%2Fwww.nhm.ac.uk%2Fresources%2Fnature-online%2Flife%2Fdinosaurs%2Fdinosaur-directory%2Fimages%2Freconstruction%2Fsmall%2FNemegtosaurus.jpg&w=828&q=75,oklch(72.3% 0.219 149.579),,
1765016748-119,dinosaurs-herbivorous,range,Opisthocoelicaudia,Opisthocoelicaudia,-72000000,-68000000,https://fr.wikipedia.org/wiki/Opisthocoelicaudia,https://en.wikipedia.org/wiki/Opisthocoelicaudia,https://www.nhm.ac.uk/discover/dino-directory/opisthocoelicaudia.html,Natural History Museum,12.0m,https://www.nhm.ac.uk/discover/dino-directory/_next/image?url=https%3A%2F%2Fwww.nhm.ac.uk%2Fresources%2Fnature-online%2Flife%2Fdinosaurs%2Fdinosaur-directory%2Fimages%2Freconstruction%2Fsmall%2FOpisthocoelicaudia.jpg&w=828&q=75,oklch(72.3% 0.219 149.579),,
1765017134-309,dinosaurs-herbivorous,range,Ampelosaurus,Ampelosaurus,-71000000,-66000000,https://fr.wikipedia.org/wiki/Ampelosaurus,https://en.wikipedia.org/wiki/Ampelosaurus,https://www.nhm.ac.uk/discover/dino-directory/ampelosaurus.html,Natural History Museum,15.0m,https://www.nhm.ac.uk/discover/dino-directory/_next/image?url=https%3A%2F%2Fwww.nhm.ac.uk%2Fresources%2Fnature-online%2Flife%2Fdinosaurs%2Fdinosaur-directory%2Fimages%2Freconstruction%2Fsmall%2FAmpelosaurus.jpg&w=828&q=75,oklch(72.3% 0.219 149.579),,
1765016868-178,dinosaurs-herbivorous,range,Isisaurus,Isisaurus,-71000000,-66000000,https://fr.wikipedia.org/wiki/Isisaurus,https://en.wikipedia.org/wiki/Isisaurus,https://www.nhm.ac.uk/discover/dino-directory/isisaurus.html,Natural History Museum,,https://www.nhm.ac.uk/discover/dino-directory/_next/image?url=https%3A%2F%2Fwww.nhm.ac.uk%2Fresources%2Fnature-online%2Flife%2Fdinosaurs%2Fdinosaur-directory%2Fimages%2Freconstruction%2Fsmall%2FIsisaurus.jpg&w=828&q=75,oklch(72.3% 0.219 149.579),,
1765016817-153,dinosaurs-herbivorous,range,Magyarosaurus,Magyarosaurus,-71000000,-66000000,https://fr.wikipedia.org/wiki/Magyarosaurus,https://en.wikipedia.org/wiki/Magyarosaurus,https://www.nhm.ac.uk/discover/dino-directory/magyarosaurus.html,Natural History Museum,5.0m,https://www.nhm.ac.uk/discover/dino-directory/_next/image?url=https%3A%2F%2Fwww.nhm.ac.uk%2Fresources%2Fnature-online%2Flife%2Fdinosaurs%2Fdinosaur-directory%2Fimages%2Freconstruction%2Fsmall%2FMagyarosaurus.jpg&w=828&q=75,oklch(72.3% 0.219 149.579),,
1765016767-128,dinosaurs-herbivorous,range,Neuquensaurus,Neuquensaurus,-71000000,-66000000,https://fr.wikipedia.org/wiki/Neuquensaurus,https://en.wikipedia.org/wiki/Neuquensaurus,https://www.nhm.ac.uk/discover/dino-directory/neuquensaurus.html,Natural History Museum,15.0m,https://www.nhm.ac.uk/discover/dino-directory/_next/image?url=https%3A%2F%2Fwww.nhm.ac.uk%2Fresources%2Fnature-online%2Flife%2Fdinosaurs%2Fdinosaur-directory%2Fimages%2Freconstruction%2Fsmall%2FNeuquenosaurus.jpg&w=828&q=75,oklch(72.3% 0.219 149.579),,
1765016639-65,dinosaurs-herbivorous,range,Secernosaurus,Secernosaurus,-71000000,-66000000,https://fr.wikipedia.org/wiki/Secernosaurus,https://en.wikipedia.org/wiki/Secernosaurus,https://www.nhm.ac.uk/discover/dino-directory/secernosaurus.html,Natural History Museum,3.0m,https://www.nhm.ac.uk/discover/dino-directory/_next/image?url=https%3A%2F%2Fwww.nhm.ac.uk%2Fresources%2Fnature-online%2Flife%2Fdinosaurs%2Fdinosaur-directory%2Fimages%2Freconstruction%2Fsmall%2FSecernosaurus.jpg&w=828&q=75,oklch(72.3% 0.219 149.579),,
1765017153-318,dinosaurs-herbivorous,range,Alamosaurus,Alamosaurus,-70000000,-66000000,https://fr.wikipedia.org/wiki/Alamosaurus,https://en.wikipedia.org/wiki/Alamosaurus,https://www.nhm.ac.uk/discover/dino-directory/alamosaurus.html,Natural History Museum,21.0m,https://www.nhm.ac.uk/discover/dino-directory/_next/image?url=https%3A%2F%2Fwww.nhm.ac.uk%2Fresources%2Fnature-online%2Flife%2Fdinosaurs%2Fdinosaur-directory%2Fimages%2Freconstruction%2Fsmall%2Falamo.jpg&w=828&q=75,oklch(72.3% 0.219 149.579),,
1765016878-183,dinosaurs-herbivorous,range,Hypacrosaurus,Hypacrosaurus,-70000000,-69000000,https://fr.wikipedia.org/wiki/Hypacrosaurus,https://en.wikipedia.org/wiki/Hypacrosaurus,https://www.nhm.ac.uk/discover/dino-directory/hypacrosaurus.html,Natural History Museum,9.0m,https://www.nhm.ac.uk/discover/dino-directory/_next/image?url=https%3A%2F%2Fwww.nhm.ac.uk%2Fresources%2Fnature-online%2Flife%2Fdinosaurs%2Fdinosaur-directory%2Fimages%2Freconstruction%2Fsmall%2FHypacrosaurus.jpg&w=828&q=75,oklch(72.3% 0.219 149.579),,
1765016655-73,dinosaurs-herbivorous,range,Saltasaurus,Saltasaurus,-70000000,-66000000,https://fr.wikipedia.org/wiki/Saltasaurus,https://en.wikipedia.org/wiki/Saltasaurus,https://www.nhm.ac.uk/discover/dino-directory/saltasaurus.html,Natural History Museum,12.0m,https://www.nhm.ac.uk/discover/dino-directory/_next/image?url=https%3A%2F%2Fwww.nhm.ac.uk%2Fresources%2Fnature-online%2Flife%2Fdinosaurs%2Fdinosaur-directory%2Fimages%2Freconstruction%2Fsmall%2Fsalta.jpg&w=828&q=75,oklch(72.3% 0.219 149.579),,
1765016568-30,dinosaurs-herbivorous,range,Therizinosaurus,Therizinosaurus,-70000000,-69000000,https://fr.wikipedia.org/wiki/Therizinosaurus,https://en.wikipedia.org/wiki/Therizinosaurus,https://www.nhm.ac.uk/discover/dino-directory/therizinosaurus.html,Natural History Museum,10.0m,https://www.nhm.ac.uk/discover/dino-directory/_next/image?url=https%3A%2F%2Fwww.nhm.ac.uk%2Fresources%2Fnature-online%2Flife%2Fdinosaurs%2Fdinosaur-directory%2Fimages%2Freconstruction%2Fsmall%2Ftherizinosaurus-ml.jpg&w=828&q=75,oklch(72.3% 0.219 149.579),,
1765016564-28,dinosaurs-herbivorous,range,Torosaurus,Torosaurus,-70000000,-66000000,https://fr.wikipedia.org/wiki/Torosaurus,https://en.wikipedia.org/wiki/Torosaurus,https://www.nhm.ac.uk/discover/dino-directory/torosaurus.html,Natural History Museum,7.5m,https://www.nhm.ac.uk/discover/dino-directory/_next/image?url=https%3A%2F%2Fwww.nhm.ac.uk%2Fresources%2Fnature-online%2Flife%2Fdinosaurs%2Fdinosaur-directory%2Fimages%2Freconstruction%2Fsmall%2Ftoro.jpg&w=828&q=75,oklch(72.3% 0.219 149.579),,
1765016732-111,dinosaurs-herbivorous,range,Pachycephalosaurus,Pachycephalosaurus,-69000000,-66000000,https://fr.wikipedia.org/wiki/Pachycephalosaurus,https://en.wikipedia.org/wiki/Pachycephalosaurus,https://www.nhm.ac.uk/discover/dino-directory/pachycephalosaurus.html,Natural History Museum,3.0m,https://www.nhm.ac.uk/discover/dino-directory/_next/image?url=https%3A%2F%2Fwww.nhm.ac.uk%2Fresources%2Fnature-online%2Flife%2Fdinosaurs%2Fdinosaur-directory%2Fimages%2Freconstruction%2Fsmall%2Fpachycephalosaurus.jpg&w=828&q=75,oklch(72.3% 0.219 149.579),,
1765016513-3,dinosaurs-herbivorous,range,Zalmoxes,Zalmoxes,-69000000,-68000000,https://fr.wikipedia.org/wiki/Zalmoxes,https://en.wikipedia.org/wiki/Zalmoxes,https://www.nhm.ac.uk/discover/dino-directory/zalmoxes.html,Natural History Museum,3.0m,https://www.nhm.ac.uk/discover/dino-directory/_next/image?url=https%3A%2F%2Fwww.nhm.ac.uk%2Fresources%2Fnature-online%2Flife%2Fdinosaurs%2Fdinosaur-directory%2Fimages%2Freconstruction%2Fsmall%2FZalmoxes.jpg&w=828&q=75,oklch(72.3% 0.219 149.579),,
1765017124-304,dinosaurs-herbivorous,range,Ankylosaurus,Ankylosaurus,-68000000,-66000000,https://fr.wikipedia.org/wiki/Ankylosaurus,https://en.wikipedia.org/wiki/Ankylosaurus,https://www.nhm.ac.uk/discover/dino-directory/ankylosaurus.html,Natural History Museum,8.0m,https://www.nhm.ac.uk/discover/dino-directory/_next/image?url=https%3A%2F%2Fwww.nhm.ac.uk%2Fresources%2Fnature-online%2Flife%2Fdinosaurs%2Fdinosaur-directory%2Fimages%2Freconstruction%2Fsmall%2Fankylosaurus.jpg&w=828&q=75,oklch(72.3% 0.219 149.579),,
1765016559-26,dinosaurs-herbivorous,range,Triceratops,Triceratops,-68000000,-66000000,https://fr.wikipedia.org/wiki/Triceratops,https://en.wikipedia.org/wiki/Triceratops,https://www.nhm.ac.uk/discover/dino-directory/triceratops.html,Natural History Museum,9.0m,https://www.nhm.ac.uk/discover/dino-directory/_next/image?url=https%3A%2F%2Fwww.nhm.ac.uk%2Fresources%2Fnature-online%2Flife%2Fdinosaurs%2Fdinosaur-directory%2Fimages%2Freconstruction%2Fsmall%2Ftriceratops-ml.jpg&w=828&q=75,oklch(72.3% 0.219 149.579),,
1765016840-164,dinosaurs-herbivorous,range,Leptoceratops,Leptoceratops,-67000000,-66000000,https://fr.wikipedia.org/wiki/Leptoceratops,https://en.wikipedia.org/wiki/Leptoceratops,https://www.nhm.ac.uk/discover/dino-directory/leptoceratops.html,Natural History Museum,3.0m,https://www.nhm.ac.uk/discover/dino-directory/_next/image?url=https%3A%2F%2Fwww.nhm.ac.uk%2Fresources%2Fnature-online%2Flife%2Fdinosaurs%2Fdinosaur-directory%2Fimages%2Freconstruction%2Fsmall%2FLeptoceratops.jpg&w=828&q=75,oklch(72.3% 0.219 149.579),,
1765016590-41,dinosaurs-herbivorous,range,Stygimoloch,Stygimoloch,-67000000,-66000000,https://fr.wikipedia.org/wiki/Stygimoloch,https://en.wikipedia.org/wiki/Stygimoloch,https://www.nhm.ac.uk/discover/dino-directory/stygimoloch.html,Natural History Museum,3.0m,https://www.nhm.ac.uk/discover/dino-directory/_next/image?url=https%3A%2F%2Fwww.nhm.ac.uk%2Fresources%2Fnature-online%2Flife%2Fdinosaurs%2Fdinosaur-directory%2Fimages%2Freconstruction%2Fsmall%2FStygimoloch.jpg&w=828&q=75,oklch(72.3% 0.219 149.579),,
1765016986-236,dinosaurs-herbivorous,range,Dracorex,Dracorex,-67000000,-66000000,https://fr.wikipedia.org/wiki/Dracorex,https://en.wikipedia.org/wiki/Dracorex,https://www.nhm.ac.uk/discover/dino-directory/dracorex.html,Natural History Museum,4.0m,https://www.nhm.ac.uk/discover/dino-directory/_next/image?url=https%3A%2F%2Fwww.nhm.ac.uk%2Fresources%2Fnature-online%2Flife%2Fdinosaurs%2Fdinosaur-directory%2Fimages%2Freconstruction%2Fsmall%2FDracorex.jpg&w=828&q=75,oklch(72.3% 0.219 149.579),,
1765016773-131,dinosaurs-herbivorous,range,Nedoceratops,Nedoceratops,-67000000,-66000000,https://fr.wikipedia.org/wiki/Nedoceratops,https://en.wikipedia.org/wiki/Nedoceratops,https://www.nhm.ac.uk/discover/dino-directory/nedoceratops.html,Natural History Museum,7.0m,https://www.nhm.ac.uk/discover/dino-directory/_next/image?url=https%3A%2F%2Fwww.nhm.ac.uk%2Fresources%2Fnature-online%2Flife%2Fdinosaurs%2Fdinosaur-directory%2Fimages%2Freconstruction%2Fsmall%2FDiceratops.jpg&w=828&q=75,oklch(72.3% 0.219 149.579),,
1765016661-76,dinosaurs-herbivorous or omnivorous,range,Riojasaurus,Riojasaurus,-221000000,-210000000,https://fr.wikipedia.org/wiki/Riojasaurus,https://en.wikipedia.org/wiki/Riojasaurus,https://www.nhm.ac.uk/discover/dino-directory/riojasaurus.html,Natural History Museum,5.2m,https://www.nhm.ac.uk/discover/dino-directory/_next/image?url=https%3A%2F%2Fwww.nhm.ac.uk%2Fresources%2Fnature-online%2Flife%2Fdinosaurs%2Fdinosaur-directory%2Fimages%2Freconstruction%2Fsmall%2FRiojasaurus.jpg&w=828&q=75,oklch(72.3% 0.219 149.579),,
1765016795-142,dinosaurs-omnivorous,range,Melanorosaurus,Melanorosaurus,-227000000,-221000000,https://fr.wikipedia.org/wiki/Melanorosaurus,https://en.wikipedia.org/wiki/Melanorosaurus,https://www.nhm.ac.uk/discover/dino-directory/melanorosaurus.html,Natural History Museum,12.0m,https://www.nhm.ac.uk/discover/dino-directory/_next/image?url=https%3A%2F%2Fwww.nhm.ac.uk%2Fresources%2Fnature-online%2Flife%2Fdinosaurs%2Fdinosaur-directory%2Fimages%2Freconstruction%2Fsmall%2FMelanorosaurus.jpg&w=828&q=75,oklch(76.9% 0.188 70.08),,
1765016570-31,dinosaurs-omnivorous,range,Thecodontosaurus,Thecodontosaurus,-227000000,-205000000,https://fr.wikipedia.org/wiki/Thecodontosaurus,https://en.wikipedia.org/wiki/Thecodontosaurus,https://www.nhm.ac.uk/discover/dino-directory/thecodontosaurus.html,Natural History Museum,2.5m,https://www.nhm.ac.uk/discover/dino-directory/_next/image?url=https%3A%2F%2Fwww.nhm.ac.uk%2Fresources%2Fnature-online%2Flife%2Fdinosaurs%2Fdinosaur-directory%2Fimages%2Freconstruction%2Fsmall%2FThecodontosaurus.jpg&w=828&q=75,oklch(76.9% 0.188 70.08),,
1765017019-252,dinosaurs-omnivorous,range,Coloradisaurus,Coloradisaurus,-221000000,-210000000,https://fr.wikipedia.org/wiki/Coloradisaurus,https://en.wikipedia.org/wiki/Coloradisaurus,https://www.nhm.ac.uk/discover/dino-directory/coloradisaurus.html,Natural History Museum,4.0m,https://www.nhm.ac.uk/discover/dino-directory/_next/image?url=https%3A%2F%2Fwww.nhm.ac.uk%2Fresources%2Fnature-online%2Flife%2Fdinosaurs%2Fdinosaur-directory%2Fimages%2Freconstruction%2Fsmall%2FColoradisaurus.jpg&w=828&q=75,oklch(76.9% 0.188 70.08),,
1765016801-145,dinosaurs-omnivorous,range,Massospondylus,Massospondylus,-208000000,-204000000,https://fr.wikipedia.org/wiki/Massospondylus,https://en.wikipedia.org/wiki/Massospondylus,https://www.nhm.ac.uk/discover/dino-directory/massospondylus.html,Natural History Museum,4.0m,https://www.nhm.ac.uk/discover/dino-directory/_next/image?url=https%3A%2F%2Fwww.nhm.ac.uk%2Fresources%2Fnature-online%2Flife%2Fdinosaurs%2Fdinosaur-directory%2Fimages%2Freconstruction%2Fsmall%2Fmassospon.jpg&w=828&q=75,oklch(76.9% 0.188 70.08),,
1765016517-5,dinosaurs-omnivorous,range,Yunnanosaurus,Yunnanosaurus,-205000000,-190000000,https://fr.wikipedia.org/wiki/Yunnanosaurus,https://en.wikipedia.org/wiki/Yunnanosaurus,https://www.nhm.ac.uk/discover/dino-directory/yunnanosaurus.html,Natural History Museum,7.0m,https://www.nhm.ac.uk/discover/dino-directory/_next/image?url=https%3A%2F%2Fwww.nhm.ac.uk%2Fresources%2Fnature-online%2Flife%2Fdinosaurs%2Fdinosaur-directory%2Fimages%2Freconstruction%2Fsmall%2FYunnanosaurus.jpg&w=828&q=75,oklch(76.9% 0.188 70.08),,
1765017073-279,dinosaurs-omnivorous,range,Beipiaosaurus,Beipiaosaurus,-127000000,-121000000,https://fr.wikipedia.org/wiki/Beipiaosaurus,https://en.wikipedia.org/wiki/Beipiaosaurus,https://www.nhm.ac.uk/discover/dino-directory/beipiaosaurus.html,Natural History Museum,2.0m,https://www.nhm.ac.uk/discover/dino-directory/_next/image?url=https%3A%2F%2Fwww.nhm.ac.uk%2Fresources%2Fnature-online%2Flife%2Fdinosaurs%2Fdinosaur-directory%2Fimages%2Freconstruction%2Fsmall%2FBeipiaosaurus.jpg&w=828&q=75,oklch(76.9% 0.188 70.08),,
1765017051-268,dinosaurs-omnivorous,range,Caudipteryx,Caudipteryx,-125000000,-122000000,https://fr.wikipedia.org/wiki/Caudipteryx,https://en.wikipedia.org/wiki/Caudipteryx,https://www.nhm.ac.uk/discover/dino-directory/caudipteryx.html,Natural History Museum,1.0m,https://www.nhm.ac.uk/discover/dino-directory/_next/image?url=https%3A%2F%2Fwww.nhm.ac.uk%2Fresources%2Fnature-online%2Flife%2Fdinosaurs%2Fdinosaur-directory%2Fimages%2Freconstruction%2Fsmall%2Fcaudip.jpg&w=828&q=75,oklch(76.9% 0.188 70.08),,
1765016895-191,dinosaurs-omnivorous,range,Harpymimus,Harpymimus,-121000000,-99000000,https://fr.wikipedia.org/wiki/Harpymimus,https://en.wikipedia.org/wiki/Harpymimus,https://www.nhm.ac.uk/discover/dino-directory/harpymimus.html,Natural History Museum,2.0m,https://www.nhm.ac.uk/discover/dino-directory/_next/image?url=https%3A%2F%2Fwww.nhm.ac.uk%2Fresources%2Fnature-online%2Flife%2Fdinosaurs%2Fdinosaur-directory%2Fimages%2Freconstruction%2Fsmall%2FHarpymimus.jpg&w=828&q=75,oklch(76.9% 0.188 70.08),,
1765016949-218,dinosaurs-omnivorous,range,Erlikosaurus,Erlikosaurus,-99000000,-89000000,https://fr.wikipedia.org/wiki/Erlikosaurus,https://en.wikipedia.org/wiki/Erlikosaurus,https://www.nhm.ac.uk/discover/dino-directory/erlikosaurus.html,Natural History Museum,3.4m,https://www.nhm.ac.uk/discover/dino-directory/_next/image?url=https%3A%2F%2Fwww.nhm.ac.uk%2Fresources%2Fnature-online%2Flife%2Fdinosaurs%2Fdinosaur-directory%2Fimages%2Freconstruction%2Fsmall%2FErlikosaurus.jpg&w=828&q=75,oklch(76.9% 0.188 70.08),,
1765016931-209,dinosaurs-omnivorous,range,Garudimimus,Garudimimus,-99000000,-89000000,https://fr.wikipedia.org/wiki/Garudimimus,https://en.wikipedia.org/wiki/Garudimimus,https://www.nhm.ac.uk/discover/dino-directory/garudimimus.html,Natural History Museum,4.7m,https://www.nhm.ac.uk/discover/dino-directory/_next/image?url=https%3A%2F%2Fwww.nhm.ac.uk%2Fresources%2Fnature-online%2Flife%2Fdinosaurs%2Fdinosaur-directory%2Fimages%2Freconstruction%2Fsmall%2FGarudimimus.jpg&w=828&q=75,oklch(76.9% 0.188 70.08),,
1765016921-204,dinosaurs-omnivorous,range,Gigantoraptor,Gigantoraptor,-96000000,-95000000,https://fr.wikipedia.org/wiki/Gigantoraptor,https://en.wikipedia.org/wiki/Gigantoraptor,https://www.nhm.ac.uk/discover/dino-directory/gigantoraptor.html,Natural History Museum,8.0m,https://www.nhm.ac.uk/discover/dino-directory/_next/image?url=https%3A%2F%2Fwww.nhm.ac.uk%2Fresources%2Fnature-online%2Flife%2Fdinosaurs%2Fdinosaur-directory%2Fimages%2Freconstruction%2Fsmall%2Fgigantoraptor.jpg&w=828&q=75,oklch(76.9% 0.188 70.08),,
1765016754-122,dinosaurs-omnivorous,range,Nothronychus,Nothronychus,-94000000,-89000000,https://fr.wikipedia.org/wiki/Nothronychus,https://en.wikipedia.org/wiki/Nothronychus,https://www.nhm.ac.uk/discover/dino-directory/nothronychus.html,Natural History Museum,5.3m,https://www.nhm.ac.uk/discover/dino-directory/_next/image?url=https%3A%2F%2Fwww.nhm.ac.uk%2Fresources%2Fnature-online%2Flife%2Fdinosaurs%2Fdinosaur-directory%2Fimages%2Freconstruction%2Fsmall%2FNothronychus.jpg&w=828&q=75,oklch(76.9% 0.188 70.08),,
1765016734-112,dinosaurs-omnivorous,range,Oviraptor,Oviraptor,-85000000,-75000000,https://fr.wikipedia.org/wiki/Oviraptor,https://en.wikipedia.org/wiki/Oviraptor,https://www.nhm.ac.uk/discover/dino-directory/oviraptor.html,Natural History Museum,2.0m,https://www.nhm.ac.uk/discover/dino-directory/_next/image?url=https%3A%2F%2Fwww.nhm.ac.uk%2Fresources%2Fnature-online%2Flife%2Fdinosaurs%2Fdinosaur-directory%2Fimages%2Freconstruction%2Fsmall%2Foviraps.jpg&w=828&q=75,oklch(76.9% 0.188 70.08),,
1765016775-132,dinosaurs-omnivorous,range,Nanshiungosaurus,Nanshiungosaurus,-84000000,-71000000,https://fr.wikipedia.org/wiki/Nanshiungosaurus,https://en.wikipedia.org/wiki/Nanshiungosaurus,https://www.nhm.ac.uk/discover/dino-directory/nanshiungosaurus.html,Natural History Museum,4.4m,https://www.nhm.ac.uk/discover/dino-directory/_next/image?url=https%3A%2F%2Fwww.nhm.ac.uk%2Fresources%2Fnature-online%2Flife%2Fdinosaurs%2Fdinosaur-directory%2Fimages%2Freconstruction%2Fsmall%2FNanshiungosaurus.jpg&w=828&q=75,oklch(76.9% 0.188 70.08),,
1765017025-255,dinosaurs-omnivorous,range,Citipati,Citipati,-81000000,-75000000,https://fr.wikipedia.org/wiki/Citipati,https://en.wikipedia.org/wiki/Citipati,https://www.nhm.ac.uk/discover/dino-directory/citipati.html,Natural History Museum,2.1m,https://www.nhm.ac.uk/discover/dino-directory/_next/image?url=https%3A%2F%2Fwww.nhm.ac.uk%2Fresources%2Fnature-online%2Flife%2Fdinosaurs%2Fdinosaur-directory%2Fimages%2Freconstruction%2Fsmall%2FCitipati.jpg&w=828&q=75,oklch(76.9% 0.188 70.08),,
1765016852-170,dinosaurs-omnivorous,range,Khaan,Khaan,-81000000,-75000000,https://fr.wikipedia.org/wiki/Khaan,https://en.wikipedia.org/wiki/Khaan,https://www.nhm.ac.uk/discover/dino-directory/khaan.html,Natural History Museum,1.8m,https://www.nhm.ac.uk/discover/dino-directory/_next/image?url=https%3A%2F%2Fwww.nhm.ac.uk%2Fresources%2Fnature-online%2Flife%2Fdinosaurs%2Fdinosaur-directory%2Fimages%2Freconstruction%2Fsmall%2FKhaan.jpg&w=828&q=75,oklch(76.9% 0.188 70.08),,
1765017090-287,dinosaurs-omnivorous,range,Avimimus,Avimimus,-80000000,-75000000,https://fr.wikipedia.org/wiki/Avimimus,https://en.wikipedia.org/wiki/Avimimus,https://www.nhm.ac.uk/discover/dino-directory/avimimus.html,Natural History Museum,1.5m,https://www.nhm.ac.uk/discover/dino-directory/_next/image?url=https%3A%2F%2Fwww.nhm.ac.uk%2Fresources%2Fnature-online%2Flife%2Fdinosaurs%2Fdinosaur-directory%2Fimages%2Freconstruction%2Fsmall%2Favim.jpg&w=828&q=75,oklch(76.9% 0.188 70.08),,
1765017031-258,dinosaurs-omnivorous,range,Chirostenotes,Chirostenotes,-79000000,-67000000,https://fr.wikipedia.org/wiki/Chirostenotes,https://en.wikipedia.org/wiki/Chirostenotes,https://www.nhm.ac.uk/discover/dino-directory/chirostenotes.html,Natural History Museum,1.7m,https://www.nhm.ac.uk/discover/dino-directory/_next/image?url=https%3A%2F%2Fwww.nhm.ac.uk%2Fresources%2Fnature-online%2Flife%2Fdinosaurs%2Fdinosaur-directory%2Fimages%2Freconstruction%2Fsmall%2FChirostenotes.jpg&w=828&q=75,oklch(76.9% 0.188 70.08),,
1765016557-25,dinosaurs-omnivorous,range,Troodon,Troodon,-79000000,-75000000,https://fr.wikipedia.org/wiki/Troodon,https://en.wikipedia.org/wiki/Troodon,https://www.nhm.ac.uk/discover/dino-directory/troodon.html,Natural History Museum,,https://www.nhm.ac.uk/discover/dino-directory/_next/image?url=https%3A%2F%2Fwww.nhm.ac.uk%2Fresources%2Fnature-online%2Flife%2Fdinosaurs%2Fdinosaur-directory%2Fimages%2Freconstruction%2Fsmall%2Ftroodon.jpg&w=828&q=75,oklch(76.9% 0.188 70.08),,
1765016598-45,dinosaurs-omnivorous,range,Stenonychosaurus,Stenonychosaurus,-77000000,-74000000,https://fr.wikipedia.org/wiki/Stenonychosaurus,https://en.wikipedia.org/wiki/Stenonychosaurus,https://www.nhm.ac.uk/discover/dino-directory/stenonychosaurus.html,Natural History Museum,2.5m,https://www.nhm.ac.uk/discover/dino-directory/_next/image?url=https%3A%2F%2Fwww.nhm.ac.uk%2Fresources%2Fnature-online%2Flife%2Fdinosaurs%2Fdinosaur-directory%2Fimages%2Freconstruction%2Fsmall%2Fstenonychosaurus.jpg&w=828&q=75,oklch(76.9% 0.188 70.08),,
1765016594-43,dinosaurs-omnivorous,range,Struthiomimus,Struthiomimus,-76000000,-74000000,https://fr.wikipedia.org/wiki/Struthiomimus,https://en.wikipedia.org/wiki/Struthiomimus,https://www.nhm.ac.uk/discover/dino-directory/struthiomimus.html,Natural History Museum,4.0m,https://www.nhm.ac.uk/discover/dino-directory/_next/image?url=https%3A%2F%2Fwww.nhm.ac.uk%2Fresources%2Fnature-online%2Flife%2Fdinosaurs%2Fdinosaur-directory%2Fimages%2Freconstruction%2Fsmall%2Fstruthio.jpg&w=828&q=75,oklch(76.9% 0.188 70.08),,
1765016899-193,dinosaurs-omnivorous,range,Hagryphus,Hagryphus,-75000000,-74000000,https://fr.wikipedia.org/wiki/Hagryphus,https://en.wikipedia.org/wiki/Hagryphus,https://www.nhm.ac.uk/discover/dino-directory/hagryphus.html,Natural History Museum,3.0m,https://www.nhm.ac.uk/discover/dino-directory/_next/image?url=https%3A%2F%2Fwww.nhm.ac.uk%2Fresources%2Fnature-online%2Flife%2Fdinosaurs%2Fdinosaur-directory%2Fimages%2Freconstruction%2Fsmall%2FHagryphus.jpg&w=828&q=75,oklch(76.9% 0.188 70.08),,
1765016624-58,dinosaurs-omnivorous,range,Shuvuuia,Shuvuuia,-75000000,-81000000,https://fr.wikipedia.org/wiki/Shuvuuia,https://en.wikipedia.org/wiki/Shuvuuia,https://www.nhm.ac.uk/discover/dino-directory/shuvuuia.html,Natural History Museum,0.6m,https://www.nhm.ac.uk/discover/dino-directory/_next/image?url=https%3A%2F%2Fwww.nhm.ac.uk%2Fresources%2Fnature-online%2Flife%2Fdinosaurs%2Fdinosaur-directory%2Fimages%2Freconstruction%2Fsmall%2FShuvuuia.jpg&w=828&q=75,oklch(76.9% 0.188 70.08),,
1765016980-233,dinosaurs-omnivorous,range,Dromiceiomimus,Dromiceiomimus,-74000000,-70000000,https://fr.wikipedia.org/wiki/Dromiceiomimus,https://en.wikipedia.org/wiki/Dromiceiomimus,https://www.nhm.ac.uk/discover/dino-directory/dromiceiomimus.html,Natural History Museum,3.5m,https://www.nhm.ac.uk/discover/dino-directory/_next/image?url=https%3A%2F%2Fwww.nhm.ac.uk%2Fresources%2Fnature-online%2Flife%2Fdinosaurs%2Fdinosaur-directory%2Fimages%2Freconstruction%2Fsmall%2Fdromic.jpg&w=828&q=75,oklch(76.9% 0.188 70.08),,
1765016744-117,dinosaurs-omnivorous,range,Ornithomimus,Ornithomimus,-74000000,-66000000,https://fr.wikipedia.org/wiki/Ornithomimus,https://en.wikipedia.org/wiki/Ornithomimus,https://www.nhm.ac.uk/discover/dino-directory/ornithomimus.html,Natural History Museum,4.0m,https://www.nhm.ac.uk/discover/dino-directory/_next/image?url=https%3A%2F%2Fwww.nhm.ac.uk%2Fresources%2Fnature-online%2Flife%2Fdinosaurs%2Fdinosaur-directory%2Fimages%2Freconstruction%2Fsmall%2Fornithom.jpg&w=828&q=75,oklch(76.9% 0.188 70.08),,
1765016887-187,dinosaurs-omnivorous,range,Heyuannia,Heyuannia,-72000000,-68000000,https://fr.wikipedia.org/wiki/Heyuannia,https://en.wikipedia.org/wiki/Heyuannia,https://www.nhm.ac.uk/discover/dino-directory/heyuannia.html,Natural History Museum,2.0m,https://www.nhm.ac.uk/discover/dino-directory/_next/image?url=https%3A%2F%2Fwww.nhm.ac.uk%2Fresources%2Fnature-online%2Flife%2Fdinosaurs%2Fdinosaur-directory%2Fimages%2Freconstruction%2Fsmall%2Fheyuannia.jpg&w=828&q=75,oklch(76.9% 0.188 70.08),,
1765016756-123,dinosaurs-omnivorous,range,Nomingia,Nomingia,-72000000,-68000000,https://fr.wikipedia.org/wiki/Nomingia,https://en.wikipedia.org/wiki/Nomingia,https://www.nhm.ac.uk/discover/dino-directory/nomingia.html,Natural History Museum,1.6m,https://www.nhm.ac.uk/discover/dino-directory/_next/image?url=https%3A%2F%2Fwww.nhm.ac.uk%2Fresources%2Fnature-online%2Flife%2Fdinosaurs%2Fdinosaur-directory%2Fimages%2Freconstruction%2Fsmall%2FNomingia.jpg&w=828&q=75,oklch(76.9% 0.188 70.08),,
1765016663-77,dinosaurs-omnivorous,range,Rinchenia,Rinchenia,-72000000,-68000000,https://fr.wikipedia.org/wiki/Rinchenia,https://en.wikipedia.org/wiki/Rinchenia,https://www.nhm.ac.uk/discover/dino-directory/rinchenia.html,Natural History Museum,2.5m,https://www.nhm.ac.uk/discover/dino-directory/_next/image?url=https%3A%2F%2Fwww.nhm.ac.uk%2Fresources%2Fnature-online%2Flife%2Fdinosaurs%2Fdinosaur-directory%2Fimages%2Freconstruction%2Fsmall%2FRinchenia.jpg&w=828&q=75,oklch(76.9% 0.188 70.08),,
1765016998-242,dinosaurs-omnivorous,range,Deinocheirus,Deinocheirus,-70000000,-66000000,https://fr.wikipedia.org/wiki/Deinocheirus,https://en.wikipedia.org/wiki/Deinocheirus,https://www.nhm.ac.uk/discover/dino-directory/deinocheirus.html,Natural History Museum,10.0m,https://www.nhm.ac.uk/discover/dino-directory/_next/image?url=https%3A%2F%2Fwww.nhm.ac.uk%2Fresources%2Fnature-online%2Flife%2Fdinosaurs%2Fdinosaur-directory%2Fimages%2Freconstruction%2Fsmall%2Fdeinoc.jpg&w=828&q=75,oklch(76.9% 0.188 70.08),,
1765016935-211,dinosaurs-omnivorous,range,Gallimimus,Gallimimus,-70000000,-69000000,https://fr.wikipedia.org/wiki/Gallimimus,https://en.wikipedia.org/wiki/Gallimimus,https://www.nhm.ac.uk/discover/dino-directory/gallimimus.html,Natural History Museum,6.0m,https://www.nhm.ac.uk/discover/dino-directory/_next/image?url=https%3A%2F%2Fwww.nhm.ac.uk%2Fresources%2Fnature-online%2Flife%2Fdinosaurs%2Fdinosaur-directory%2Fimages%2Freconstruction%2Fsmall%2Fgallimimus.jpg&w=828&q=75,oklch(76.9% 0.188 70.08),,
dinosaurs-extinctions,dinosaurs,point,Extinction Crétacé-Paléogène,Cretaceous–Paleogene extinction event,-66000000,,https://fr.wikipedia.org/wiki/Extinction_Cr%C3%A9tac%C3%A9-Pal%C3%A9og%C3%A8ne,https://en.wikipedia.org/wiki/Cretaceous%E2%80%93Paleogene_extinction_event,,,,,,,oklch(64.5% 0.246 16.439)